iso_code,country,year,co2_per_capita,cumulative_co2,methane_per_capita,cement_co2_per_capita,share_of_temperature_change_from_ghg,co2_growth_prct
AFG,Afghanistan,2000,0.052,72.449,0.483,0.001,0.078,-4.078
AFG,Afghanistan,2001,0.053,73.519,0.413,0.000,0.077,2.098
AFG,Afghanistan,2002,0.063,74.860,0.485,0.001,0.077,25.439
AFG,Afghanistan,2003,0.069,76.419,0.470,0.000,0.076,16.302
AFG,Afghanistan,2004,0.053,77.657,0.452,0.000,0.076,-20.673
AFG,Afghanistan,2005,0.077,79.546,0.447,0.000,0.075,52.719
AFG,Afghanistan,2006,0.085,81.705,0.437,0.000,0.075,14.279
AFG,Afghanistan,2007,0.108,84.505,0.442,0.000,0.075,29.666
AFG,Afghanistan,2008,0.161,88.760,0.478,0.001,0.075,51.951
AFG,Afghanistan,2009,0.233,95.148,0.474,0.000,0.076,50.153
AFG,Afghanistan,2010,0.296,103.513,0.526,0.001,0.076,30.941
AFG,Afghanistan,2011,0.389,114.922,0.523,0.000,0.077,36.400
AFG,Afghanistan,2012,0.318,124.654,0.495,0.001,0.077,-14.711
AFG,Afghanistan,2013,0.281,133.545,0.480,0.001,0.078,-8.630
AFG,Afghanistan,2014,0.265,142.243,0.474,0.001,0.078,-2.179
AFG,Afghanistan,2015,0.277,151.627,0.438,0.001,0.079,7.896
AFG,Afghanistan,2016,0.248,160.233,0.427,0.002,0.079,-8.295
AFG,Afghanistan,2017,0.261,169.544,0.414,0.001,0.079,8.193
AFG,Afghanistan,2018,0.277,179.736,0.413,0.002,0.079,9.456
AFG,Afghanistan,2019,0.275,190.136,0.402,0.001,0.079,2.047
AFG,Afghanistan,2020,0.285,201.254,0.390,0.002,0.079,6.909
AFG,Afghanistan,2021,0.247,211.123,0.386,0.000,0.080,-11.240
AFG,Afghanistan,2022,0.251,221.293,0.396,0.000,0.080,3.050
AFG,Afghanistan,2023,0.254,231.809,0.395,0.000,0.080,3.406
AFG,Afghanistan,2024,0.254,242.635,0.390,0.000,0.080,2.945
ALB,Albania,2000,0.955,197.046,1.115,0.030,0.035,1.297
ALB,Albania,2001,1.023,200.266,1.103,0.000,0.034,6.471
ALB,Albania,2002,1.196,204.015,1.095,0.000,0.034,16.382
ALB,Albania,2003,1.380,208.318,1.106,0.097,0.033,14.813
ALB,Albania,2004,1.348,212.495,1.090,0.097,0.033,-2.947
ALB,Albania,2005,1.385,216.756,1.093,0.083,0.032,2.029
ALB,Albania,2006,1.282,220.667,1.091,0.090,0.032,-8.230
ALB,Albania,2007,1.324,224.671,1.061,0.155,0.032,2.375
ALB,Albania,2008,1.486,229.119,1.013,0.162,0.031,11.109
ALB,Albania,2009,1.476,233.489,0.987,0.198,0.031,-1.763
ALB,Albania,2010,1.645,238.306,1.009,0.286,0.030,10.227
ALB,Albania,2011,1.778,243.481,1.000,0.335,0.030,7.445
ALB,Albania,2012,1.694,248.411,1.023,0.357,0.030,-4.742
ALB,Albania,2013,1.839,253.757,1.034,0.388,0.029,8.440
ALB,Albania,2014,2.091,259.830,1.055,0.360,0.029,13.587
ALB,Albania,2015,1.626,264.542,1.073,0.329,0.029,-22.402
ALB,Albania,2016,1.572,269.097,1.058,0.304,0.028,-3.334
ALB,Albania,2017,1.844,274.441,1.055,0.349,0.028,17.316
ALB,Albania,2018,1.795,279.635,1.063,0.321,0.028,-2.787
ALB,Albania,2019,1.712,284.576,0.984,0.322,0.027,-4.896
ALB,Albania,2020,1.694,289.441,0.916,0.460,0.027,-1.528
ALB,Albania,2021,1.803,294.578,0.907,0.460,0.027,5.590
ALB,Albania,2022,1.591,299.076,0.860,0.321,0.026,-12.434
ALB,Albania,2023,1.571,303.494,0.818,0.322,0.026,-1.800
ALB,Albania,2024,1.592,307.938,0.779,0.325,0.026,0.614
DZA,Algeria,2000,2.736,2110.230,2.131,0.095,0.317,-6.688
DZA,Algeria,2001,2.745,2196.249,1.824,0.094,0.318,1.735
DZA,Algeria,2002,2.824,2285.907,1.666,0.095,0.318,4.231
DZA,Algeria,2003,2.924,2379.985,1.855,0.110,0.320,4.929
DZA,Algeria,2004,2.784,2470.838,1.764,0.124,0.320,-3.428
DZA,Algeria,2005,3.309,2580.402,1.747,0.128,0.321,20.596
DZA,Algeria,2006,3.087,2684.200,1.852,0.132,0.321,-5.263
DZA,Algeria,2007,3.146,2791.749,1.691,0.136,0.321,3.614
DZA,Algeria,2008,3.119,2900.344,1.756,0.146,0.322,0.974
DZA,Algeria,2009,3.278,3016.673,1.540,0.160,0.321,7.120
DZA,Algeria,2010,3.257,3134.520,1.650,0.214,0.321,1.306
DZA,Algeria,2011,3.380,3259.235,1.625,0.210,0.321,5.828
DZA,Algeria,2012,3.602,3394.829,1.607,0.200,0.321,8.722
DZA,Algeria,2013,3.684,3536.363,1.557,0.206,0.321,4.381
DZA,Algeria,2014,3.888,3688.798,1.601,0.206,0.321,7.702
DZA,Algeria,2015,4.006,3849.119,1.569,0.206,0.321,5.174
DZA,Algeria,2016,3.875,4007.427,1.578,0.219,0.321,-1.256
DZA,Algeria,2017,3.964,4172.679,1.535,0.242,0.322,4.386
DZA,Algeria,2018,4.104,4347.141,1.507,0.268,0.323,5.573
DZA,Algeria,2019,4.214,4529.565,1.468,0.290,0.325,4.565
DZA,Algeria,2020,3.886,4700.704,1.372,0.270,0.325,-6.187
DZA,Algeria,2021,4.067,4882.740,1.461,0.266,0.327,6.368
DZA,Algeria,2022,4.239,5075.519,1.486,0.282,0.330,5.901
DZA,Algeria,2023,4.394,5278.365,1.457,0.278,0.332,5.223
DZA,Algeria,2024,4.234,5476.568,1.478,0.274,0.335,-2.289
AND,Andorra,2000,7.975,4.891,1.414,0.000,0.001,2.143
AND,Andorra,2001,7.954,5.415,1.402,0.000,0.001,0.000
AND,Andorra,2002,7.986,5.947,1.372,0.000,0.001,1.399
AND,Andorra,2003,7.696,6.482,1.344,0.000,0.001,0.690
AND,Andorra,2004,7.590,7.046,1.320,0.000,0.001,5.479
AND,Andorra,2005,7.476,7.625,1.294,0.000,0.001,2.597
AND,Andorra,2006,6.858,8.171,1.271,0.000,0.001,-5.696
AND,Andorra,2007,6.576,8.709,1.270,0.000,0.001,-1.342
AND,Andorra,2008,6.449,9.248,1.268,0.000,0.001,0.000
AND,Andorra,2009,6.157,9.765,1.244,0.000,0.001,-4.082
AND,Andorra,2010,6.400,10.281,1.246,0.000,0.001,0.000
AND,Andorra,2011,6.311,10.772,1.204,0.000,0.001,-4.965
AND,Andorra,2012,6.340,11.259,1.189,0.000,0.001,-0.746
AND,Andorra,2013,6.332,11.736,1.179,0.000,0.001,-2.256
AND,Andorra,2014,6.259,12.197,1.157,0.000,0.001,-3.077
AND,Andorra,2015,6.445,12.663,1.137,0.000,0.001,0.794
AND,Andorra,2016,6.547,13.135,1.134,0.000,0.001,1.575
AND,Andorra,2017,6.406,13.608,1.127,0.000,0.001,0.000
AND,Andorra,2018,6.628,14.106,1.124,0.000,0.001,5.426
AND,Andorra,2019,6.419,14.597,1.083,0.000,0.001,-1.471
AND,Andorra,2020,4.876,14.975,1.038,0.000,0.001,-23.134
AND,Andorra,2021,5.282,15.389,1.018,0.000,0.001,9.709
AND,Andorra,2022,5.311,15.812,0.987,0.000,0.001,2.265
AND,Andorra,2023,5.170,16.230,0.972,0.000,0.001,-1.254
AND,Andorra,2024,5.182,16.655,0.940,0.000,0.001,1.570
AGO,Angola,2000,0.988,236.513,3.555,0.005,0.308,-7.335
AGO,Angola,2001,0.950,252.421,3.346,0.013,0.313,-0.542
AGO,Angola,2002,0.928,268.501,3.229,0.014,0.319,1.078
AGO,Angola,2003,0.974,285.985,3.175,0.016,0.323,8.734
AGO,Angola,2004,0.915,303.001,3.329,0.016,0.329,-2.681
AGO,Angola,2005,0.798,318.388,3.182,0.027,0.334,-9.573
AGO,Angola,2006,0.857,335.533,2.578,0.027,0.337,11.425
AGO,Angola,2007,0.846,353.121,2.417,0.026,0.340,2.584
AGO,Angola,2008,0.869,371.871,2.334,0.032,0.345,6.608
AGO,Angola,2009,0.922,392.539,2.206,0.031,0.349,10.230
AGO,Angola,2010,0.987,415.523,2.374,0.025,0.353,11.201
AGO,Angola,2011,0.966,438.920,2.217,0.032,0.356,1.800
AGO,Angola,2012,1.030,464.861,2.124,0.046,0.359,10.873
AGO,Angola,2013,0.983,490.570,2.081,0.060,0.361,-0.891
AGO,Angola,2014,0.961,516.662,1.959,0.073,0.362,1.487
AGO,Angola,2015,0.977,544.168,1.983,0.072,0.363,5.416
AGO,Angola,2016,0.873,569.633,1.879,0.051,0.362,-7.415
AGO,Angola,2017,0.781,593.234,1.751,0.033,0.361,-7.322
AGO,Angola,2018,0.744,616.512,1.558,0.032,0.358,-1.368
AGO,Angola,2019,0.686,638.722,1.527,0.035,0.355,-4.588
AGO,Angola,2020,0.495,655.272,1.409,0.032,0.352,-25.487
AGO,Angola,2021,0.557,674.490,1.310,0.031,0.349,16.129
AGO,Angola,2022,0.592,695.579,1.279,0.032,0.346,9.732
AGO,Angola,2023,0.590,717.254,1.231,0.031,0.343,2.778
AGO,Angola,2024,0.589,739.588,1.149,0.030,0.339,3.039
AIA,Anguilla,2000,7.200,0.634,,0.000,0.000,15.789
AIA,Anguilla,2001,7.330,0.718,,0.000,0.000,4.545
AIA,Anguilla,2002,7.194,0.802,,0.000,0.000,0.000
AIA,Anguilla,2003,7.388,0.890,,0.000,0.000,4.348
AIA,Anguilla,2004,8.181,0.989,,0.000,0.000,12.500
AIA,Anguilla,2005,8.944,1.099,,0.000,0.000,11.111
AIA,Anguilla,2006,9.678,1.220,,0.000,0.000,10.000
AIA,Anguilla,2007,9.811,1.345,,0.000,0.000,3.030
AIA,Anguilla,2008,9.649,1.469,,0.000,0.000,0.000
AIA,Anguilla,2009,9.482,1.594,,0.000,0.000,0.000
AIA,Anguilla,2010,9.590,1.722,,0.000,0.000,2.941
AIA,Anguilla,2011,9.165,1.847,,0.000,0.000,-2.857
AIA,Anguilla,2012,9.023,1.968,,0.000,0.000,-2.941
AIA,Anguilla,2013,8.558,2.081,,0.000,0.000,-6.061
AIA,Anguilla,2014,8.795,2.202,,0.000,0.000,6.452
AIA,Anguilla,2015,9.524,2.338,,0.000,0.000,12.121
AIA,Anguilla,2016,9.707,2.477,,0.000,0.000,2.703
AIA,Anguilla,2017,8.875,2.605,,0.000,0.000,-7.895
AIA,Anguilla,2018,8.944,2.737,,0.000,0.000,2.857
AIA,Anguilla,2019,9.626,2.880,,0.000,0.000,8.333
AIA,Anguilla,2020,9.121,3.015,,0.000,0.000,-5.128
AIA,Anguilla,2021,9.600,3.155,,0.000,0.000,2.703
AIA,Anguilla,2022,10.062,3.298,,0.000,0.000,2.632
AIA,Anguilla,2023,9.879,3.440,,0.000,0.000,-0.202
AIA,Anguilla,2024,10.127,3.588,,0.000,0.000,3.841
ATA,Antarctica,2000,,0.110,,,0.000,0.000
ATA,Antarctica,2001,,0.114,,,0.000,0.000
ATA,Antarctica,2002,,0.117,,,0.000,0.000
ATA,Antarctica,2003,,0.121,,,0.000,0.000
ATA,Antarctica,2004,,0.128,,,0.000,100.000
ATA,Antarctica,2005,,0.136,,,0.000,0.000
ATA,Antarctica,2006,,0.143,,,0.000,0.000
ATA,Antarctica,2007,,0.154,,,0.000,50.000
ATA,Antarctica,2008,,0.154,,,0.000,-100.000
ATA,Antarctica,2009,,0.154,,,0.000,
ATA,Antarctica,2010,,0.154,,,0.000,
ATA,Antarctica,2011,,0.154,,,0.000,
ATA,Antarctica,2012,,0.154,,,0.000,
ATA,Antarctica,2013,,0.154,,,0.000,
ATA,Antarctica,2014,,0.154,,,0.000,
ATA,Antarctica,2015,,0.154,,,0.000,
ATA,Antarctica,2016,,0.154,,,0.000,
ATA,Antarctica,2017,,0.154,,,0.000,
ATA,Antarctica,2018,,0.154,,,0.000,
ATA,Antarctica,2019,,0.154,,,0.000,
ATA,Antarctica,2020,,0.154,,,0.000,
ATA,Antarctica,2021,,0.154,,,0.000,
ATA,Antarctica,2022,,0.154,,,0.000,
ATA,Antarctica,2023,,0.154,,,0.000,
ATA,Antarctica,2024,,0.154,,,0.000,
ATG,Antigua and Barbuda,2000,4.743,13.633,1.049,0.000,0.001,3.191
ATG,Antigua and Barbuda,2001,4.912,14.006,1.035,0.000,0.001,5.155
ATG,Antigua and Barbuda,2002,5.231,14.409,1.023,0.000,0.001,7.843
ATG,Antigua and Barbuda,2003,5.550,14.842,1.016,0.000,0.001,7.273
ATG,Antigua and Barbuda,2004,5.724,15.292,1.011,0.000,0.001,4.237
ATG,Antigua and Barbuda,2005,6.028,15.772,0.998,0.000,0.001,6.504
ATG,Antigua and Barbuda,2006,6.408,16.289,0.992,0.000,0.001,7.634
ATG,Antigua and Barbuda,2007,6.546,16.824,0.976,0.000,0.001,3.546
ATG,Antigua and Barbuda,2008,6.495,17.362,0.977,0.000,0.001,0.685
ATG,Antigua and Barbuda,2009,6.615,17.919,0.919,0.000,0.001,3.401
ATG,Antigua and Barbuda,2010,6.440,18.469,0.687,0.000,0.001,-1.316
ATG,Antigua and Barbuda,2011,6.322,19.015,0.673,0.000,0.001,-0.667
ATG,Antigua and Barbuda,2012,6.381,19.572,0.666,0.000,0.001,2.013
ATG,Antigua and Barbuda,2013,6.323,20.129,0.659,0.000,0.001,0.000
ATG,Antigua and Barbuda,2014,6.397,20.697,0.656,0.000,0.001,1.974
ATG,Antigua and Barbuda,2015,6.474,21.276,0.653,0.000,0.001,1.935
ATG,Antigua and Barbuda,2016,6.597,21.869,0.654,0.000,0.001,2.532
ATG,Antigua and Barbuda,2017,6.641,22.470,0.655,0.000,0.001,1.235
ATG,Antigua and Barbuda,2018,6.769,23.086,0.645,0.000,0.001,2.439
ATG,Antigua and Barbuda,2019,6.977,23.723,0.622,0.000,0.001,3.571
ATG,Antigua and Barbuda,2020,6.701,24.339,0.616,0.000,0.001,-3.448
ATG,Antigua and Barbuda,2021,6.863,24.973,0.614,0.000,0.001,2.976
ATG,Antigua and Barbuda,2022,6.913,25.614,0.611,0.000,0.001,1.256
ATG,Antigua and Barbuda,2023,6.863,26.255,0.603,0.000,0.001,-0.202
ATG,Antigua and Barbuda,2024,7.092,26.920,0.601,0.000,0.001,3.842
ARG,Argentina,2000,3.852,4958.503,3.061,0.071,1.061,-3.364
ARG,Argentina,2001,3.588,5093.508,3.006,0.062,1.054,-5.825
ARG,Argentina,2002,3.285,5218.438,3.066,0.045,1.051,-7.462
ARG,Argentina,2003,3.498,5352.858,3.227,0.058,1.050,7.597
ARG,Argentina,2004,4.051,5510.094,3.225,0.074,1.050,16.972
ARG,Argentina,2005,4.124,5671.822,3.138,0.086,1.050,2.857
ARG,Argentina,2006,4.400,5846.164,3.166,0.096,1.051,7.799
ARG,Argentina,2007,4.342,6019.927,3.063,0.104,1.048,-0.332
ARG,Argentina,2008,4.641,6207.523,2.969,0.105,1.044,7.960
ARG,Argentina,2009,4.366,6385.901,2.797,0.098,1.044,-4.913
ARG,Argentina,2010,4.508,6572.022,2.555,0.105,1.039,4.341
ARG,Argentina,2011,4.550,6761.906,2.503,0.112,1.034,2.022
ARG,Argentina,2012,4.547,6953.621,2.550,0.108,1.028,0.964
ARG,Argentina,2013,4.451,7143.146,2.567,0.107,1.021,-1.142
ARG,Argentina,2014,4.382,7331.685,2.567,0.104,1.015,-0.520
ARG,Argentina,2015,4.412,7523.493,2.529,0.107,1.008,1.734
ARG,Argentina,2016,4.328,7713.514,2.547,0.094,1.003,-0.932
ARG,Argentina,2017,4.224,7900.582,2.617,0.102,0.997,-1.554
ARG,Argentina,2018,4.087,8083.065,2.584,0.102,0.992,-2.451
ARG,Argentina,2019,4.012,8263.493,2.572,0.096,0.987,-1.127
ARG,Argentina,2020,3.643,8428.105,2.547,0.081,0.982,-8.765
ARG,Argentina,2021,4.197,8618.303,2.488,0.107,0.978,15.542
ARG,Argentina,2022,4.047,8802.070,2.540,0.116,0.973,-3.380
ARG,Argentina,2023,3.918,8980.478,2.517,0.111,0.966,-2.917
ARG,Argentina,2024,3.743,9151.537,2.497,0.082,0.960,-4.119
ARM,Armenia,2000,1.117,277.980,0.474,0.044,0.022,14.841
ARM,Armenia,2001,1.145,281.513,0.495,0.047,0.021,1.183
ARM,Armenia,2002,1.007,284.590,0.510,0.069,0.021,-12.905
ARM,Armenia,2003,1.137,288.046,0.525,0.072,0.021,12.310
ARM,Armenia,2004,1.221,291.737,0.542,0.099,0.021,6.819
ARM,Armenia,2005,1.456,296.113,0.551,0.110,0.021,18.557
ARM,Armenia,2006,1.472,300.514,0.567,0.113,0.021,0.581
ARM,Armenia,2007,1.714,305.615,0.533,0.137,0.021,15.872
ARM,Armenia,2008,1.883,311.189,0.543,0.139,0.021,9.305
ARM,Armenia,2009,1.481,315.553,0.519,0.082,0.020,-21.728
ARM,Armenia,2010,1.452,319.809,0.519,0.098,0.020,-2.454
ARM,Armenia,2011,1.700,324.778,0.520,0.090,0.020,16.739
ARM,Armenia,2012,1.967,330.526,0.537,0.095,0.020,15.685
ARM,Armenia,2013,1.894,336.062,0.569,0.089,0.020,-3.708
ARM,Armenia,2014,1.918,341.666,0.580,0.083,0.020,1.246
ARM,Armenia,2015,1.872,347.135,0.595,0.082,0.020,-2.407
ARM,Armenia,2016,1.784,352.342,0.610,0.053,0.020,-4.800
ARM,Armenia,2017,1.899,357.878,0.591,0.070,0.020,6.336
ARM,Armenia,2018,2.001,363.700,0.561,0.108,0.020,5.157
ARM,Armenia,2019,2.164,369.984,0.558,0.117,0.020,7.935
ARM,Armenia,2020,2.351,376.780,0.565,0.143,0.020,8.133
ARM,Armenia,2021,2.561,384.130,0.585,0.150,0.020,8.175
ARM,Armenia,2022,2.672,391.829,0.565,0.201,0.020,4.735
ARM,Armenia,2023,2.524,399.259,0.556,0.197,0.020,-3.488
ARM,Armenia,2024,2.499,406.690,0.554,0.195,0.020,0.007
ABW,Aruba,2000,26.787,35.389,0.838,0.000,0.001,193.665
ABW,Aruba,2001,26.652,37.796,0.824,0.000,0.002,1.233
ABW,Aruba,2002,26.660,40.233,0.814,0.000,0.002,1.218
ABW,Aruba,2003,27.741,42.794,0.853,0.000,0.002,5.113
ABW,Aruba,2004,28.063,45.410,0.922,0.000,0.002,2.146
ABW,Aruba,2005,28.810,48.125,0.919,0.000,0.002,3.782
ABW,Aruba,2006,28.420,50.836,0.595,0.000,0.002,-0.135
ABW,Aruba,2007,29.205,53.657,0.596,0.000,0.002,4.054
ABW,Aruba,2008,27.157,56.314,0.548,0.000,0.002,-5.844
ABW,Aruba,2009,26.526,58.941,0.501,0.000,0.002,-1.103
ABW,Aruba,2010,25.030,61.447,0.385,0.000,0.002,-4.603
ABW,Aruba,2011,24.706,63.942,0.447,0.000,0.002,-0.439
ABW,Aruba,2012,13.212,65.287,0.239,0.000,0.002,-46.109
ABW,Aruba,2013,8.395,66.148,0.230,0.000,0.002,-35.967
ABW,Aruba,2014,8.435,67.020,0.212,0.000,0.002,1.277
ABW,Aruba,2015,8.615,67.918,0.210,0.000,0.002,2.941
ABW,Aruba,2016,8.411,68.801,0.211,0.000,0.002,-1.633
ABW,Aruba,2017,8.420,69.691,0.211,0.000,0.002,0.830
ABW,Aruba,2018,8.158,70.559,0.211,0.000,0.002,-2.469
ABW,Aruba,2019,7.767,71.391,0.212,0.000,0.002,-4.219
ABW,Aruba,2020,7.641,72.212,0.210,0.000,0.002,-1.322
ABW,Aruba,2021,8.005,73.073,0.213,0.000,0.002,4.911
ABW,Aruba,2022,8.242,73.961,0.214,0.000,0.002,3.175
ABW,Aruba,2023,8.213,74.848,0.215,0.000,0.002,-0.202
ABW,Aruba,2024,8.518,75.769,0.216,0.000,0.002,3.842
AUS,Australia,2000,18.288,10580.302,9.676,0.189,1.660,1.751
AUS,Australia,2001,18.469,10937.970,10.188,0.183,1.667,2.221
AUS,Australia,2002,18.495,11300.394,9.728,0.178,1.669,1.330
AUS,Australia,2003,18.708,11671.180,7.434,0.181,1.666,2.307
AUS,Australia,2004,19.056,12053.184,8.403,0.177,1.667,3.026
AUS,Australia,2005,18.975,12438.265,7.336,0.181,1.656,0.805
AUS,Australia,2006,19.007,12829.638,8.158,0.189,1.650,1.634
AUS,Australia,2007,19.036,13228.534,7.902,0.190,1.647,1.922
AUS,Australia,2008,18.918,13632.813,6.906,0.181,1.645,1.349
AUS,Australia,2009,18.683,14039.791,6.965,0.176,1.640,0.667
AUS,Australia,2010,18.293,14444.816,6.400,0.160,1.638,-0.479
AUS,Australia,2011,17.966,14848.691,8.622,0.155,1.639,-0.284
AUS,Australia,2012,17.722,15253.695,8.512,0.154,1.637,0.280
AUS,Australia,2013,17.122,15651.546,6.612,0.142,1.629,-1.767
AUS,Australia,2014,16.639,16044.155,6.956,0.133,1.620,-1.317
AUS,Australia,2015,16.727,16444.744,6.727,0.128,1.611,2.032
AUS,Australia,2016,16.838,16854.412,5.875,0.120,1.603,2.266
AUS,Australia,2017,16.716,17267.818,6.733,0.122,1.598,0.913
AUS,Australia,2018,16.512,17682.600,6.690,0.117,1.591,0.332
AUS,Australia,2019,16.283,18097.525,6.053,0.119,1.580,0.035
AUS,Australia,2020,15.481,18496.072,5.253,0.110,1.567,-3.947
AUS,Australia,2021,14.966,18884.545,5.423,0.112,1.552,-2.528
AUS,Australia,2022,14.659,19268.623,5.321,0.108,1.537,-1.131
AUS,Australia,2023,14.529,19652.938,5.340,0.103,1.527,0.062
AUS,Australia,2024,14.477,20039.670,5.078,0.102,1.514,0.629
AUT,Austria,2000,8.262,4100.176,1.434,0.214,0.224,0.817
AUT,Austria,2001,8.728,4170.367,1.415,0.214,0.223,6.022
AUT,Austria,2002,8.908,4242.355,1.402,0.215,0.222,2.561
AUT,Austria,2003,9.530,4319.767,1.466,0.216,0.221,7.534
AUT,Austria,2004,9.508,4397.483,1.310,0.219,0.220,0.393
AUT,Austria,2005,9.612,4476.579,1.278,0.218,0.219,1.775
AUT,Austria,2006,9.286,4553.375,1.252,0.236,0.218,-2.907
AUT,Austria,2007,8.930,4627.467,1.213,0.257,0.216,-3.521
AUT,Austria,2008,8.827,4700.934,1.192,0.256,0.215,-0.844
AUT,Austria,2009,8.065,4768.235,1.171,0.216,0.213,-8.391
AUT,Austria,2010,8.607,4840.235,1.181,0.194,0.212,6.981
AUT,Austria,2011,8.327,4910.127,1.150,0.198,0.210,-2.929
AUT,Austria,2012,7.977,4977.388,1.118,0.198,0.208,-3.765
AUT,Austria,2013,7.989,5045.146,1.125,0.195,0.207,0.741
AUT,Austria,2014,7.506,5109.305,1.096,0.192,0.205,-5.313
AUT,Austria,2015,7.677,5175.663,1.036,0.197,0.204,3.428
AUT,Austria,2016,7.693,5242.881,1.031,0.198,0.202,1.297
AUT,Austria,2017,7.910,5312.483,1.047,0.194,0.201,3.545
AUT,Austria,2018,7.529,5379.049,1.042,0.207,0.200,-4.360
AUT,Austria,2019,7.651,5447.001,1.034,0.199,0.199,2.080
AUT,Austria,2020,6.970,5509.181,1.020,0.204,0.197,-8.493
AUT,Austria,2021,7.333,5574.932,1.040,0.211,0.196,5.744
AUT,Austria,2022,6.780,5636.386,1.017,0.202,0.195,-6.536
AUT,Austria,2023,6.233,5693.295,1.016,0.169,0.193,-7.396
AUT,Austria,2024,6.180,5749.663,1.021,0.169,0.192,-0.951
AZE,Azerbaijan,2000,3.641,1823.361,0.881,0.015,0.117,3.274
AZE,Azerbaijan,2001,3.444,1851.776,0.902,0.037,0.117,-4.535
AZE,Azerbaijan,2002,3.431,1880.346,0.882,0.057,0.117,0.545
AZE,Azerbaijan,2003,3.629,1910.834,0.904,0.064,0.116,6.711
AZE,Azerbaijan,2004,3.799,1943.087,0.909,0.085,0.116,5.791
AZE,Azerbaijan,2005,3.977,1977.281,1.010,0.086,0.116,6.017
AZE,Azerbaijan,2006,3.963,2011.802,1.093,0.090,0.116,0.960
AZE,Azerbaijan,2007,3.402,2041.839,1.443,0.093,0.116,-12.992
AZE,Azerbaijan,2008,3.694,2074.876,1.519,0.086,0.116,9.987
AZE,Azerbaijan,2009,3.217,2103.978,1.341,0.069,0.117,-11.908
AZE,Azerbaijan,2010,3.012,2131.527,1.354,0.067,0.117,-5.338
AZE,Azerbaijan,2011,3.264,2161.738,1.295,0.050,0.117,9.660
AZE,Azerbaijan,2012,3.495,2194.508,1.289,0.070,0.117,8.473
AZE,Azerbaijan,2013,3.531,2228.067,1.288,0.076,0.117,2.407
AZE,Azerbaijan,2014,3.566,2262.411,1.277,0.096,0.117,2.342
AZE,Azerbaijan,2015,3.556,2297.095,1.261,0.086,0.118,0.986
AZE,Azerbaijan,2016,3.519,2331.822,1.233,0.074,0.118,0.126
AZE,Azerbaijan,2017,3.481,2366.520,1.194,0.093,0.119,-0.083
AZE,Azerbaijan,2018,3.444,2401.096,1.191,0.108,0.119,-0.352
AZE,Azerbaijan,2019,3.734,2438.849,1.209,0.108,0.119,9.186
AZE,Azerbaijan,2020,3.559,2475.086,1.186,0.100,0.119,-4.014
AZE,Azerbaijan,2021,3.742,2513.385,1.222,0.106,0.119,5.692
AZE,Azerbaijan,2022,3.999,2554.560,1.211,0.109,0.120,7.506
AZE,Azerbaijan,2023,4.143,2597.308,1.217,0.108,0.120,3.822
AZE,Azerbaijan,2024,3.853,2637.138,1.227,0.108,0.120,-6.826
BHS,Bahamas,2000,6.257,126.571,0.771,0.000,0.006,-0.360
BHS,Bahamas,2001,5.934,128.516,0.772,0.000,0.006,-3.978
BHS,Bahamas,2002,6.132,130.550,0.780,0.000,0.006,4.520
BHS,Bahamas,2003,6.168,132.620,0.770,0.000,0.006,1.802
BHS,Bahamas,2004,6.028,134.668,0.812,0.000,0.006,-1.062
BHS,Bahamas,2005,5.540,136.574,0.798,0.000,0.006,-6.977
BHS,Bahamas,2006,5.322,138.428,0.798,0.000,0.006,-2.692
BHS,Bahamas,2007,5.299,140.300,0.811,0.000,0.006,0.988
BHS,Bahamas,2008,5.361,142.220,0.842,0.000,0.006,2.544
BHS,Bahamas,2009,5.938,144.374,0.797,0.000,0.006,12.214
BHS,Bahamas,2010,6.072,146.606,0.790,0.000,0.006,3.571
BHS,Bahamas,2011,5.677,148.716,0.832,0.000,0.006,-5.419
BHS,Bahamas,2012,5.455,150.764,0.817,0.000,0.006,-2.951
BHS,Bahamas,2013,5.260,152.757,0.836,0.000,0.006,-2.683
BHS,Bahamas,2014,5.396,154.820,0.822,0.000,0.006,3.493
BHS,Bahamas,2015,5.790,157.052,0.829,0.000,0.006,8.171
BHS,Bahamas,2016,5.788,159.298,0.829,0.000,0.006,0.657
BHS,Bahamas,2017,6.455,161.818,0.843,0.000,0.006,12.235
BHS,Bahamas,2018,6.251,164.273,0.830,0.000,0.006,-2.616
BHS,Bahamas,2019,6.387,166.794,0.837,0.000,0.006,2.687
BHS,Bahamas,2020,5.183,168.846,0.848,0.000,0.006,-18.605
BHS,Bahamas,2021,6.877,171.572,0.847,0.000,0.006,32.857
BHS,Bahamas,2022,7.451,174.534,0.850,0.000,0.006,8.656
BHS,Bahamas,2023,7.400,177.490,0.855,0.000,0.006,-0.198
BHS,Bahamas,2024,7.650,180.560,0.856,0.000,0.006,3.841
BHR,Bahrain,2000,28.673,393.623,28.571,0.000,0.076,5.179
BHR,Bahrain,2001,28.115,413.303,27.852,0.000,0.077,2.500
BHR,Bahrain,2002,26.737,433.414,24.072,0.000,0.078,2.197
BHR,Bahrain,2003,25.856,454.391,20.962,0.000,0.078,4.300
BHR,Bahrain,2004,24.331,475.594,19.318,0.000,0.078,1.083
BHR,Bahrain,2005,26.256,500.081,17.940,0.000,0.079,15.483
BHR,Bahrain,2006,24.166,524.117,16.252,0.000,0.079,-1.840
BHR,Bahrain,2007,25.180,550.743,15.803,0.000,0.079,10.777
BHR,Bahrain,2008,26.344,580.268,16.547,0.000,0.079,10.885
BHR,Bahrain,2009,23.773,608.405,16.204,0.246,0.080,-4.697
BHR,Bahrain,2010,24.020,637.548,15.119,0.410,0.081,3.571
BHR,Bahrain,2011,23.654,666.092,15.354,0.445,0.081,-2.053
BHR,Bahrain,2012,22.365,693.294,17.333,0.455,0.081,-4.700
BHR,Bahrain,2013,24.839,724.523,18.857,0.416,0.081,14.799
BHR,Bahrain,2014,23.590,755.493,18.521,0.400,0.082,-0.825
BHR,Bahrain,2015,23.744,788.014,17.671,0.310,0.082,5.004
BHR,Bahrain,2016,22.129,819.649,17.038,0.393,0.083,-2.722
BHR,Bahrain,2017,22.211,852.566,16.043,0.406,0.084,4.050
BHR,Bahrain,2018,21.833,885.265,15.761,0.316,0.084,-0.663
BHR,Bahrain,2019,25.319,922.881,16.375,0.182,0.085,15.039
BHR,Bahrain,2020,25.238,960.310,16.428,0.166,0.086,-0.497
BHR,Bahrain,2021,24.148,996.575,15.980,0.190,0.086,-3.110
BHR,Bahrain,2022,24.668,1034.402,15.631,0.211,0.087,4.306
BHR,Bahrain,2023,24.710,1073.189,15.242,0.206,0.088,2.537
BHR,Bahrain,2024,24.270,1112.192,14.783,0.201,0.088,0.559
BGD,Bangladesh,2000,0.197,414.221,0.549,0.005,0.368,5.762
BGD,Bangladesh,2001,0.227,445.285,0.542,0.007,0.368,17.050
BGD,Bangladesh,2002,0.230,477.292,0.542,0.006,0.367,3.035
BGD,Bangladesh,2003,0.238,510.788,0.539,0.006,0.367,4.652
BGD,Bangladesh,2004,0.252,546.766,0.528,0.005,0.367,7.411
BGD,Bangladesh,2005,0.261,584.483,0.532,0.005,0.367,4.832
BGD,Bangladesh,2006,0.285,626.208,0.533,0.005,0.366,10.630
BGD,Bangladesh,2007,0.288,668.884,0.533,0.005,0.366,2.275
BGD,Bangladesh,2008,0.303,714.225,0.547,0.005,0.366,6.248
BGD,Bangladesh,2009,0.326,763.414,0.549,0.005,0.366,8.484
BGD,Bangladesh,2010,0.355,817.449,0.552,0.004,0.367,9.854
BGD,Bangladesh,2011,0.362,873.042,0.552,0.005,0.367,2.882
BGD,Bangladesh,2012,0.385,932.746,0.550,0.004,0.367,7.395
BGD,Bangladesh,2013,0.414,997.508,0.549,0.005,0.368,8.473
BGD,Bangladesh,2014,0.428,1065.060,0.548,0.005,0.368,4.307
BGD,Bangladesh,2015,0.483,1142.006,0.546,0.007,0.369,13.907
BGD,Bangladesh,2016,0.508,1223.768,0.539,0.007,0.369,6.258
BGD,Bangladesh,2017,0.534,1310.298,0.549,0.007,0.370,5.834
BGD,Bangladesh,2018,0.530,1396.906,0.545,0.009,0.371,0.089
BGD,Bangladesh,2019,0.575,1491.714,0.543,0.009,0.372,9.467
BGD,Bangladesh,2020,0.576,1587.443,0.547,0.008,0.373,0.972
BGD,Bangladesh,2021,0.588,1685.974,0.550,0.009,0.374,2.926
BGD,Bangladesh,2022,0.603,1788.121,0.550,0.008,0.375,3.671
BGD,Bangladesh,2023,0.610,1892.648,0.550,0.008,0.376,2.329
BGD,Bangladesh,2024,0.624,2000.965,0.551,0.008,0.378,3.627
BRB,Barbados,2000,4.995,29.662,0.837,0.507,0.002,0.573
BRB,Barbados,2001,4.982,30.969,0.792,0.473,0.002,-0.128
BRB,Barbados,2002,4.985,32.286,0.742,0.560,0.002,0.715
BRB,Barbados,2003,5.111,33.645,0.732,0.576,0.002,3.162
BRB,Barbados,2004,5.188,35.032,0.729,0.569,0.002,2.084
BRB,Barbados,2005,5.318,36.461,0.718,0.573,0.002,3.051
BRB,Barbados,2006,5.448,37.932,0.664,0.563,0.002,2.937
BRB,Barbados,2007,5.415,39.401,0.641,0.553,0.002,-0.136
BRB,Barbados,2008,6.356,41.134,0.698,0.524,0.002,17.997
BRB,Barbados,2009,6.200,42.834,0.636,0.412,0.002,-1.944
BRB,Barbados,2010,5.692,44.400,0.620,0.367,0.002,-7.832
BRB,Barbados,2011,5.889,46.027,0.629,0.356,0.002,3.807
BRB,Barbados,2012,5.612,47.581,0.610,0.280,0.002,-4.429
BRB,Barbados,2013,5.546,49.121,0.596,0.254,0.002,-0.925
BRB,Barbados,2014,4.913,50.488,0.599,0.254,0.002,-11.184
BRB,Barbados,2015,4.784,51.823,0.592,0.253,0.002,-2.411
BRB,Barbados,2016,4.905,53.194,0.590,0.252,0.002,2.758
BRB,Barbados,2017,4.994,54.594,0.594,0.378,0.002,2.026
BRB,Barbados,2018,5.154,56.041,0.594,0.377,0.002,3.404
BRB,Barbados,2019,4.950,57.432,0.596,0.376,0.002,-3.799
BRB,Barbados,2020,4.457,58.688,0.585,0.282,0.002,-9.798
BRB,Barbados,2021,4.218,59.878,0.577,0.375,0.002,-5.210
BRB,Barbados,2022,4.658,61.193,0.575,0.375,0.002,10.492
BRB,Barbados,2023,4.664,62.510,0.576,0.375,0.002,0.133
BRB,Barbados,2024,4.833,63.875,0.568,0.375,0.002,3.679
BLR,Belarus,2000,5.506,3753.760,1.646,0.086,0.422,-5.271
BLR,Belarus,2001,5.444,3807.865,1.635,0.083,0.418,-1.654
BLR,Belarus,2002,5.464,3861.809,1.623,0.099,0.413,-0.297
BLR,Belarus,2003,5.635,3917.045,1.634,0.119,0.409,2.395
BLR,Belarus,2004,5.996,3975.418,1.687,0.134,0.404,5.678
BLR,Belarus,2005,6.144,4034.814,1.628,0.152,0.400,1.753
BLR,Belarus,2006,6.433,4096.624,1.665,0.164,0.395,4.063
BLR,Belarus,2007,6.303,4156.899,1.656,0.169,0.391,-2.482
BLR,Belarus,2008,6.604,4219.831,1.760,0.190,0.386,4.406
BLR,Belarus,2009,6.377,4280.459,1.810,0.197,0.383,-3.659
BLR,Belarus,2010,6.587,4342.975,1.851,0.208,0.379,3.113
BLR,Belarus,2011,6.477,4404.328,1.844,0.208,0.375,-1.859
BLR,Belarus,2012,6.614,4466.919,1.875,0.231,0.371,2.019
BLR,Belarus,2013,6.778,4531.071,1.908,0.250,0.368,2.493
BLR,Belarus,2014,6.725,4594.771,1.921,0.280,0.365,-0.706
BLR,Belarus,2015,6.201,4653.598,1.943,0.239,0.362,-7.648
BLR,Belarus,2016,6.126,4711.786,1.929,0.232,0.359,-1.087
BLR,Belarus,2017,6.260,4771.230,1.942,0.235,0.356,2.159
BLR,Belarus,2018,6.558,4833.401,1.950,0.228,0.354,4.586
BLR,Belarus,2019,6.589,4895.572,1.968,0.241,0.351,-0.000
BLR,Belarus,2020,6.323,4954.695,2.000,0.246,0.349,-4.902
BLR,Belarus,2021,6.579,5015.556,2.012,0.242,0.346,2.940
BLR,Belarus,2022,6.227,5072.676,2.019,0.248,0.344,-6.146
BLR,Belarus,2023,6.114,5128.413,2.042,0.257,0.341,-2.424
BLR,Belarus,2024,6.163,5184.231,2.051,0.258,0.338,0.148
BEL,Belgium,2000,12.366,10330.207,1.448,0.319,0.489,1.649
BEL,Belgium,2001,12.257,10456.292,1.391,0.287,0.487,-0.545
BEL,Belgium,2002,12.279,10583.175,1.346,0.290,0.484,0.633
BEL,Belgium,2003,12.364,10711.468,1.277,0.283,0.481,1.110
BEL,Belgium,2004,12.360,10840.279,1.281,0.272,0.477,0.405
BEL,Belgium,2005,11.992,10965.938,1.249,0.280,0.474,-2.449
BEL,Belgium,2006,11.746,11089.838,1.222,0.295,0.470,-1.398
BEL,Belgium,2007,11.340,11210.331,1.211,0.291,0.467,-2.750
BEL,Belgium,2008,11.224,11330.535,1.203,0.283,0.463,-0.240
BEL,Belgium,2009,9.970,11438.342,1.192,0.259,0.460,-10.314
BEL,Belgium,2010,10.475,11552.905,1.167,0.236,0.456,6.267
BEL,Belgium,2011,9.526,11658.063,1.150,0.250,0.452,-8.208
BEL,Belgium,2012,9.227,11760.550,1.113,0.238,0.448,-2.542
BEL,Belgium,2013,9.213,11863.365,1.115,0.228,0.444,0.322
BEL,Belgium,2014,8.660,11960.447,1.106,0.236,0.440,-5.578
BEL,Belgium,2015,8.987,12061.774,1.105,0.208,0.436,4.374
BEL,Belgium,2016,8.808,12161.590,1.113,0.215,0.433,-1.491
BEL,Belgium,2017,8.727,12260.873,1.082,0.201,0.429,-0.535
BEL,Belgium,2018,8.772,12361.129,1.089,0.222,0.426,0.981
BEL,Belgium,2019,8.685,12460.928,1.072,0.245,0.422,-0.456
BEL,Belgium,2020,7.908,12552.183,1.062,0.228,0.419,-8.561
BEL,Belgium,2021,8.204,12647.110,1.063,0.230,0.415,4.026
BEL,Belgium,2022,7.638,12736.025,1.033,0.211,0.412,-6.334
BEL,Belgium,2023,7.232,12820.729,1.024,0.186,0.408,-4.737
BEL,Belgium,2024,7.280,12906.185,1.015,0.186,0.405,0.889
BLZ,Belize,2000,1.643,8.889,1.173,0.000,0.011,13.684
BLZ,Belize,2001,1.800,9.336,1.196,0.000,0.012,12.963
BLZ,Belize,2002,1.689,9.768,1.193,0.000,0.012,-3.279
BLZ,Belize,2003,1.639,10.201,1.215,0.000,0.012,0.000
BLZ,Belize,2004,1.443,10.593,1.156,0.000,0.012,-9.322
BLZ,Belize,2005,1.493,11.010,1.157,0.000,0.012,6.542
BLZ,Belize,2006,1.540,11.454,1.337,0.000,0.012,6.140
BLZ,Belize,2007,1.596,11.926,1.410,0.000,0.012,6.612
BLZ,Belize,2008,1.420,12.359,1.429,0.000,0.012,-8.527
BLZ,Belize,2009,1.641,12.872,1.435,0.000,0.012,18.644
BLZ,Belize,2010,1.682,13.410,1.406,0.000,0.012,5.000
BLZ,Belize,2011,1.746,13.982,1.489,0.000,0.012,6.122
BLZ,Belize,2012,1.413,14.454,1.361,0.000,0.012,-17.308
BLZ,Belize,2013,1.384,14.927,1.402,0.000,0.012,0.000
BLZ,Belize,2014,1.439,15.429,1.263,0.000,0.012,6.202
BLZ,Belize,2015,1.923,16.114,1.271,0.000,0.012,36.496
BLZ,Belize,2016,1.848,16.788,1.259,0.000,0.012,-1.604
BLZ,Belize,2017,1.787,17.455,1.249,0.000,0.012,-1.087
BLZ,Belize,2018,1.735,18.115,1.238,0.000,0.012,-1.096
BLZ,Belize,2019,1.994,18.884,1.257,0.000,0.012,16.663
BLZ,Belize,2020,1.672,19.538,1.232,0.000,0.013,-15.050
BLZ,Belize,2021,1.754,20.232,1.237,0.000,0.013,6.119
BLZ,Belize,2022,1.797,20.955,1.224,0.000,0.013,4.344
BLZ,Belize,2023,1.864,21.722,1.212,0.000,0.013,5.898
BLZ,Belize,2024,1.909,22.518,1.201,0.000,0.013,3.859
BEN,Benin,2000,0.204,22.221,0.620,0.000,0.034,0.752
BEN,Benin,2001,0.227,23.910,0.538,0.000,0.035,14.677
BEN,Benin,2002,0.275,26.020,0.563,0.020,0.036,24.922
BEN,Benin,2003,0.303,28.414,0.541,0.021,0.036,13.457
BEN,Benin,2004,0.318,31.008,0.528,0.026,0.037,8.338
BEN,Benin,2005,0.295,33.497,0.565,0.026,0.037,-4.005
BEN,Benin,2006,0.385,36.848,0.539,0.026,0.037,34.597
BEN,Benin,2007,0.439,40.779,0.539,0.024,0.038,17.303
BEN,Benin,2008,0.425,44.698,0.516,0.020,0.039,-0.304
BEN,Benin,2009,0.444,48.923,0.516,0.023,0.039,7.796
BEN,Benin,2010,0.478,53.602,0.541,0.025,0.040,10.767
BEN,Benin,2011,0.444,58.082,0.545,0.023,0.040,-4.267
BEN,Benin,2012,0.423,62.484,0.541,0.023,0.041,-1.723
BEN,Benin,2013,0.426,67.050,0.566,0.020,0.041,3.712
BEN,Benin,2014,0.433,71.824,0.551,0.020,0.042,4.556
BEN,Benin,2015,0.468,77.143,0.547,0.019,0.042,11.400
BEN,Benin,2016,0.454,82.453,0.550,0.018,0.042,-0.145
BEN,Benin,2017,0.461,88.008,0.544,0.018,0.043,4.603
BEN,Benin,2018,0.458,93.677,0.543,0.032,0.044,2.042
BEN,Benin,2019,0.414,98.949,0.553,0.032,0.044,-6.983
BEN,Benin,2020,0.424,104.490,0.527,0.032,0.045,5.089
BEN,Benin,2021,0.433,110.296,0.532,0.034,0.046,4.780
BEN,Benin,2022,0.443,116.388,0.533,0.034,0.046,4.935
BEN,Benin,2023,0.420,122.316,0.530,0.033,0.047,-2.699
BEN,Benin,2024,0.419,128.382,0.523,0.032,0.048,2.337
BMU,Bermuda,2000,8.391,17.444,,0.000,0.001,0.714
BMU,Bermuda,2001,8.525,17.972,,0.000,0.001,2.128
BMU,Bermuda,2002,8.959,18.529,,0.000,0.001,5.556
BMU,Bermuda,2003,8.983,19.089,,0.000,0.001,0.658
BMU,Bermuda,2004,9.310,19.672,,0.000,0.001,3.922
BMU,Bermuda,2005,9.287,20.255,,0.000,0.001,0.000
BMU,Bermuda,2006,10.434,20.910,,0.000,0.001,12.579
BMU,Bermuda,2007,11.568,21.640,,0.000,0.001,11.173
BMU,Bermuda,2008,10.184,22.284,,0.000,0.001,-11.558
BMU,Bermuda,2009,7.433,22.757,,0.000,0.001,-26.705
BMU,Bermuda,2010,9.484,23.362,,0.000,0.001,27.907
BMU,Bermuda,2011,6.954,23.805,,0.000,0.001,-26.667
BMU,Bermuda,2012,5.755,24.171,,0.000,0.001,-17.355
BMU,Bermuda,2013,8.412,24.706,,0.000,0.001,46.000
BMU,Bermuda,2014,10.493,25.373,,0.000,0.001,24.658
BMU,Bermuda,2015,8.542,25.915,,0.000,0.001,-18.681
BMU,Bermuda,2016,9.699,26.531,,0.000,0.001,13.514
BMU,Bermuda,2017,10.081,27.172,,0.000,0.001,4.167
BMU,Bermuda,2018,10.903,27.868,,0.000,0.001,8.571
BMU,Bermuda,2019,9.256,28.462,,0.000,0.001,-14.737
BMU,Bermuda,2020,6.770,28.898,,0.000,0.001,-26.543
BMU,Bermuda,2021,7.988,29.415,,0.000,0.001,18.487
BMU,Bermuda,2022,8.194,29.945,,0.000,0.001,2.730
BMU,Bermuda,2023,8.184,30.475,,0.000,0.001,-0.202
BMU,Bermuda,2024,8.506,31.025,,0.000,0.001,3.842
BTN,Bhutan,2000,0.665,4.167,1.429,0.125,0.034,2.851
BTN,Bhutan,2001,0.759,4.630,1.361,0.130,0.034,16.799
BTN,Bhutan,2002,0.791,5.124,1.334,0.127,0.033,6.571
BTN,Bhutan,2003,0.775,5.618,1.320,0.125,0.033,0.002
BTN,Bhutan,2004,0.670,6.055,1.293,0.130,0.033,-11.712
BTN,Bhutan,2005,0.825,6.601,1.397,0.128,0.033,25.205
BTN,Bhutan,2006,0.613,7.012,1.476,0.133,0.033,-24.715
BTN,Bhutan,2007,0.585,7.409,1.475,0.132,0.033,-3.389
BTN,Bhutan,2008,0.942,8.055,1.499,0.130,0.033,62.732
BTN,Bhutan,2009,0.984,8.738,1.419,0.129,0.033,5.670
BTN,Bhutan,2010,1.291,9.644,1.425,0.142,0.033,32.571
BTN,Bhutan,2011,1.419,10.651,1.437,0.381,0.033,11.194
BTN,Bhutan,2012,1.603,11.801,1.413,0.361,0.033,14.222
BTN,Bhutan,2013,1.750,13.070,1.482,0.391,0.032,10.344
BTN,Bhutan,2014,1.817,14.402,1.496,0.468,0.032,4.993
BTN,Bhutan,2015,1.936,15.836,1.495,0.531,0.032,7.623
BTN,Bhutan,2016,2.086,17.396,1.534,0.625,0.032,8.813
BTN,Bhutan,2017,2.186,19.045,1.564,0.588,0.031,5.705
BTN,Bhutan,2018,2.214,20.727,1.590,0.646,0.031,1.978
BTN,Bhutan,2019,2.046,22.292,1.586,0.604,0.031,-6.958
BTN,Bhutan,2020,1.576,23.506,1.522,0.419,0.031,-22.444
BTN,Bhutan,2021,1.876,24.960,1.505,0.440,0.030,19.859
BTN,Bhutan,2022,1.984,26.510,1.462,0.402,0.030,6.525
BTN,Bhutan,2023,2.072,28.140,1.432,0.399,0.030,5.166
BTN,Bhutan,2024,2.094,29.797,1.393,0.396,0.030,1.704
BOL,Bolivia,2000,0.981,224.411,2.262,0.057,0.287,-22.903
BOL,Bolivia,2001,1.000,233.163,2.084,0.051,0.286,3.672
BOL,Bolivia,2002,1.170,243.578,2.202,0.051,0.285,18.997
BOL,Bolivia,2003,1.214,254.561,2.181,0.056,0.288,5.455
BOL,Bolivia,2004,1.201,265.612,2.230,0.062,0.289,0.620
BOL,Bolivia,2005,1.318,277.949,2.261,0.068,0.289,11.634
BOL,Bolivia,2006,1.299,290.318,2.161,0.076,0.289,0.258
BOL,Bolivia,2007,1.315,303.058,2.128,0.079,0.288,3.002
BOL,Bolivia,2008,1.322,316.085,2.121,0.088,0.287,2.258
BOL,Bolivia,2009,1.361,329.719,2.122,0.100,0.286,4.647
BOL,Bolivia,2010,1.454,344.527,2.269,0.102,0.285,8.622
BOL,Bolivia,2011,1.551,360.578,2.199,0.111,0.284,8.391
BOL,Bolivia,2012,1.671,378.153,2.227,0.105,0.283,9.491
BOL,Bolivia,2013,1.664,395.931,2.243,0.113,0.282,1.155
BOL,Bolivia,2014,1.834,415.831,2.176,0.122,0.280,11.940
BOL,Bolivia,2015,1.807,435.731,2.187,0.125,0.279,-0.003
BOL,Bolivia,2016,1.901,456.980,2.204,0.128,0.278,6.783
BOL,Bolivia,2017,1.955,479.162,2.163,0.127,0.278,4.386
BOL,Bolivia,2018,1.956,501.671,2.128,0.130,0.278,1.475
BOL,Bolivia,2019,1.937,524.280,2.166,0.133,0.277,0.446
BOL,Bolivia,2020,1.550,542.600,2.170,0.108,0.277,-18.970
BOL,Bolivia,2021,1.823,564.367,2.188,0.120,0.277,18.812
BOL,Bolivia,2022,1.945,587.855,2.212,0.128,0.277,7.909
BOL,Bolivia,2023,2.011,612.476,2.214,0.129,0.278,4.821
BOL,Bolivia,2024,2.313,641.184,2.223,0.130,0.278,16.605
BES,Bonaire Sint Eustatius and Saba,2000,6.494,7.830,,0.000,0.000,165.340
BES,Bonaire Sint Eustatius and Saba,2001,6.490,7.924,,0.000,0.000,1.829
BES,Bonaire Sint Eustatius and Saba,2002,6.046,8.015,,0.000,0.000,-3.592
BES,Bonaire Sint Eustatius and Saba,2003,5.805,8.106,,0.000,0.000,0.066
BES,Bonaire Sint Eustatius and Saba,2004,5.843,8.202,,0.000,0.000,4.921
BES,Bonaire Sint Eustatius and Saba,2005,5.562,8.296,,0.000,0.000,-0.888
BES,Bonaire Sint Eustatius and Saba,2006,5.568,8.395,,0.000,0.000,4.220
BES,Bonaire Sint Eustatius and Saba,2007,6.028,8.506,,0.000,0.000,12.577
BES,Bonaire Sint Eustatius and Saba,2008,5.583,8.613,,0.000,0.000,-3.814
BES,Bonaire Sint Eustatius and Saba,2009,5.502,8.722,,0.000,0.000,2.323
BES,Bonaire Sint Eustatius and Saba,2010,3.655,8.797,,0.000,0.000,-31.118
BES,Bonaire Sint Eustatius and Saba,2011,4.432,8.893,,0.000,0.000,27.571
BES,Bonaire Sint Eustatius and Saba,2012,5.132,9.010,,0.000,0.000,22.180
BES,Bonaire Sint Eustatius and Saba,2013,4.765,9.124,,0.000,0.000,-3.125
BES,Bonaire Sint Eustatius and Saba,2014,4.787,9.241,,0.000,0.000,3.226
BES,Bonaire Sint Eustatius and Saba,2015,5.205,9.369,,0.000,0.000,9.375
BES,Bonaire Sint Eustatius and Saba,2016,5.369,9.501,,0.000,0.000,2.857
BES,Bonaire Sint Eustatius and Saba,2017,5.609,9.640,,0.000,0.000,5.556
BES,Bonaire Sint Eustatius and Saba,2018,5.238,9.772,,0.000,0.000,-5.263
BES,Bonaire Sint Eustatius and Saba,2019,5.428,9.912,,0.000,0.000,5.556
BES,Bonaire Sint Eustatius and Saba,2020,4.982,10.043,,0.000,0.000,-5.263
BES,Bonaire Sint Eustatius and Saba,2021,5.091,10.183,,0.000,0.000,5.556
BES,Bonaire Sint Eustatius and Saba,2022,5.115,10.329,,0.000,0.000,5.263
BES,Bonaire Sint Eustatius and Saba,2023,4.889,10.475,,0.000,0.000,-0.202
BES,Bonaire Sint Eustatius and Saba,2024,4.947,10.627,,0.000,0.000,3.841
BIH,Bosnia and Herzegovina,2000,3.294,579.286,0.918,0.057,0.062,32.602
BIH,Bosnia and Herzegovina,2001,3.173,592.548,0.911,0.063,0.062,-3.207
BIH,Bosnia and Herzegovina,2002,3.384,606.721,0.899,0.081,0.061,6.860
BIH,Bosnia and Herzegovina,2003,3.436,621.079,0.997,0.078,0.060,1.309
BIH,Bosnia and Herzegovina,2004,3.734,636.541,1.026,0.093,0.059,7.691
BIH,Bosnia and Herzegovina,2005,3.917,652.588,1.067,0.090,0.059,3.774
BIH,Bosnia and Herzegovina,2006,4.279,669.974,1.152,0.110,0.058,8.356
BIH,Bosnia and Herzegovina,2007,4.354,687.449,1.132,0.118,0.058,0.503
BIH,Bosnia and Herzegovina,2008,5.055,707.404,1.208,0.132,0.057,14.197
BIH,Bosnia and Herzegovina,2009,5.293,727.941,1.223,0.099,0.057,2.917
BIH,Bosnia and Herzegovina,2010,5.548,749.087,1.237,0.094,0.056,2.963
BIH,Bosnia and Herzegovina,2011,6.351,772.851,1.324,0.090,0.056,12.386
BIH,Bosnia and Herzegovina,2012,6.032,794.989,1.310,0.086,0.056,-6.847
BIH,Bosnia and Herzegovina,2013,6.038,816.790,1.313,0.093,0.055,-1.521
BIH,Bosnia and Herzegovina,2014,5.417,836.102,1.595,0.090,0.056,-11.418
BIH,Bosnia and Herzegovina,2015,5.247,854.563,1.653,0.088,0.056,-4.408
BIH,Bosnia and Herzegovina,2016,6.258,876.297,1.756,0.093,0.056,17.733
BIH,Bosnia and Herzegovina,2017,6.461,898.449,1.792,0.102,0.056,1.925
BIH,Bosnia and Herzegovina,2018,6.519,920.528,1.893,0.112,0.057,-0.333
BIH,Bosnia and Herzegovina,2019,6.220,941.338,1.839,0.109,0.057,-5.745
BIH,Bosnia and Herzegovina,2020,6.314,962.170,1.853,0.131,0.057,0.103
BIH,Bosnia and Herzegovina,2021,6.554,983.438,1.745,0.129,0.057,2.092
BIH,Bosnia and Herzegovina,2022,6.472,1004.181,1.834,0.119,0.057,-2.468
BIH,Bosnia and Herzegovina,2023,6.242,1024.062,1.808,0.120,0.057,-4.153
BIH,Bosnia and Herzegovina,2024,6.139,1043.488,1.771,0.121,0.057,-2.290
BWA,Botswana,2000,2.252,52.886,3.814,,0.042,19.606
BWA,Botswana,2001,2.247,56.733,4.643,,0.042,1.843
BWA,Botswana,2002,2.278,60.708,4.567,,0.043,3.333
BWA,Botswana,2003,2.154,64.534,2.116,,0.042,-3.779
BWA,Botswana,2004,2.155,68.429,2.219,,0.042,1.820
BWA,Botswana,2005,2.226,72.525,2.567,,0.041,5.174
BWA,Botswana,2006,2.205,76.658,3.130,,0.041,0.894
BWA,Botswana,2007,2.212,80.886,2.546,,0.041,2.305
BWA,Botswana,2008,2.309,85.389,5.006,,0.042,6.499
BWA,Botswana,2009,1.937,89.245,2.328,0.048,0.041,-14.382
BWA,Botswana,2010,2.232,93.782,5.605,0.049,0.042,17.685
BWA,Botswana,2011,1.943,97.811,6.811,0.003,0.043,-11.207
BWA,Botswana,2012,2.408,102.887,3.243,0.003,0.043,26.010
BWA,Botswana,2013,2.645,108.550,2.805,0.003,0.043,11.550
BWA,Botswana,2014,3.154,115.401,2.058,0.003,0.042,20.962
BWA,Botswana,2015,2.459,120.818,2.008,0.003,0.041,-20.914
BWA,Botswana,2016,2.837,127.159,1.711,0.003,0.041,17.043
BWA,Botswana,2017,3.117,134.225,2.456,0.003,0.040,11.441
BWA,Botswana,2018,3.324,141.869,1.953,0.000,0.040,8.168
BWA,Botswana,2019,3.210,149.354,1.410,0.000,0.039,-2.066
BWA,Botswana,2020,2.617,155.547,2.051,0.000,0.039,-17.279
BWA,Botswana,2021,2.783,162.230,3.879,0.000,0.039,7.929
BWA,Botswana,2022,3.031,169.625,3.153,0.002,0.039,10.663
BWA,Botswana,2023,2.923,176.874,3.182,0.002,0.039,-1.989
BWA,Botswana,2024,2.960,184.336,4.055,0.002,0.039,2.937
BRA,Brazil,2000,1.955,7522.605,2.398,0.092,4.913,3.950
BRA,Brazil,2001,1.963,7868.771,2.437,0.086,4.956,1.759
BRA,Brazil,2002,1.948,8216.536,2.524,0.081,5.006,0.462
BRA,Brazil,2003,1.908,8561.181,2.611,0.073,5.082,-0.897
BRA,Brazil,2004,1.979,8922.615,2.710,0.073,5.137,4.871
BRA,Brazil,2005,1.973,9286.985,2.695,0.078,5.179,0.812
BRA,Brazil,2006,1.976,9655.856,2.643,0.083,5.207,1.235
BRA,Brazil,2007,2.071,10046.431,2.607,0.091,5.229,5.883
BRA,Brazil,2008,2.168,10459.067,2.564,0.099,5.242,5.649
BRA,Brazil,2009,2.029,10848.843,2.535,0.099,5.249,-5.541
BRA,Brazil,2010,2.273,11289.112,2.622,0.110,5.255,12.955
BRA,Brazil,2011,2.365,11751.023,2.587,0.114,5.253,4.916
BRA,Brazil,2012,2.527,12248.492,2.574,0.123,5.253,7.698
BRA,Brazil,2013,2.678,12780.061,2.552,0.130,5.254,6.855
BRA,Brazil,2014,2.781,13336.586,2.562,0.128,5.257,4.695
BRA,Brazil,2015,2.619,13864.759,2.584,0.119,5.260,-5.094
BRA,Brazil,2016,2.420,14356.505,2.579,0.105,5.263,-6.897
BRA,Brazil,2017,2.429,14853.759,2.553,0.099,5.260,1.120
BRA,Brazil,2018,2.312,15330.359,2.533,0.100,5.254,-4.154
BRA,Brazil,2019,2.298,15807.083,2.550,0.100,5.249,0.026
BRA,Brazil,2020,2.147,16255.082,2.568,0.114,5.251,-6.025
BRA,Brazil,2021,2.370,16751.645,2.603,0.121,5.254,10.840
BRA,Brazil,2022,2.283,17231.701,2.692,0.117,5.257,-3.324
BRA,Brazil,2023,2.292,17715.695,2.682,0.122,5.255,0.819
BRA,Brazil,2024,2.278,18198.707,2.736,0.120,5.251,-0.203
VGB,British Virgin Islands,2000,5.785,1.825,0.468,0.000,0.000,3.226
VGB,British Virgin Islands,2001,6.158,1.953,0.461,0.000,0.000,9.375
VGB,British Virgin Islands,2002,6.490,2.092,0.453,0.000,0.000,8.571
VGB,British Virgin Islands,2003,6.615,2.239,0.440,0.000,0.000,5.263
VGB,British Virgin Islands,2004,6.719,2.393,0.426,0.000,0.000,5.000
VGB,British Virgin Islands,2005,6.959,2.557,0.418,0.000,0.000,7.143
VGB,British Virgin Islands,2006,7.322,2.737,0.411,0.000,0.000,8.889
VGB,British Virgin Islands,2007,7.215,2.920,0.400,0.000,0.000,2.041
VGB,British Virgin Islands,2008,7.242,3.111,0.390,0.000,0.000,4.000
VGB,British Virgin Islands,2009,7.129,3.305,0.381,0.000,0.000,1.923
VGB,British Virgin Islands,2010,7.672,3.517,0.378,0.000,0.000,9.434
VGB,British Virgin Islands,2011,7.269,3.726,0.384,0.000,0.000,-1.724
VGB,British Virgin Islands,2012,6.877,3.935,0.361,0.000,0.000,0.000
VGB,British Virgin Islands,2013,6.698,4.148,0.351,0.000,0.000,1.754
VGB,British Virgin Islands,2014,6.553,4.364,0.344,0.000,0.000,1.724
VGB,British Virgin Islands,2015,6.474,4.587,0.328,0.000,0.000,3.390
VGB,British Virgin Islands,2016,6.700,4.814,0.336,0.000,0.000,1.639
VGB,British Virgin Islands,2017,5.486,4.994,0.350,0.000,0.000,-20.968
VGB,British Virgin Islands,2018,4.543,5.152,0.331,0.000,0.000,-12.245
VGB,British Virgin Islands,2019,5.030,5.335,0.316,0.000,0.000,16.279
VGB,British Virgin Islands,2020,4.831,5.514,0.308,0.000,0.000,-2.000
VGB,British Virgin Islands,2021,4.842,5.698,0.305,0.000,0.000,2.041
VGB,British Virgin Islands,2022,4.844,5.883,0.302,0.000,0.000,1.398
VGB,British Virgin Islands,2023,4.752,6.069,0.300,0.000,0.000,-0.202
VGB,British Virgin Islands,2024,4.874,6.261,0.296,0.000,0.000,3.842
BRN,Brunei,2000,18.032,221.085,6.811,0.000,0.017,-1.537
BRN,Brunei,2001,17.273,226.843,7.970,0.000,0.017,-2.178
BRN,Brunei,2002,15.540,232.128,6.248,0.000,0.017,-8.206
BRN,Brunei,2003,17.711,238.268,6.427,0.000,0.018,16.162
BRN,Brunei,2004,16.907,244.234,5.371,0.000,0.018,-2.817
BRN,Brunei,2005,15.124,249.663,5.088,0.000,0.018,-9.019
BRN,Brunei,2006,19.589,256.807,6.773,0.000,0.018,31.596
BRN,Brunei,2007,21.777,264.883,6.519,0.000,0.018,13.061
BRN,Brunei,2008,24.260,274.049,10.024,0.000,0.018,13.482
BRN,Brunei,2009,20.119,281.794,7.270,0.000,0.019,-15.500
BRN,Brunei,2010,20.435,289.811,8.348,0.000,0.019,3.518
BRN,Brunei,2011,23.925,299.367,9.572,0.000,0.019,19.184
BRN,Brunei,2012,23.424,308.866,9.801,0.000,0.020,-0.582
BRN,Brunei,2013,18.546,316.492,6.453,0.000,0.020,-19.724
BRN,Brunei,2014,21.190,325.323,8.053,0.000,0.020,15.800
BRN,Brunei,2015,16.421,332.257,7.421,0.000,0.021,-21.489
BRN,Brunei,2016,17.852,339.890,7.699,0.000,0.021,10.091
BRN,Brunei,2017,21.510,349.199,7.037,0.000,0.021,21.964
BRN,Brunei,2018,21.336,358.540,7.831,0.000,0.021,0.341
BRN,Brunei,2019,21.605,368.104,7.515,0.000,0.021,2.388
BRN,Brunei,2020,24.937,379.261,7.555,0.000,0.022,16.655
BRN,Brunei,2021,25.920,390.970,6.681,0.000,0.022,4.945
BRN,Brunei,2022,26.872,403.207,3.823,0.000,0.022,4.511
BRN,Brunei,2023,27.241,415.710,4.082,0.000,0.022,2.171
BRN,Brunei,2024,26.046,427.762,3.410,0.000,0.022,-3.601
BGR,Bulgaria,2000,5.687,2875.553,1.431,0.152,0.211,-1.880
BGR,Bulgaria,2001,6.183,2924.573,1.405,0.155,0.208,7.737
BGR,Bulgaria,2002,5.869,2970.714,1.369,0.155,0.206,-5.872
BGR,Bulgaria,2003,6.470,3021.206,1.395,0.163,0.203,9.428
BGR,Bulgaria,2004,6.392,3070.743,1.402,0.186,0.200,-1.889
BGR,Bulgaria,2005,6.576,3121.343,1.384,0.210,0.198,2.146
BGR,Bulgaria,2006,6.785,3173.181,1.392,0.203,0.195,2.445
BGR,Bulgaria,2007,7.338,3228.850,1.403,0.261,0.193,7.392
BGR,Bulgaria,2008,7.169,3282.876,1.384,0.252,0.191,-2.952
BGR,Bulgaria,2009,6.110,3328.626,1.360,0.131,0.188,-15.318
BGR,Bulgaria,2010,6.429,3376.442,1.345,0.109,0.186,4.515
BGR,Bulgaria,2011,7.198,3429.562,1.385,0.107,0.184,11.094
BGR,Bulgaria,2012,6.598,3477.839,1.309,0.134,0.182,-9.119
BGR,Bulgaria,2013,5.862,3520.422,1.278,0.123,0.180,-11.794
BGR,Bulgaria,2014,6.253,3565.591,1.153,0.126,0.178,6.073
BGR,Bulgaria,2015,6.705,3613.718,1.426,0.154,0.177,6.549
BGR,Bulgaria,2016,6.362,3659.062,1.405,0.168,0.175,-5.783
BGR,Bulgaria,2017,6.706,3706.508,1.448,0.175,0.174,4.636
BGR,Bulgaria,2018,6.193,3750.011,1.367,0.174,0.173,-8.310
BGR,Bulgaria,2019,6.049,3792.206,1.336,0.163,0.171,-3.007
BGR,Bulgaria,2020,5.274,3828.777,1.369,0.154,0.169,-13.328
BGR,Bulgaria,2021,6.160,3871.142,1.381,0.154,0.168,15.843
BGR,Bulgaria,2022,6.876,3918.073,1.375,0.152,0.167,10.780
BGR,Bulgaria,2023,5.077,3952.575,1.296,0.154,0.165,-26.487
BGR,Bulgaria,2024,4.679,3984.196,1.326,0.162,0.163,-8.345
BFA,Burkina Faso,2000,0.078,16.850,0.969,0.003,0.066,-10.517
BFA,Burkina Faso,2001,0.087,17.914,0.987,0.002,0.067,14.353
BFA,Burkina Faso,2002,0.084,18.982,0.987,0.001,0.068,0.272
BFA,Burkina Faso,2003,0.091,20.166,1.127,0.001,0.069,10.981
BFA,Burkina Faso,2004,0.082,21.273,1.124,0.001,0.070,-6.500
BFA,Burkina Faso,2005,0.079,22.377,1.119,0.001,0.072,-0.335
BFA,Burkina Faso,2006,0.085,23.594,1.086,0.001,0.073,10.281
BFA,Burkina Faso,2007,0.109,25.211,1.078,0.001,0.075,32.797
BFA,Burkina Faso,2008,0.119,27.029,1.083,0.012,0.076,12.458
BFA,Burkina Faso,2009,0.117,28.865,1.088,0.014,0.077,1.017
BFA,Burkina Faso,2010,0.123,30.850,1.097,0.014,0.078,8.102
BFA,Burkina Faso,2011,0.129,32.999,1.083,0.014,0.080,8.271
BFA,Burkina Faso,2012,0.152,35.611,1.057,0.015,0.081,21.511
BFA,Burkina Faso,2013,0.159,38.420,1.052,0.013,0.082,7.555
BFA,Burkina Faso,2014,0.157,41.287,1.041,0.009,0.083,2.088
BFA,Burkina Faso,2015,0.199,45.031,1.020,0.028,0.084,30.558
BFA,Burkina Faso,2016,0.206,49.019,1.031,0.033,0.085,6.514
BFA,Burkina Faso,2017,0.232,53.640,1.015,0.035,0.086,15.899
BFA,Burkina Faso,2018,0.256,58.867,0.998,0.041,0.087,13.082
BFA,Burkina Faso,2019,0.268,64.485,1.004,0.051,0.088,7.496
BFA,Burkina Faso,2020,0.262,70.103,0.863,0.051,0.089,0.001
BFA,Burkina Faso,2021,0.288,76.431,0.992,0.053,0.090,12.649
BFA,Burkina Faso,2022,0.291,82.974,0.964,0.053,0.091,3.373
BFA,Burkina Faso,2023,0.274,89.282,0.967,0.052,0.091,-3.573
BFA,Burkina Faso,2024,0.276,95.790,0.966,0.051,0.092,3.158
BDI,Burundi,2000,0.042,6.187,0.334,,0.023,7.246
BDI,Burundi,2001,0.031,6.392,0.330,,0.023,-24.324
BDI,Burundi,2002,0.031,6.605,0.323,,0.023,3.571
BDI,Burundi,2003,0.024,6.773,0.321,,0.023,-20.690
BDI,Burundi,2004,0.027,6.971,0.320,,0.023,17.391
BDI,Burundi,2005,0.021,7.129,0.321,0.000,0.022,-20.370
BDI,Burundi,2006,0.024,7.316,0.321,0.000,0.022,18.605
BDI,Burundi,2007,0.023,7.503,0.319,0.000,0.022,0.000
BDI,Burundi,2008,0.024,7.704,0.321,0.000,0.022,7.843
BDI,Burundi,2009,0.024,7.920,0.316,0.000,0.022,7.273
BDI,Burundi,2010,0.036,8.254,0.313,0.000,0.022,54.237
BDI,Burundi,2011,0.043,8.668,0.310,0.000,0.022,24.176
BDI,Burundi,2012,0.039,9.060,0.298,0.000,0.022,-5.310
BDI,Burundi,2013,0.042,9.496,0.363,0.000,0.022,11.215
BDI,Burundi,2014,0.033,9.851,0.345,0.000,0.022,-18.552
BDI,Burundi,2015,0.032,10.206,0.332,0.000,0.022,0.079
BDI,Burundi,2016,0.038,10.635,0.341,0.000,0.022,20.619
BDI,Burundi,2017,0.045,11.151,0.358,0.000,0.022,20.483
BDI,Burundi,2018,0.054,11.797,0.346,0.000,0.022,24.898
BDI,Burundi,2019,0.056,12.482,0.318,0.000,0.022,6.212
BDI,Burundi,2020,0.059,13.221,0.301,0.000,0.022,7.920
BDI,Burundi,2021,0.060,13.993,0.332,0.000,0.022,4.361
BDI,Burundi,2022,0.066,14.870,0.333,0.000,0.022,13.716
BDI,Burundi,2023,0.066,15.771,0.325,0.000,0.022,2.643
BDI,Burundi,2024,0.065,16.688,0.335,0.000,0.022,1.771
KHM,Cambodia,2000,0.160,28.022,1.343,0.000,0.182,5.416
KHM,Cambodia,2001,0.177,30.257,1.331,0.000,0.183,11.927
KHM,Cambodia,2002,0.168,32.412,1.329,0.000,0.183,-3.607
KHM,Cambodia,2003,0.173,34.665,1.407,0.000,0.183,4.592
KHM,Cambodia,2004,0.169,36.904,1.363,0.000,0.184,-0.650
KHM,Cambodia,2005,0.164,39.113,1.438,0.000,0.184,-1.309
KHM,Cambodia,2006,0.209,41.960,1.491,0.000,0.183,28.856
KHM,Cambodia,2007,0.252,45.450,1.495,0.004,0.183,22.569
KHM,Cambodia,2008,0.280,49.386,1.489,0.026,0.182,12.806
KHM,Cambodia,2009,0.321,53.965,1.501,0.024,0.182,16.336
KHM,Cambodia,2010,0.349,59.033,1.492,0.026,0.182,10.657
KHM,Cambodia,2011,0.358,64.304,1.524,0.029,0.182,4.019
KHM,Cambodia,2012,0.373,69.876,1.466,0.033,0.182,5.716
KHM,Cambodia,2013,0.371,75.502,1.435,0.033,0.182,0.958
KHM,Cambodia,2014,0.435,82.204,1.430,0.033,0.182,19.137
KHM,Cambodia,2015,0.524,90.390,1.420,0.042,0.182,22.137
KHM,Cambodia,2016,0.671,101.034,1.411,0.090,0.183,30.020
KHM,Cambodia,2017,0.752,113.121,1.428,0.143,0.183,13.563
KHM,Cambodia,2018,0.856,127.058,1.428,0.204,0.183,15.309
KHM,Cambodia,2019,1.130,145.685,1.403,0.304,0.184,33.641
KHM,Cambodia,2020,1.255,166.675,1.379,0.320,0.184,12.695
KHM,Cambodia,2021,1.224,187.451,1.426,0.347,0.184,-1.026
KHM,Cambodia,2022,1.213,208.316,1.350,0.350,0.184,0.432
KHM,Cambodia,2023,1.229,229.727,1.359,0.346,0.184,2.619
KHM,Cambodia,2024,1.241,251.610,1.351,0.341,0.184,2.201
CMR,Cameroon,2000,0.375,114.596,1.402,0.024,0.205,7.072
CMR,Cameroon,2001,0.363,120.159,1.330,0.026,0.205,-0.468
CMR,Cameroon,2002,0.340,125.509,1.251,0.024,0.205,-3.807
CMR,Cameroon,2003,0.353,131.214,1.268,0.023,0.204,6.616
CMR,Cameroon,2004,0.343,136.912,1.156,0.025,0.203,-0.108
CMR,Cameroon,2005,0.318,142.336,1.177,0.023,0.202,-4.819
CMR,Cameroon,2006,0.313,147.822,1.076,0.022,0.200,1.144
CMR,Cameroon,2007,0.410,155.231,1.021,0.025,0.198,35.062
CMR,Cameroon,2008,0.394,162.552,1.007,0.021,0.197,-1.198
CMR,Cameroon,2009,0.448,171.107,0.985,0.022,0.197,16.861
CMR,Cameroon,2010,0.426,179.490,0.927,0.020,0.196,-2.006
CMR,Cameroon,2011,0.401,187.596,0.885,0.022,0.194,-3.317
CMR,Cameroon,2012,0.366,195.203,0.888,0.023,0.193,-6.147
CMR,Cameroon,2013,0.367,203.056,0.911,0.025,0.191,3.236
CMR,Cameroon,2014,0.398,211.831,0.944,0.023,0.190,11.740
CMR,Cameroon,2015,0.433,221.681,1.015,0.029,0.189,12.248
CMR,Cameroon,2016,0.425,231.646,0.977,0.039,0.189,1.167
CMR,Cameroon,2017,0.397,241.228,0.880,0.041,0.188,-3.845
CMR,Cameroon,2018,0.397,251.071,0.833,0.044,0.187,2.736
CMR,Cameroon,2019,0.377,260.677,0.829,0.042,0.186,-2.424
CMR,Cameroon,2020,0.371,270.393,0.831,0.051,0.185,1.155
CMR,Cameroon,2021,0.362,280.127,0.805,0.065,0.183,0.178
CMR,Cameroon,2022,0.354,289.919,0.777,0.066,0.182,0.605
CMR,Cameroon,2023,0.342,299.614,0.748,0.064,0.181,-0.996
CMR,Cameroon,2024,0.331,309.245,0.735,0.063,0.180,-0.653
CAN,Canada,2000,18.344,22183.338,3.938,0.234,2.505,4.196
CAN,Canada,2001,17.908,22742.316,3.908,0.224,2.506,-1.359
CAN,Canada,2002,17.893,23306.574,3.945,0.227,2.506,0.944
CAN,Canada,2003,18.255,23887.766,3.880,0.228,2.504,3.001
CAN,Canada,2004,17.935,24464.051,3.959,0.234,2.501,-0.844
CAN,Canada,2005,17.583,25034.447,3.895,0.235,2.498,-1.022
CAN,Canada,2006,17.287,25600.762,3.966,0.236,2.492,-0.715
CAN,Canada,2007,17.828,26190.719,3.873,0.234,2.487,4.174
CAN,Canada,2008,17.167,26764.934,3.734,0.209,2.479,-2.668
CAN,Canada,2009,15.997,27306.064,3.492,0.159,2.468,-5.762
CAN,Canada,2010,16.209,27860.369,3.477,0.176,2.455,2.435
CAN,Canada,2011,16.288,28423.203,3.462,0.174,2.443,1.538
CAN,Canada,2012,16.086,28984.973,3.510,0.187,2.430,-0.189
CAN,Canada,2013,16.110,29553.562,3.492,0.169,2.418,1.214
CAN,Canada,2014,15.854,30118.500,3.605,0.166,2.406,-0.642
CAN,Canada,2015,15.655,30681.504,3.536,0.172,2.395,-0.343
CAN,Canada,2016,15.231,31235.209,3.370,0.168,2.382,-1.651
CAN,Canada,2017,15.395,31801.871,3.383,0.186,2.371,2.339
CAN,Canada,2018,15.420,32376.961,3.378,0.187,2.358,1.488
CAN,Canada,2019,15.325,32955.969,3.313,0.190,2.345,0.681
CAN,Canada,2020,13.733,33480.176,2.903,0.176,2.331,-9.464
CAN,Canada,2021,13.977,34017.656,2.988,0.192,2.317,2.532
CAN,Canada,2022,14.107,34565.312,3.015,0.174,2.301,1.894
CAN,Canada,2023,13.880,35110.789,3.021,0.186,2.286,-0.398
CAN,Canada,2024,13.420,35644.129,2.902,0.184,2.271,-2.225
CPV,Cape Verde,2000,0.655,4.565,0.382,0.000,0.001,3.846
CPV,Cape Verde,2001,0.756,4.913,0.373,0.000,0.001,17.284
CPV,Cape Verde,2002,0.824,5.297,0.378,0.000,0.001,10.526
CPV,Cape Verde,2003,0.875,5.711,0.251,0.000,0.001,7.619
CPV,Cape Verde,2004,0.894,6.140,0.264,0.000,0.001,3.540
CPV,Cape Verde,2005,0.921,6.587,0.265,0.000,0.001,4.274
CPV,Cape Verde,2006,1.008,7.082,0.262,0.000,0.001,10.656
CPV,Cape Verde,2007,1.019,7.587,0.258,0.000,0.001,2.222
CPV,Cape Verde,2008,0.943,8.060,0.257,0.000,0.001,-6.522
CPV,Cape Verde,2009,1.035,8.584,0.266,0.000,0.001,10.853
CPV,Cape Verde,2010,1.092,9.141,0.270,0.000,0.001,6.294
CPV,Cape Verde,2011,1.204,9.756,0.272,0.000,0.001,10.526
CPV,Cape Verde,2012,0.980,10.258,0.273,0.000,0.001,-18.452
CPV,Cape Verde,2013,0.966,10.753,0.275,0.000,0.001,-1.460
CPV,Cape Verde,2014,0.958,11.244,0.278,0.000,0.001,-0.741
CPV,Cape Verde,2015,0.965,11.739,0.280,0.000,0.001,0.746
CPV,Cape Verde,2016,1.037,12.270,0.284,0.000,0.001,7.407
CPV,Cape Verde,2017,1.114,12.841,0.267,0.000,0.001,7.586
CPV,Cape Verde,2018,1.113,13.413,0.267,0.000,0.001,0.000
CPV,Cape Verde,2019,1.226,14.043,0.271,0.000,0.001,10.256
CPV,Cape Verde,2020,1.011,14.564,0.281,0.000,0.001,-17.442
CPV,Cape Verde,2021,1.142,15.153,0.290,0.000,0.001,13.380
CPV,Cape Verde,2022,1.150,15.751,0.291,0.000,0.001,1.313
CPV,Cape Verde,2023,1.094,16.323,0.293,0.000,0.001,-4.377
CPV,Cape Verde,2024,1.131,16.916,0.301,0.000,0.001,3.901
CAF,Central African Republic,2000,0.032,7.215,3.290,0.000,0.073,-46.032
CAF,Central African Republic,2001,0.036,7.358,2.716,0.000,0.073,14.706
CAF,Central African Republic,2002,0.029,7.475,2.394,0.000,0.073,-17.949
CAF,Central African Republic,2003,0.028,7.588,3.005,0.000,0.074,-3.125
CAF,Central African Republic,2004,0.030,7.713,2.595,0.000,0.074,9.677
CAF,Central African Republic,2005,0.030,7.841,2.680,0.000,0.074,2.941
CAF,Central African Republic,2006,0.032,7.980,2.674,0.000,0.075,8.571
CAF,Central African Republic,2007,0.034,8.134,2.756,0.000,0.075,10.526
CAF,Central African Republic,2008,0.033,8.285,2.851,0.000,0.076,-2.381
CAF,Central African Republic,2009,0.034,8.438,2.362,0.000,0.076,2.439
CAF,Central African Republic,2010,0.038,8.607,2.637,0.000,0.076,9.524
CAF,Central African Republic,2011,0.034,8.761,2.747,0.000,0.076,-8.696
CAF,Central African Republic,2012,0.040,8.944,2.378,0.000,0.075,19.048
CAF,Central African Republic,2013,0.022,9.047,2.493,0.000,0.075,-44.000
CAF,Central African Republic,2014,0.029,9.179,2.454,0.000,0.074,28.571
CAF,Central African Republic,2015,0.042,9.373,2.501,0.000,0.074,47.222
CAF,Central African Republic,2016,0.051,9.611,2.657,0.000,0.074,22.642
CAF,Central African Republic,2017,0.060,9.897,2.394,0.000,0.074,20.000
CAF,Central African Republic,2018,0.056,10.168,2.406,0.000,0.075,-5.128
CAF,Central African Republic,2019,0.063,10.479,2.188,0.000,0.075,14.865
CAF,Central African Republic,2020,0.066,10.813,2.309,0.000,0.075,7.059
CAF,Central African Republic,2021,0.072,11.179,2.268,0.000,0.075,9.890
CAF,Central African Republic,2022,0.074,11.557,2.357,0.000,0.075,3.000
CAF,Central African Republic,2023,0.076,11.946,2.496,0.000,0.076,3.150
CAF,Central African Republic,2024,0.074,12.341,2.463,0.000,0.076,1.388
TCD,Chad,2000,0.057,9.661,2.846,,0.087,2.942
TCD,Chad,2001,0.057,10.167,2.582,,0.089,3.709
TCD,Chad,2002,0.058,10.698,2.684,,0.092,5.067
TCD,Chad,2003,0.093,11.581,2.729,,0.094,66.113
TCD,Chad,2004,0.091,12.487,2.893,,0.098,2.695
TCD,Chad,2005,0.090,13.416,2.935,,0.101,2.557
TCD,Chad,2006,0.089,14.373,2.908,,0.104,3.004
TCD,Chad,2007,0.098,15.462,2.937,,0.107,13.754
TCD,Chad,2008,0.076,16.335,2.926,,0.111,-19.881
TCD,Chad,2009,0.103,17.555,2.914,,0.114,39.801
TCD,Chad,2010,0.100,18.791,2.979,0.000,0.118,1.336
TCD,Chad,2011,0.100,20.067,3.011,0.000,0.121,3.285
TCD,Chad,2012,0.132,21.814,3.051,0.004,0.125,36.816
TCD,Chad,2013,0.152,23.896,3.061,0.005,0.129,19.211
TCD,Chad,2014,0.154,26.079,3.095,0.005,0.132,4.832
TCD,Chad,2015,0.161,28.431,3.248,0.006,0.136,7.747
TCD,Chad,2016,0.158,30.812,3.328,0.006,0.140,1.263
TCD,Chad,2017,0.150,33.153,3.340,0.009,0.143,-1.714
TCD,Chad,2018,0.148,35.537,3.423,0.009,0.147,1.826
TCD,Chad,2019,0.138,37.836,3.464,0.010,0.151,-3.513
TCD,Chad,2020,0.137,40.193,3.567,0.009,0.155,2.464
TCD,Chad,2021,0.150,42.863,3.583,0.011,0.160,13.312
TCD,Chad,2022,0.152,45.663,3.650,0.013,0.164,4.878
TCD,Chad,2023,0.147,48.512,3.656,0.012,0.169,1.714
TCD,Chad,2024,0.139,51.343,3.631,0.011,0.174,-0.597
CHL,Chile,2000,3.773,1549.809,1.500,0.065,0.267,-4.731
CHL,Chile,2001,3.374,1602.727,1.488,0.065,0.266,-9.545
CHL,Chile,2002,3.458,1657.563,1.452,0.068,0.265,3.623
CHL,Chile,2003,3.438,1712.663,1.424,0.069,0.264,0.483
CHL,Chile,2004,3.658,1771.884,1.447,0.074,0.264,7.479
CHL,Chile,2005,3.738,1833.001,1.411,0.070,0.263,3.200
CHL,Chile,2006,3.880,1897.049,1.385,0.075,0.263,4.797
CHL,Chile,2007,4.227,1967.518,1.364,0.079,0.263,10.025
CHL,Chile,2008,4.190,2038.067,1.408,0.078,0.263,0.113
CHL,Chile,2009,3.878,2104.027,1.342,0.064,0.263,-6.505
CHL,Chile,2010,4.153,2175.374,1.199,0.061,0.262,8.168
CHL,Chile,2011,4.499,2253.446,1.257,0.062,0.262,9.424
CHL,Chile,2012,4.545,2333.067,1.283,0.064,0.262,1.985
CHL,Chile,2013,4.621,2414.800,1.244,0.061,0.261,2.653
CHL,Chile,2014,4.343,2492.386,1.166,0.057,0.260,-5.074
CHL,Chile,2015,4.531,2574.165,1.106,0.057,0.260,5.403
CHL,Chile,2016,4.612,2658.415,1.099,0.061,0.259,3.023
CHL,Chile,2017,4.533,2742.550,1.104,0.049,0.258,-0.138
CHL,Chile,2018,4.469,2826.992,1.119,0.039,0.257,0.366
CHL,Chile,2019,4.791,2918.969,1.100,0.044,0.256,8.923
CHL,Chile,2020,4.139,2999.147,1.071,0.045,0.256,-12.828
CHL,Chile,2021,4.298,3082.778,1.008,0.049,0.254,4.306
CHL,Chile,2022,4.385,3168.522,0.977,0.044,0.253,2.527
CHL,Chile,2023,3.948,3246.126,0.977,0.043,0.251,-9.493
CHL,Chile,2024,3.983,3324.852,0.943,0.043,0.249,1.445
CHN,China,2000,2.870,75665.578,0.748,0.189,8.360,2.644
CHN,China,2001,2.912,79389.695,0.749,0.208,8.453,2.204
CHN,China,2002,3.185,83487.875,0.747,0.216,8.551,10.044
CHN,China,2003,3.735,88323.133,0.778,0.269,8.668,17.985
CHN,China,2004,4.002,93534.086,0.821,0.278,8.801,7.770
CHN,China,2005,4.490,99416.078,0.855,0.314,8.959,12.877
CHN,China,2006,4.921,105902.258,0.882,0.351,9.133,10.272
CHN,China,2007,5.261,112876.930,0.887,0.382,9.317,7.531
CHN,China,2008,5.617,120369.328,0.887,0.388,9.510,7.423
CHN,China,2009,5.871,128250.820,0.892,0.427,9.711,5.193
CHN,China,2010,6.370,136860.875,0.918,0.465,9.924,9.244
CHN,China,2011,6.999,146381.031,0.973,0.512,10.165,10.570
CHN,China,2012,7.132,156148.328,0.963,0.513,10.399,2.596
CHN,China,2013,7.210,166090.703,0.965,0.533,10.633,1.792
CHN,China,2014,7.188,176066.734,0.966,0.545,10.856,0.339
CHN,China,2015,7.061,185924.781,0.961,0.506,11.065,-1.183
CHN,China,2016,6.943,195672.953,0.926,0.519,11.257,-1.114
CHN,China,2017,7.080,205672.953,0.934,0.524,11.454,2.583
CHN,China,2018,7.292,216019.750,0.955,0.530,11.654,3.468
CHN,China,2019,7.526,226733.266,0.965,0.566,11.857,3.544
CHN,China,2020,7.641,237629.781,0.981,0.581,12.071,1.708
CHN,China,2021,7.911,248914.188,1.017,0.563,12.285,3.560
CHN,China,2022,8.218,260625.984,1.062,0.504,12.507,3.788
CHN,China,2023,8.556,272798.000,1.084,0.479,12.731,3.929
CHN,China,2024,8.658,285087.031,1.121,0.435,12.951,0.961
CXR,Christmas Island,2000,,1.330,,,0.000,
CXR,Christmas Island,2001,,1.330,,,0.000,
CXR,Christmas Island,2002,,1.330,,,0.000,
CXR,Christmas Island,2003,,1.330,,,0.000,
CXR,Christmas Island,2004,,1.330,,,0.000,
CXR,Christmas Island,2005,,1.330,,,0.000,
CXR,Christmas Island,2006,,1.330,,,0.000,
CXR,Christmas Island,2007,,1.330,,,0.000,
CXR,Christmas Island,2008,,1.330,,,0.000,
CXR,Christmas Island,2009,,1.330,,,0.000,
CXR,Christmas Island,2010,,1.330,,,0.000,
CXR,Christmas Island,2011,,1.330,,,0.000,
CXR,Christmas Island,2012,,1.330,,,0.000,
CXR,Christmas Island,2013,,1.330,,,0.000,
CXR,Christmas Island,2014,,1.330,,,0.000,
CXR,Christmas Island,2015,,1.330,,,0.000,
CXR,Christmas Island,2016,,1.330,,,0.000,
CXR,Christmas Island,2017,,1.330,,,0.000,
CXR,Christmas Island,2018,,1.330,,,0.000,
CXR,Christmas Island,2019,,1.330,,,0.000,
CXR,Christmas Island,2020,,1.330,,,0.000,
CXR,Christmas Island,2021,,1.330,,,0.000,
CXR,Christmas Island,2022,,1.330,,,0.000,
CXR,Christmas Island,2023,,1.330,,,0.000,
CXR,Christmas Island,2024,,1.330,,,0.000,
COL,Colombia,2000,1.438,1924.910,1.864,0.078,1.069,1.677
COL,Colombia,2001,1.422,1981.376,1.868,0.074,1.061,0.449
COL,Colombia,2002,1.374,2036.792,1.852,0.070,1.054,-1.857
COL,Colombia,2003,1.393,2093.826,1.848,0.076,1.050,2.917
COL,Colombia,2004,1.308,2148.150,1.827,0.080,1.042,-4.751
COL,Colombia,2005,1.430,2208.406,1.814,0.101,1.033,10.920
COL,Colombia,2006,1.463,2270.872,1.805,0.101,1.024,3.666
COL,Colombia,2007,1.403,2331.542,1.830,0.110,1.016,-2.875
COL,Colombia,2008,1.531,2398.524,1.829,0.102,1.007,10.404
COL,Colombia,2009,1.621,2470.295,1.830,0.089,0.998,7.149
COL,Colombia,2010,1.685,2545.726,1.868,0.091,0.989,5.100
COL,Colombia,2011,1.661,2620.918,1.817,0.102,0.983,-0.318
COL,Colombia,2012,1.721,2699.593,1.752,0.102,0.982,4.633
COL,Colombia,2013,1.873,2786.038,1.738,0.101,0.977,9.876
COL,Colombia,2014,1.977,2878.079,1.720,0.104,0.969,6.474
COL,Colombia,2015,1.938,2969.106,1.671,0.098,0.961,-1.103
COL,Colombia,2016,1.931,3060.689,1.688,0.087,0.953,0.611
COL,Colombia,2017,1.734,3144.147,1.708,0.085,0.948,-8.871
COL,Colombia,2018,1.852,3234.958,1.740,0.088,0.942,8.809
COL,Colombia,2019,1.983,3333.920,1.760,0.087,0.936,8.976
COL,Colombia,2020,1.823,3426.225,1.711,0.080,0.929,-6.727
COL,Colombia,2021,2.027,3529.959,1.737,0.094,0.922,12.381
COL,Colombia,2022,1.729,3619.396,1.731,0.098,0.915,-13.782
COL,Colombia,2023,1.720,3709.388,1.733,0.094,0.908,0.621
COL,Colombia,2024,1.752,3802.047,1.726,0.088,0.901,2.964
COM,Comoros,2000,0.191,1.806,0.569,0.000,0.001,7.692
COM,Comoros,2001,0.194,1.913,0.550,0.000,0.001,3.571
COM,Comoros,2002,0.190,2.019,0.550,0.000,0.001,0.000
COM,Comoros,2003,0.238,2.154,0.533,0.000,0.001,27.586
COM,Comoros,2004,0.259,2.305,0.543,0.000,0.001,10.811
COM,Comoros,2005,0.241,2.448,0.532,0.000,0.001,-4.878
COM,Comoros,2006,0.279,2.616,0.522,0.000,0.001,17.949
COM,Comoros,2007,0.172,2.722,0.515,0.000,0.001,-36.957
COM,Comoros,2008,0.175,2.832,0.513,0.000,0.001,3.448
COM,Comoros,2009,0.211,2.968,0.511,0.000,0.001,23.333
COM,Comoros,2010,0.246,3.129,0.500,0.000,0.001,18.919
COM,Comoros,2011,0.214,3.272,0.501,0.000,0.001,-11.364
COM,Comoros,2012,0.226,3.426,0.500,0.000,0.001,7.692
COM,Comoros,2013,0.263,3.609,0.500,0.000,0.001,19.048
COM,Comoros,2014,0.232,3.774,0.499,0.000,0.001,-10.000
COM,Comoros,2015,0.247,3.953,0.490,0.000,0.001,8.889
COM,Comoros,2016,0.277,4.159,0.488,0.000,0.001,14.286
COM,Comoros,2017,0.349,4.422,0.485,0.000,0.001,28.571
COM,Comoros,2018,0.370,4.708,0.484,0.000,0.001,8.333
COM,Comoros,2019,0.396,5.020,0.491,0.000,0.001,8.974
COM,Comoros,2020,0.461,5.390,0.488,0.000,0.001,18.824
COM,Comoros,2021,0.609,5.888,0.474,0.000,0.001,34.653
COM,Comoros,2022,0.637,6.420,0.474,0.000,0.001,6.696
COM,Comoros,2023,0.638,6.962,0.469,0.000,0.001,1.967
COM,Comoros,2024,0.637,7.513,0.462,0.000,0.001,1.756
COG,Congo,2000,1.359,56.071,5.219,0.003,0.128,9.415
COG,Congo,2001,1.277,60.248,4.777,0.000,0.129,-2.485
COG,Congo,2002,0.812,62.969,3.144,0.000,0.129,-34.887
COG,Congo,2003,0.946,66.227,3.446,0.000,0.128,19.771
COG,Congo,2004,0.995,69.775,3.643,0.000,0.128,8.916
COG,Congo,2005,1.177,74.128,4.322,0.011,0.128,22.643
COG,Congo,2006,1.247,78.913,4.536,0.010,0.129,9.966
COG,Congo,2007,1.070,83.173,3.707,0.010,0.129,-11.002
COG,Congo,2008,1.038,87.443,3.493,0.010,0.129,0.257
COG,Congo,2009,1.155,92.387,3.616,0.010,0.129,15.769
COG,Congo,2010,1.233,97.887,3.815,0.007,0.129,11.253
COG,Congo,2011,1.095,102.933,3.600,0.006,0.129,-8.246
COG,Congo,2012,1.059,107.951,3.397,0.012,0.129,-0.563
COG,Congo,2013,1.213,113.841,3.013,0.020,0.129,17.384
COG,Congo,2014,1.100,119.313,3.016,0.036,0.129,-7.118
COG,Congo,2015,1.106,124.949,2.847,0.053,0.128,3.027
COG,Congo,2016,1.097,130.676,2.749,0.070,0.128,1.606
COG,Congo,2017,1.056,136.327,3.002,0.076,0.127,-1.332
COG,Congo,2018,1.194,142.872,3.431,0.049,0.126,15.815
COG,Congo,2019,1.299,150.166,3.401,0.050,0.126,11.443
COG,Congo,2020,1.335,157.843,3.064,0.040,0.125,5.261
COG,Congo,2021,1.255,165.236,2.723,0.049,0.124,-3.705
COG,Congo,2022,1.446,173.963,2.672,0.057,0.124,18.053
COG,Congo,2023,1.338,182.238,2.681,0.056,0.123,-5.193
COG,Congo,2024,1.396,191.077,2.389,0.055,0.122,6.834
COK,Cook Islands,2000,3.231,1.019,1.264,0.000,0.000,0.000
COK,Cook Islands,2001,3.602,1.074,1.194,0.000,0.000,7.143
COK,Cook Islands,2002,2.932,1.118,1.193,0.000,0.000,-20.000
COK,Cook Islands,2003,3.165,1.165,1.195,0.000,0.000,8.333
COK,Cook Islands,2004,3.396,1.216,1.255,0.000,0.000,7.692
COK,Cook Islands,2005,3.869,1.275,1.267,0.000,0.000,14.286
COK,Cook Islands,2006,4.330,1.341,1.261,0.000,0.000,12.500
COK,Cook Islands,2007,4.250,1.407,1.242,0.000,0.000,0.000
COK,Cook Islands,2008,4.121,1.473,1.214,0.000,0.000,0.000
COK,Cook Islands,2009,3.776,1.535,1.165,0.000,0.000,-5.556
COK,Cook Islands,2010,4.095,1.605,1.132,0.000,0.000,11.765
COK,Cook Islands,2011,4.402,1.682,1.099,0.000,0.000,10.526
COK,Cook Islands,2012,4.557,1.762,1.084,0.000,0.000,4.762
COK,Cook Islands,2013,4.572,1.843,1.066,0.000,0.000,0.000
COK,Cook Islands,2014,4.591,1.924,1.067,0.000,0.000,0.000
COK,Cook Islands,2015,4.404,2.001,1.055,0.000,0.000,-4.545
COK,Cook Islands,2016,4.432,2.077,1.046,0.000,0.000,0.000
COK,Cook Islands,2017,4.509,2.154,1.051,0.000,0.000,0.000
COK,Cook Islands,2018,4.629,2.231,1.089,0.000,0.000,0.000
COK,Cook Islands,2019,4.991,2.312,1.067,0.000,0.000,4.762
COK,Cook Islands,2020,4.210,2.378,1.016,0.000,0.000,-18.182
COK,Cook Islands,2021,4.819,2.451,1.029,0.000,0.000,11.111
COK,Cook Islands,2022,5.218,2.528,1.033,0.000,0.000,5.000
COK,Cook Islands,2023,5.376,2.605,1.035,0.000,0.000,-0.472
COK,Cook Islands,2024,5.824,2.685,1.022,0.000,0.000,4.573
CRI,Costa Rica,2000,1.363,107.735,1.032,0.108,0.103,-0.890
CRI,Costa Rica,2001,1.406,113.373,1.008,0.119,0.102,5.043
CRI,Costa Rica,2002,1.525,119.588,0.987,0.116,0.101,10.224
CRI,Costa Rica,2003,1.583,126.139,0.970,0.106,0.100,5.418
CRI,Costa Rica,2004,1.618,132.936,0.960,0.137,0.099,3.752
CRI,Costa Rica,2005,1.563,139.595,0.884,0.178,0.097,-2.019
CRI,Costa Rica,2006,1.614,146.571,0.843,0.125,0.096,4.752
CRI,Costa Rica,2007,1.805,154.478,0.897,0.200,0.095,13.340
CRI,Costa Rica,2008,1.787,162.412,0.925,0.177,0.094,0.347
CRI,Costa Rica,2009,1.710,170.105,0.929,0.173,0.093,-3.038
CRI,Costa Rica,2010,1.638,177.566,0.939,0.103,0.092,-3.015
CRI,Costa Rica,2011,1.578,184.843,0.953,0.111,0.091,-2.477
CRI,Costa Rica,2012,1.547,192.059,0.933,0.109,0.090,-0.819
CRI,Costa Rica,2013,1.608,199.643,0.945,0.111,0.089,5.082
CRI,Costa Rica,2014,1.616,207.345,0.936,0.112,0.088,1.560
CRI,Costa Rica,2015,1.526,214.698,0.946,0.118,0.087,-4.532
CRI,Costa Rica,2016,1.609,222.527,0.972,0.089,0.086,6.475
CRI,Costa Rica,2017,1.626,230.513,0.994,0.099,0.085,2.016
CRI,Costa Rica,2018,1.607,238.480,1.025,0.096,0.084,-0.248
CRI,Costa Rica,2019,1.532,246.141,1.043,0.087,0.084,-3.848
CRI,Costa Rica,2020,1.342,252.895,0.980,0.071,0.083,-11.831
CRI,Costa Rica,2021,1.515,260.560,1.044,0.078,0.082,13.494
CRI,Costa Rica,2022,1.576,268.570,1.065,0.084,0.081,4.497
CRI,Costa Rica,2023,1.659,277.043,1.068,0.084,0.080,5.773
CRI,Costa Rica,2024,1.708,285.803,1.081,0.083,0.080,3.398
CIV,Cote d'Ivoire,2000,0.375,175.409,0.474,0.000,0.272,8.771
CIV,Cote d'Ivoire,2001,0.421,183.062,0.475,0.000,0.270,15.434
CIV,Cote d'Ivoire,2002,0.399,190.512,0.492,0.000,0.269,-2.655
CIV,Cote d'Ivoire,2003,0.277,195.813,0.482,0.000,0.268,-28.854
CIV,Cote d'Ivoire,2004,0.377,203.199,0.460,0.000,0.267,39.350
CIV,Cote d'Ivoire,2005,0.377,210.767,0.504,0.000,0.267,2.461
CIV,Cote d'Ivoire,2006,0.335,217.654,0.494,0.000,0.266,-8.995
CIV,Cote d'Ivoire,2007,0.316,224.308,0.487,0.000,0.265,-3.397
CIV,Cote d'Ivoire,2008,0.312,231.020,0.463,0.000,0.263,0.892
CIV,Cote d'Ivoire,2009,0.257,236.680,0.443,0.000,0.261,-15.682
CIV,Cote d'Ivoire,2010,0.277,242.905,0.451,0.000,0.259,9.979
CIV,Cote d'Ivoire,2011,0.284,249.428,0.483,0.000,0.258,4.794
CIV,Cote d'Ivoire,2012,0.364,257.968,0.490,0.000,0.259,30.918
CIV,Cote d'Ivoire,2013,0.404,267.648,0.503,0.000,0.260,13.346
CIV,Cote d'Ivoire,2014,0.404,277.551,0.478,0.000,0.264,2.308
CIV,Cote d'Ivoire,2015,0.378,287.106,0.474,0.000,0.263,-3.519
CIV,Cote d'Ivoire,2016,0.461,299.085,0.505,0.000,0.265,25.377
CIV,Cote d'Ivoire,2017,0.449,311.087,0.467,0.000,0.268,0.187
CIV,Cote d'Ivoire,2018,0.379,321.502,0.424,0.000,0.269,-13.220
CIV,Cote d'Ivoire,2019,0.374,332.041,0.430,0.000,0.269,1.186
CIV,Cote d'Ivoire,2020,0.381,343.060,0.428,0.000,0.270,4.553
CIV,Cote d'Ivoire,2021,0.461,356.726,0.420,0.000,0.269,24.025
CIV,Cote d'Ivoire,2022,0.477,371.230,0.417,0.000,0.269,6.136
CIV,Cote d'Ivoire,2023,0.451,385.282,0.411,0.000,0.269,-3.116
CIV,Cote d'Ivoire,2024,0.464,400.111,0.407,0.000,0.269,5.523
HRV,Croatia,2000,4.543,703.471,0.797,0.291,0.077,-2.139
HRV,Croatia,2001,4.830,724.247,0.825,0.336,0.077,5.716
HRV,Croatia,2002,5.090,746.163,0.820,0.331,0.076,5.485
HRV,Croatia,2003,5.393,769.389,0.854,0.331,0.075,5.981
HRV,Croatia,2004,5.302,792.242,0.936,0.350,0.075,-1.608
HRV,Croatia,2005,5.400,815.537,0.887,0.357,0.074,1.938
HRV,Croatia,2006,5.444,839.034,0.927,0.379,0.073,0.861
HRV,Croatia,2007,5.747,863.835,0.972,0.385,0.073,5.556
HRV,Croatia,2008,5.450,887.351,0.936,0.363,0.073,-5.186
HRV,Croatia,2009,5.046,909.103,0.973,0.289,0.072,-7.499
HRV,Croatia,2010,4.877,930.081,0.931,0.281,0.071,-3.559
HRV,Croatia,2011,4.816,950.696,0.953,0.253,0.071,-1.733
HRV,Croatia,2012,4.473,969.746,0.911,0.243,0.071,-7.590
HRV,Croatia,2013,4.337,988.147,0.906,0.269,0.070,-3.405
HRV,Croatia,2014,4.183,1005.797,0.899,0.290,0.070,-4.083
HRV,Croatia,2015,4.253,1023.591,0.939,0.279,0.069,0.816
HRV,Croatia,2016,4.371,1041.671,0.965,0.260,0.069,1.604
HRV,Croatia,2017,4.587,1060.384,0.978,0.316,0.068,3.506
HRV,Croatia,2018,4.396,1078.078,0.941,0.301,0.068,-5.443
HRV,Croatia,2019,4.470,1095.899,0.930,0.297,0.067,0.712
HRV,Croatia,2020,4.267,1112.769,0.904,0.307,0.067,-5.333
HRV,Croatia,2021,4.434,1130.172,0.889,0.307,0.067,3.159
HRV,Croatia,2022,4.501,1147.757,0.861,0.281,0.066,1.047
HRV,Croatia,2023,4.740,1166.224,0.841,0.287,0.066,5.018
HRV,Croatia,2024,4.765,1184.689,0.815,0.280,0.065,-0.015
CUB,Cuba,2000,2.277,1191.164,1.288,0.073,0.204,3.307
CUB,Cuba,2001,2.215,1215.845,1.264,0.072,0.202,-2.444
CUB,Cuba,2002,2.253,1241.024,1.263,0.088,0.201,2.019
CUB,Cuba,2003,2.280,1266.579,1.268,0.083,0.199,1.490
CUB,Cuba,2004,2.183,1291.119,1.225,0.084,0.197,-3.970
CUB,Cuba,2005,2.282,1316.825,1.160,0.095,0.195,4.753
CUB,Cuba,2006,2.375,1343.606,1.187,0.101,0.192,4.183
CUB,Cuba,2007,2.279,1369.330,1.193,0.103,0.190,-3.948
CUB,Cuba,2008,2.456,1397.068,1.219,0.096,0.188,7.829
CUB,Cuba,2009,2.502,1425.329,1.277,0.091,0.186,1.884
CUB,Cuba,2010,2.925,1458.371,1.225,0.082,0.184,16.918
CUB,Cuba,2011,2.573,1487.447,1.247,0.083,0.182,-12.004
CUB,Cuba,2012,2.608,1516.923,1.245,0.084,0.180,1.376
CUB,Cuba,2013,2.469,1544.817,1.253,0.082,0.178,-5.367
CUB,Cuba,2014,2.425,1572.183,1.249,0.063,0.176,-1.891
CUB,Cuba,2015,2.580,1601.275,1.201,0.059,0.174,6.303
CUB,Cuba,2016,2.465,1629.047,1.218,0.060,0.172,-4.534
CUB,Cuba,2017,2.183,1653.606,1.181,0.057,0.170,-11.569
CUB,Cuba,2018,2.050,1676.625,1.191,0.064,0.169,-6.269
CUB,Cuba,2019,2.007,1699.112,1.182,0.057,0.167,-2.313
CUB,Cuba,2020,1.904,1720.393,1.143,0.041,0.165,-5.363
CUB,Cuba,2021,2.027,1742.942,1.124,0.033,0.163,5.959
CUB,Cuba,2022,2.103,1766.201,1.103,0.028,0.161,3.147
CUB,Cuba,2023,2.130,1789.671,1.101,0.028,0.159,0.910
CUB,Cuba,2024,2.226,1814.111,1.069,0.028,0.158,4.133
CUW,Curacao,2000,34.110,419.894,,0.000,0.016,165.338
CUW,Curacao,2001,34.922,424.949,,0.000,0.016,1.829
CUW,Curacao,2002,33.401,429.823,,0.000,0.016,-3.592
CUW,Curacao,2003,32.969,434.700,,0.000,0.016,0.067
CUW,Curacao,2004,34.157,439.817,,0.000,0.016,4.920
CUW,Curacao,2005,33.514,444.888,,0.000,0.016,-0.887
CUW,Curacao,2006,34.655,450.173,,0.000,0.016,4.220
CUW,Curacao,2007,38.720,456.124,,0.000,0.016,12.577
CUW,Curacao,2008,36.975,461.847,,0.000,0.016,-3.815
CUW,Curacao,2009,37.580,467.703,,0.000,0.016,2.323
CUW,Curacao,2010,25.713,471.737,,0.000,0.016,-31.118
CUW,Curacao,2011,32.452,476.883,,0.000,0.016,27.572
CUW,Curacao,2012,39.076,483.170,,0.000,0.016,22.180
CUW,Curacao,2013,36.366,489.102,,0.000,0.016,-5.653
CUW,Curacao,2014,41.182,495.899,,0.000,0.015,14.577
CUW,Curacao,2015,44.002,503.231,,0.000,0.015,7.871
CUW,Curacao,2016,36.970,509.434,,0.000,0.015,-15.392
CUW,Curacao,2017,29.482,514.402,,0.000,0.015,-19.905
CUW,Curacao,2018,23.809,518.726,,0.000,0.015,-12.979
CUW,Curacao,2019,12.641,521.122,,0.000,0.015,-44.576
CUW,Curacao,2020,10.852,523.130,,0.000,0.015,-16.208
CUW,Curacao,2021,11.546,525.270,,0.000,0.015,6.569
CUW,Curacao,2022,11.920,527.479,,0.000,0.015,3.253
CUW,Curacao,2023,11.890,529.684,,0.000,0.014,-0.202
CUW,Curacao,2024,12.344,531.974,,0.000,0.014,3.842
CYP,Cyprus,2000,7.499,141.847,0.496,0.805,0.009,3.547
CYP,Cyprus,2001,7.239,148.827,0.507,0.773,0.009,-1.790
CYP,Cyprus,2002,7.308,155.999,0.515,0.780,0.009,2.755
CYP,Cyprus,2003,7.564,163.559,0.496,0.751,0.009,5.422
CYP,Cyprus,2004,7.650,171.347,0.478,0.794,0.009,2.993
CYP,Cyprus,2005,7.674,179.298,0.456,0.761,0.009,2.113
CYP,Cyprus,2006,7.761,187.481,0.456,0.779,0.010,2.911
CYP,Cyprus,2007,7.900,195.956,0.455,0.757,0.010,3.568
CYP,Cyprus,2008,7.966,204.648,0.453,0.750,0.010,2.555
CYP,Cyprus,2009,7.606,213.086,0.443,0.607,0.010,-2.918
CYP,Cyprus,2010,7.157,221.158,0.819,0.492,0.010,-4.340
CYP,Cyprus,2011,6.797,228.950,0.797,0.476,0.010,-3.462
CYP,Cyprus,2012,6.231,236.212,0.724,0.433,0.010,-6.810
CYP,Cyprus,2013,5.556,242.790,0.681,0.635,0.011,-9.412
CYP,Cyprus,2014,5.766,249.720,0.666,0.810,0.011,5.345
CYP,Cyprus,2015,5.701,256.672,0.675,0.719,0.011,0.327
CYP,Cyprus,2016,5.941,264.022,0.689,0.714,0.011,5.717
CYP,Cyprus,2017,5.955,271.492,0.694,0.736,0.011,1.624
CYP,Cyprus,2018,5.764,278.816,0.971,0.667,0.011,-1.942
CYP,Cyprus,2019,5.693,286.140,1.353,0.613,0.011,0.004
CYP,Cyprus,2020,5.301,293.043,1.302,0.678,0.012,-5.752
CYP,Cyprus,2021,5.276,299.994,1.420,0.667,0.012,0.690
CYP,Cyprus,2022,5.311,307.065,1.541,0.661,0.012,1.726
CYP,Cyprus,2023,5.344,314.253,1.706,0.698,0.012,1.659
CYP,Cyprus,2024,5.374,321.552,1.745,0.691,0.012,1.548
CZE,Czechia,2000,12.429,9682.489,1.379,0.189,0.466,9.055
CZE,Czechia,2001,12.428,9809.654,1.384,0.159,0.463,-0.054
CZE,Czechia,2002,12.109,9933.643,1.369,0.137,0.460,-2.498
CZE,Czechia,2003,12.449,10061.234,1.377,0.145,0.456,2.906
CZE,Czechia,2004,12.504,10189.548,1.369,0.159,0.452,0.566
CZE,Czechia,2005,12.229,10315.262,1.340,0.158,0.448,-2.026
CZE,Czechia,2006,12.279,10441.794,1.338,0.170,0.444,0.652
CZE,Czechia,2007,12.417,10570.158,1.326,0.198,0.441,1.447
CZE,Czechia,2008,11.845,10693.085,1.324,0.192,0.437,-4.235
CZE,Czechia,2009,11.033,10808.058,1.295,0.150,0.433,-6.472
CZE,Czechia,2010,11.226,10925.521,1.307,0.140,0.429,2.167
CZE,Czechia,2011,10.974,11040.699,1.300,0.159,0.426,-1.946
CZE,Czechia,2012,10.590,11151.976,1.303,0.144,0.422,-3.388
CZE,Czechia,2013,10.152,11258.686,1.243,0.127,0.418,-4.103
CZE,Czechia,2014,9.911,11362.917,1.213,0.141,0.415,-2.322
CZE,Czechia,2015,9.976,11467.907,1.207,0.148,0.412,0.726
CZE,Czechia,2016,10.125,11574.544,1.199,0.161,0.409,1.568
CZE,Czechia,2017,10.220,11682.279,1.203,0.164,0.406,1.031
CZE,Czechia,2018,10.079,11788.602,1.189,0.177,0.403,-1.312
CZE,Czechia,2019,9.569,11889.600,1.195,0.187,0.400,-5.008
CZE,Czechia,2020,8.688,11981.261,1.163,0.179,0.397,-9.244
CZE,Czechia,2021,9.176,12077.890,1.195,0.186,0.393,5.420
CZE,Czechia,2022,8.905,12172.930,1.192,0.173,0.390,-1.645
CZE,Czechia,2023,7.700,12256.162,1.159,0.137,0.386,-12.424
CZE,Czechia,2024,7.044,12331.785,1.176,0.138,0.382,-9.142
COD,Democratic Republic of Congo,2000,0.034,158.219,0.476,0.001,0.580,-22.492
COD,Democratic Republic of Congo,2001,0.032,159.866,0.472,0.002,0.581,-3.360
COD,Democratic Republic of Congo,2002,0.032,161.600,0.509,0.002,0.581,5.259
COD,Democratic Republic of Congo,2003,0.038,163.697,0.522,0.002,0.581,20.875
COD,Democratic Republic of Congo,2004,0.036,165.724,0.529,0.003,0.581,-3.253
COD,Democratic Republic of Congo,2005,0.039,168.012,0.511,0.004,0.581,12.797
COD,Democratic Republic of Congo,2006,0.039,170.364,0.507,0.003,0.581,2.812
COD,Democratic Republic of Congo,2007,0.042,172.987,0.479,0.003,0.580,11.534
COD,Democratic Republic of Congo,2008,0.042,175.672,0.480,0.002,0.588,2.369
COD,Democratic Republic of Congo,2009,0.037,178.118,0.465,0.003,0.603,-8.907
COD,Democratic Republic of Congo,2010,0.040,180.853,0.470,0.003,0.621,11.834
COD,Democratic Republic of Congo,2011,0.043,183.894,0.450,0.002,0.640,11.173
COD,Democratic Republic of Congo,2012,0.038,186.691,0.528,0.002,0.659,-8.014
COD,Democratic Republic of Congo,2013,0.052,190.612,0.540,0.002,0.678,40.173
COD,Democratic Republic of Congo,2014,0.065,195.678,0.537,0.002,0.693,29.198
COD,Democratic Republic of Congo,2015,0.040,198.953,0.539,0.002,0.704,-35.365
COD,Democratic Republic of Congo,2016,0.032,201.612,0.531,0.001,0.716,-18.781
COD,Democratic Republic of Congo,2017,0.034,204.532,0.538,0.004,0.729,9.808
COD,Democratic Republic of Congo,2018,0.042,208.307,0.506,0.005,0.738,29.243
COD,Democratic Republic of Congo,2019,0.044,212.425,0.504,0.006,0.745,9.112
COD,Democratic Republic of Congo,2020,0.045,216.730,0.500,0.005,0.753,4.534
COD,Democratic Republic of Congo,2021,0.043,221.022,0.493,0.006,0.765,-0.292
COD,Democratic Republic of Congo,2022,0.058,226.914,0.493,0.008,0.777,37.280
COD,Democratic Republic of Congo,2023,0.056,232.795,0.484,0.008,0.786,-0.191
COD,Democratic Republic of Congo,2024,0.054,238.700,0.480,0.008,0.794,0.397
DNK,Denmark,2000,10.170,3177.541,1.798,0.259,0.219,-7.410
DNK,Denmark,2001,10.431,3233.438,1.841,0.259,0.218,2.928
DNK,Denmark,2002,10.334,3288.992,1.797,0.263,0.217,-0.612
DNK,Denmark,2003,11.250,3349.638,1.781,0.247,0.216,9.164
DNK,Denmark,2004,10.195,3404.738,1.728,0.270,0.214,-9.144
DNK,Denmark,2005,9.509,3456.273,1.707,0.252,0.213,-6.470
DNK,Denmark,2006,10.943,3515.773,1.694,0.257,0.212,15.456
DNK,Denmark,2007,10.017,3570.482,1.712,0.258,0.210,-8.052
DNK,Denmark,2008,9.330,3621.739,1.656,0.210,0.209,-6.312
DNK,Denmark,2009,8.845,3670.590,1.612,0.138,0.207,-4.692
DNK,Denmark,2010,8.866,3719.780,1.659,0.121,0.206,0.692
DNK,Denmark,2011,7.941,3764.017,1.630,0.155,0.204,-10.069
DNK,Denmark,2012,7.128,3803.878,1.610,0.156,0.202,-9.891
DNK,Denmark,2013,7.437,3845.641,1.715,0.154,0.201,4.771
DNK,Denmark,2014,6.657,3883.212,1.701,0.157,0.199,-10.037
DNK,Denmark,2015,6.177,3918.323,1.742,0.164,0.197,-6.550
DNK,Denmark,2016,6.445,3955.240,1.769,0.191,0.196,5.144
DNK,Denmark,2017,6.013,3989.904,1.767,0.207,0.194,-6.100
DNK,Denmark,2018,5.973,4024.513,1.793,0.200,0.192,-0.161
DNK,Denmark,2019,5.323,4055.463,1.820,0.194,0.191,-10.571
DNK,Denmark,2020,4.853,4083.763,1.818,0.210,0.189,-8.564
DNK,Denmark,2021,5.055,4113.367,1.813,0.207,0.188,4.607
DNK,Denmark,2022,4.929,4142.461,1.732,0.182,0.186,-1.720
DNK,Denmark,2023,4.847,4171.292,1.738,0.165,0.184,-0.904
DNK,Denmark,2024,4.746,4199.661,1.709,0.164,0.183,-1.603
DJI,Djibouti,2000,0.490,10.332,1.264,,0.003,-5.660
DJI,Djibouti,2001,0.475,10.699,1.216,,0.003,0.000
DJI,Djibouti,2002,0.502,11.098,1.186,,0.003,9.000
DJI,Djibouti,2003,0.518,11.520,1.180,,0.003,5.505
DJI,Djibouti,2004,0.492,11.926,1.180,,0.003,-3.478
DJI,Djibouti,2005,0.493,12.340,1.178,,0.004,1.802
DJI,Djibouti,2006,0.484,12.754,1.169,,0.004,0.000
DJI,Djibouti,2007,0.520,13.209,1.155,,0.004,9.735
DJI,Djibouti,2008,0.554,13.703,1.168,,0.004,8.871
DJI,Djibouti,2009,0.486,14.147,1.112,0.000,0.004,-10.370
DJI,Djibouti,2010,0.555,14.663,1.082,0.000,0.004,16.529
DJI,Djibouti,2011,0.332,14.978,1.076,0.000,0.004,-39.007
DJI,Djibouti,2012,0.303,15.272,1.075,0.000,0.004,-6.977
DJI,Djibouti,2013,0.387,15.652,1.071,0.059,0.004,29.919
DJI,Djibouti,2014,0.416,16.070,1.069,0.066,0.004,9.663
DJI,Djibouti,2015,0.495,16.575,1.051,0.053,0.004,20.905
DJI,Djibouti,2016,0.412,17.003,1.080,0.049,0.004,-15.281
DJI,Djibouti,2017,0.392,17.416,1.074,0.059,0.004,-3.278
DJI,Djibouti,2018,0.440,17.888,1.061,0.081,0.004,13.964
DJI,Djibouti,2019,0.496,18.428,1.059,0.089,0.004,14.570
DJI,Djibouti,2020,0.419,18.891,1.057,0.084,0.004,-14.282
DJI,Djibouti,2021,0.497,19.449,1.049,0.131,0.004,20.419
DJI,Djibouti,2022,0.484,19.999,1.051,0.164,0.004,-1.296
DJI,Djibouti,2023,0.484,20.557,1.046,0.161,0.004,1.303
DJI,Djibouti,2024,0.483,21.121,1.043,0.159,0.004,1.170
DMA,Dominica,2000,1.497,1.733,0.759,0.000,0.000,27.273
DMA,Dominica,2001,1.609,1.843,0.762,0.000,0.000,7.143
DMA,Dominica,2002,1.500,1.946,0.761,0.000,0.000,-6.667
DMA,Dominica,2003,1.710,2.063,0.765,0.000,0.000,14.286
DMA,Dominica,2004,2.081,2.206,0.768,0.000,0.000,21.875
DMA,Dominica,2005,2.185,2.356,0.769,0.000,0.000,5.128
DMA,Dominica,2006,2.076,2.499,0.772,0.000,0.000,-4.878
DMA,Dominica,2007,2.501,2.671,0.780,0.000,0.000,20.513
DMA,Dominica,2008,2.447,2.840,0.787,0.000,0.000,-2.128
DMA,Dominica,2009,2.713,3.026,0.788,0.000,0.000,10.870
DMA,Dominica,2010,2.447,3.195,0.796,0.000,0.000,-9.804
DMA,Dominica,2011,2.175,3.345,0.821,0.000,0.000,-10.870
DMA,Dominica,2012,2.385,3.510,0.829,0.000,0.000,9.756
DMA,Dominica,2013,2.259,3.668,0.821,0.000,0.000,-4.444
DMA,Dominica,2014,2.395,3.836,0.822,0.000,0.000,6.977
DMA,Dominica,2015,2.497,4.012,0.820,0.000,0.000,4.348
DMA,Dominica,2016,2.473,4.184,0.833,0.000,0.000,-2.083
DMA,Dominica,2017,2.246,4.338,0.841,0.000,0.000,-10.638
DMA,Dominica,2018,2.418,4.503,0.847,0.000,0.000,7.143
DMA,Dominica,2019,2.536,4.675,0.853,0.000,0.000,4.444
DMA,Dominica,2020,2.331,4.833,0.856,0.000,0.000,-8.511
DMA,Dominica,2021,2.398,4.994,0.865,0.000,0.000,2.326
DMA,Dominica,2022,2.466,5.159,0.870,0.000,0.000,2.267
DMA,Dominica,2023,2.473,5.323,0.877,0.000,0.000,-0.203
DMA,Dominica,2024,2.580,5.494,0.882,0.000,0.000,3.842
DOM,Dominican Republic,2000,2.206,313.568,0.817,0.118,0.084,6.538
DOM,Dominican Republic,2001,2.188,332.651,0.848,0.126,0.084,0.769
DOM,Dominican Republic,2002,2.358,353.521,0.865,0.136,0.084,9.367
DOM,Dominican Republic,2003,2.367,374.782,0.843,0.126,0.084,1.870
DOM,Dominican Republic,2004,1.895,392.035,0.896,0.112,0.084,-18.846
DOM,Dominican Republic,2005,1.935,409.887,0.870,0.114,0.083,3.467
DOM,Dominican Republic,2006,2.037,428.917,0.880,0.156,0.083,6.600
DOM,Dominican Republic,2007,2.106,448.826,0.958,0.165,0.083,4.620
DOM,Dominican Republic,2008,2.114,469.061,0.976,0.164,0.083,1.635
DOM,Dominican Republic,2009,2.031,488.747,0.997,0.147,0.083,-2.709
DOM,Dominican Republic,2010,2.082,509.193,1.011,0.154,0.083,3.854
DOM,Dominican Republic,2011,2.104,530.115,1.014,0.147,0.083,2.333
DOM,Dominican Republic,2012,2.076,551.018,1.010,0.149,0.083,-0.093
DOM,Dominican Republic,2013,2.045,571.859,1.012,0.149,0.083,-0.293
DOM,Dominican Republic,2014,2.061,593.124,1.017,0.174,0.083,2.028
DOM,Dominican Republic,2015,2.203,616.110,1.018,0.177,0.083,8.098
DOM,Dominican Republic,2016,2.288,640.250,1.024,0.175,0.083,5.021
DOM,Dominican Republic,2017,2.199,663.705,1.034,0.176,0.084,-2.838
DOM,Dominican Republic,2018,2.338,688.908,1.051,0.180,0.084,7.452
DOM,Dominican Republic,2019,2.613,717.380,1.048,0.185,0.084,12.967
DOM,Dominican Republic,2020,2.383,743.607,1.053,0.169,0.084,-7.880
DOM,Dominican Republic,2021,2.640,772.970,1.065,0.208,0.084,11.953
DOM,Dominican Republic,2022,2.780,804.195,1.061,0.208,0.085,6.342
DOM,Dominican Republic,2023,2.809,836.023,1.062,0.206,0.085,1.934
DOM,Dominican Republic,2024,2.899,869.154,1.070,0.204,0.085,4.092
TLS,East Timor,2000,0.295,0.433,0.756,,0.010,43.724
TLS,East Timor,2001,0.146,0.552,0.909,,0.011,-45.946
TLS,East Timor,2002,0.298,0.814,0.842,0.000,0.011,120.358
TLS,East Timor,2003,0.271,1.063,0.825,0.000,0.011,-5.098
TLS,East Timor,2004,0.535,1.560,1.165,0.000,0.011,99.975
TLS,East Timor,2005,0.339,1.881,1.685,0.000,0.011,-35.383
TLS,East Timor,2006,0.324,2.197,1.816,0.000,0.011,-1.382
TLS,East Timor,2007,0.287,2.486,1.581,0.000,0.011,-9.043
TLS,East Timor,2008,0.276,2.771,1.726,0.000,0.011,-1.019
TLS,East Timor,2009,0.304,3.092,1.601,0.000,0.011,12.854
TLS,East Timor,2010,0.289,3.406,1.479,0.000,0.012,-2.688
TLS,East Timor,2011,0.391,3.839,1.548,0.000,0.012,38.564
TLS,East Timor,2012,0.521,4.431,1.627,0.000,0.012,36.278
TLS,East Timor,2013,0.535,5.051,1.267,0.000,0.012,4.849
TLS,East Timor,2014,0.531,5.678,1.075,0.000,0.012,1.147
TLS,East Timor,2015,0.490,6.268,1.124,0.000,0.012,-5.844
TLS,East Timor,2016,0.523,6.911,0.974,0.000,0.012,8.898
TLS,East Timor,2017,0.554,7.604,0.898,0.000,0.012,7.758
TLS,East Timor,2018,0.484,8.221,0.823,0.000,0.012,-10.944
TLS,East Timor,2019,0.519,8.897,0.940,0.000,0.012,9.466
TLS,East Timor,2020,0.487,9.543,0.810,0.000,0.012,-4.342
TLS,East Timor,2021,0.459,10.163,0.777,0.000,0.012,-4.015
TLS,East Timor,2022,0.489,10.832,0.798,0.000,0.012,7.968
TLS,East Timor,2023,0.460,11.469,0.788,0.000,0.012,-4.909
TLS,East Timor,2024,0.477,12.137,0.737,0.000,0.012,4.931
ECU,Ecuador,2000,1.651,529.755,1.560,0.101,0.270,-4.763
ECU,Ecuador,2001,1.815,553.191,1.615,0.103,0.270,11.870
ECU,Ecuador,2002,1.892,578.053,1.582,0.103,0.269,6.082
ECU,Ecuador,2003,2.028,605.165,1.583,0.104,0.270,9.055
ECU,Ecuador,2004,2.154,634.476,1.669,0.114,0.269,8.106
ECU,Ecuador,2005,2.214,665.127,1.647,0.118,0.268,4.577
ECU,Ecuador,2006,2.114,694.908,1.617,0.130,0.267,-2.841
ECU,Ecuador,2007,2.400,729.301,1.568,0.136,0.266,15.485
ECU,Ecuador,2008,2.092,759.789,1.537,0.164,0.265,-11.354
ECU,Ecuador,2009,2.281,793.603,1.585,0.157,0.264,10.913
ECU,Ecuador,2010,2.419,830.073,1.618,0.152,0.263,7.851
ECU,Ecuador,2011,2.511,868.553,1.605,0.160,0.263,5.514
ECU,Ecuador,2012,2.408,906.046,1.586,0.157,0.261,-2.567
ECU,Ecuador,2013,2.511,945.731,1.596,0.166,0.260,5.847
ECU,Ecuador,2014,2.729,989.491,1.540,0.164,0.260,10.268
ECU,Ecuador,2015,2.539,1030.788,1.463,0.143,0.259,-5.626
ECU,Ecuador,2016,2.386,1070.163,1.449,0.134,0.257,-4.657
ECU,Ecuador,2017,2.339,1109.359,1.410,0.135,0.255,-0.454
ECU,Ecuador,2018,2.255,1147.810,1.342,0.135,0.254,-1.900
ECU,Ecuador,2019,2.312,1187.893,1.352,0.127,0.253,4.243
ECU,Ecuador,2020,1.851,1220.366,1.303,0.116,0.251,-18.984
ECU,Ecuador,2021,2.159,1258.551,1.275,0.119,0.249,17.589
ECU,Ecuador,2022,2.360,1300.617,1.250,0.123,0.248,10.163
ECU,Ecuador,2023,2.481,1345.216,1.228,0.122,0.245,6.024
ECU,Ecuador,2024,2.535,1391.196,1.194,0.121,0.243,3.094
EGY,Egypt,2000,1.954,2423.210,0.668,0.139,0.282,12.481
EGY,Egypt,2001,1.693,2549.582,0.649,0.140,0.287,-11.527
EGY,Egypt,2002,1.684,2677.944,0.657,0.156,0.291,1.575
EGY,Egypt,2003,1.926,2827.898,0.655,0.153,0.295,16.821
EGY,Egypt,2004,1.911,2979.815,0.647,0.151,0.300,1.309
EGY,Egypt,2005,2.058,3146.749,0.636,0.159,0.304,9.885
EGY,Egypt,2006,2.157,3325.138,0.638,0.179,0.309,6.862
EGY,Egypt,2007,2.245,3514.339,0.621,0.208,0.313,6.061
EGY,Egypt,2008,2.281,3710.199,0.624,0.167,0.318,3.519
EGY,Egypt,2009,2.346,3915.442,0.606,0.219,0.323,4.791
EGY,Egypt,2010,2.273,4118.146,0.564,0.205,0.327,-1.237
EGY,Egypt,2011,2.434,4339.821,0.569,0.187,0.330,9.359
EGY,Egypt,2012,2.281,4552.346,0.568,0.164,0.334,-4.128
EGY,Egypt,2013,2.298,4771.432,0.541,0.201,0.337,3.088
EGY,Egypt,2014,2.330,4998.686,0.527,0.208,0.340,3.728
EGY,Egypt,2015,2.276,5225.340,0.505,0.247,0.343,-0.264
EGY,Egypt,2016,2.412,5470.504,0.498,0.248,0.347,8.166
EGY,Egypt,2017,2.443,5723.868,0.492,0.247,0.350,3.345
EGY,Egypt,2018,2.289,5965.771,0.476,0.228,0.354,-4.523
EGY,Egypt,2019,2.176,6199.831,0.436,0.212,0.356,-3.242
EGY,Egypt,2020,2.253,6446.154,0.425,0.198,0.358,5.239
EGY,Egypt,2021,2.405,6712.993,0.425,0.240,0.361,8.329
EGY,Egypt,2022,2.219,6962.892,0.437,0.224,0.364,-6.349
EGY,Egypt,2023,2.185,7213.122,0.428,0.251,0.366,0.133
EGY,Egypt,2024,2.217,7471.490,0.428,0.237,0.368,3.252
SLV,El Salvador,2000,0.950,104.398,0.587,0.072,0.053,1.451
SLV,El Salvador,2001,0.977,110.227,0.636,0.079,0.053,3.217
SLV,El Salvador,2002,1.008,116.263,0.662,0.087,0.052,3.539
SLV,El Salvador,2003,1.066,122.659,0.650,0.090,0.052,5.972
SLV,El Salvador,2004,1.035,128.875,0.659,0.081,0.051,-2.815
SLV,El Salvador,2005,1.043,135.137,0.666,0.071,0.051,0.734
SLV,El Salvador,2006,1.114,141.826,0.691,0.084,0.050,6.832
SLV,El Salvador,2007,1.135,148.645,0.668,0.082,0.050,1.937
SLV,El Salvador,2008,1.057,155.020,0.626,0.081,0.049,-6.515
SLV,El Salvador,2009,1.039,161.303,0.611,0.074,0.049,-1.441
SLV,El Salvador,2010,1.036,167.589,0.585,0.078,0.048,0.064
SLV,El Salvador,2011,1.062,174.056,0.531,0.079,0.048,2.861
SLV,El Salvador,2012,1.053,180.493,0.560,0.082,0.047,-0.468
SLV,El Salvador,2013,0.987,186.551,0.497,0.070,0.047,-5.879
SLV,El Salvador,2014,0.993,192.671,0.534,0.058,0.046,1.026
SLV,El Salvador,2015,1.073,199.308,0.528,0.057,0.045,8.446
SLV,El Salvador,2016,1.060,205.880,0.504,0.051,0.045,-0.981
SLV,El Salvador,2017,0.956,211.822,0.498,0.052,0.044,-9.592
SLV,El Salvador,2018,1.037,218.274,0.472,0.062,0.044,8.592
SLV,El Salvador,2019,1.227,225.908,0.463,0.073,0.043,18.319
SLV,El Salvador,2020,0.984,232.043,0.480,0.057,0.042,-19.639
SLV,El Salvador,2021,1.115,239.019,0.493,0.061,0.042,13.722
SLV,El Salvador,2022,1.260,246.932,0.492,0.061,0.041,13.416
SLV,El Salvador,2023,1.374,255.602,0.494,0.060,0.041,9.569
SLV,El Salvador,2024,1.416,264.574,0.506,0.060,0.040,3.488
GNQ,Equatorial Guinea,2000,3.838,15.425,13.003,0.000,0.006,7.514
GNQ,Equatorial Guinea,2001,4.122,18.516,13.079,0.000,0.008,14.513
GNQ,Equatorial Guinea,2002,3.465,21.281,9.328,0.000,0.009,-10.543
GNQ,Equatorial Guinea,2003,3.691,24.410,9.677,0.000,0.011,13.187
GNQ,Equatorial Guinea,2004,6.820,30.548,10.608,0.000,0.012,96.097
GNQ,Equatorial Guinea,2005,6.551,36.754,9.548,0.000,0.014,1.118
GNQ,Equatorial Guinea,2006,6.233,42.926,10.473,0.000,0.016,-0.542
GNQ,Equatorial Guinea,2007,5.513,48.638,10.430,0.000,0.017,-7.469
GNQ,Equatorial Guinea,2008,5.464,54.563,9.401,0.000,0.019,3.750
GNQ,Equatorial Guinea,2009,4.300,59.446,7.654,0.000,0.020,-17.590
GNQ,Equatorial Guinea,2010,5.363,65.823,7.648,0.000,0.021,30.582
GNQ,Equatorial Guinea,2011,4.885,71.890,7.037,0.000,0.023,-4.856
GNQ,Equatorial Guinea,2012,5.315,78.765,7.007,0.000,0.024,13.320
GNQ,Equatorial Guinea,2013,6.068,86.933,6.016,0.000,0.024,18.812
GNQ,Equatorial Guinea,2014,5.459,94.575,5.837,0.000,0.025,-6.453
GNQ,Equatorial Guinea,2015,4.821,101.585,5.974,0.000,0.026,-8.263
GNQ,Equatorial Guinea,2016,4.998,109.122,5.030,0.000,0.026,7.529
GNQ,Equatorial Guinea,2017,4.362,115.938,4.281,0.000,0.027,-9.580
GNQ,Equatorial Guinea,2018,4.352,122.972,3.171,0.000,0.026,3.209
GNQ,Equatorial Guinea,2019,3.301,128.486,2.788,0.000,0.026,-21.618
GNQ,Equatorial Guinea,2020,3.722,134.875,2.699,0.000,0.025,15.885
GNQ,Equatorial Guinea,2021,4.030,141.963,2.286,0.000,0.024,10.925
GNQ,Equatorial Guinea,2022,4.157,149.460,2.081,0.000,0.024,5.774
GNQ,Equatorial Guinea,2023,3.742,156.373,1.586,0.000,0.023,-7.783
GNQ,Equatorial Guinea,2024,3.704,163.384,1.426,0.000,0.022,1.403
ERI,Eritrea,2000,0.269,5.002,1.699,0.008,0.018,-1.791
ERI,Eritrea,2001,0.276,5.639,1.575,0.008,0.018,5.444
ERI,Eritrea,2002,0.213,6.148,1.521,0.008,0.018,-20.133
ERI,Eritrea,2003,0.313,6.929,1.507,0.007,0.018,53.252
ERI,Eritrea,2004,0.244,7.562,1.472,0.007,0.018,-18.797
ERI,Eritrea,2005,0.220,8.148,1.463,0.007,0.018,-7.531
ERI,Eritrea,2006,0.168,8.601,1.412,0.007,0.018,-22.547
ERI,Eritrea,2007,0.155,9.026,1.474,0.006,0.018,-6.514
ERI,Eritrea,2008,0.141,9.424,1.447,0.006,0.018,-6.074
ERI,Eritrea,2009,0.154,9.870,1.422,0.006,0.018,11.962
ERI,Eritrea,2010,0.159,10.338,1.378,0.006,0.018,4.934
ERI,Eritrea,2011,0.193,10.916,1.412,0.020,0.018,23.459
ERI,Eritrea,2012,0.200,11.524,1.410,0.029,0.018,5.263
ERI,Eritrea,2013,0.185,12.094,1.413,0.029,0.018,-6.366
ERI,Eritrea,2014,0.184,12.663,1.418,0.029,0.019,-0.071
ERI,Eritrea,2015,0.180,13.220,1.428,0.025,0.019,-2.042
ERI,Eritrea,2016,0.177,13.775,1.438,0.025,0.019,-0.559
ERI,Eritrea,2017,0.176,14.328,1.429,0.022,0.019,-0.175
ERI,Eritrea,2018,0.193,14.944,1.422,0.022,0.019,11.337
ERI,Eritrea,2019,0.199,15.589,1.412,0.022,0.019,4.617
ERI,Eritrea,2020,0.195,16.230,1.402,0.019,0.019,-0.569
ERI,Eritrea,2021,0.203,16.911,1.387,0.021,0.019,6.354
ERI,Eritrea,2022,0.211,17.629,1.371,0.020,0.019,5.375
ERI,Eritrea,2023,0.211,18.360,1.355,0.020,0.019,1.776
ERI,Eritrea,2024,0.210,19.103,1.340,0.020,0.019,1.588
EST,Estonia,2000,11.074,1292.357,1.938,0.268,0.077,-2.879
EST,Estonia,2001,11.432,1308.227,1.831,0.274,0.076,2.579
EST,Estonia,2002,11.134,1323.585,1.739,0.258,0.076,-3.226
EST,Estonia,2003,12.584,1340.836,1.817,0.245,0.075,12.324
EST,Estonia,2004,12.712,1358.158,1.843,0.268,0.074,0.414
EST,Estonia,2005,12.614,1375.248,1.779,0.275,0.073,-1.341
EST,Estonia,2006,12.205,1391.686,1.583,0.307,0.073,-3.813
EST,Estonia,2007,14.866,1411.617,1.714,0.445,0.072,21.245
EST,Estonia,2008,13.324,1429.431,1.883,0.451,0.071,-10.615
EST,Estonia,2009,10.794,1443.836,1.827,0.193,0.071,-19.140
EST,Estonia,2010,14.244,1462.801,1.981,0.233,0.070,31.654
EST,Estonia,2011,14.275,1481.749,2.021,0.313,0.069,-0.088
EST,Estonia,2012,13.429,1499.511,2.064,0.308,0.069,-6.262
EST,Estonia,2013,14.898,1519.144,1.978,0.303,0.068,10.542
EST,Estonia,2014,14.290,1537.928,2.076,0.321,0.068,-4.329
EST,Estonia,2015,12.004,1553.708,2.073,0.156,0.067,-15.994
EST,Estonia,2016,13.248,1571.141,2.023,0.141,0.067,10.477
EST,Estonia,2017,14.131,1589.757,2.116,0.233,0.067,6.787
EST,Estonia,2018,13.465,1607.558,2.249,0.225,0.066,-4.380
EST,Estonia,2019,9.261,1619.846,2.141,0.223,0.066,-30.968
EST,Estonia,2020,6.918,1629.044,1.319,0.015,0.065,-25.145
EST,Estonia,2021,7.802,1639.435,1.340,0.000,0.064,12.966
EST,Estonia,2022,8.863,1651.401,1.314,0.000,0.064,15.160
EST,Estonia,2023,6.396,1660.145,1.278,0.000,0.063,-26.926
EST,Estonia,2024,6.105,1668.452,0.977,0.000,0.062,-5.003
SWZ,Eswatini,2000,1.158,20.093,1.403,0.000,0.011,-2.950
SWZ,Eswatini,2001,1.046,21.193,1.332,0.000,0.011,-8.815
SWZ,Eswatini,2002,1.020,22.273,1.399,0.000,0.011,-1.667
SWZ,Eswatini,2003,0.941,23.277,1.425,0.000,0.011,-7.119
SWZ,Eswatini,2004,0.935,24.281,1.448,0.000,0.011,0.000
SWZ,Eswatini,2005,0.941,25.296,1.428,0.000,0.011,1.095
SWZ,Eswatini,2006,0.936,26.311,1.359,0.000,0.011,0.000
SWZ,Eswatini,2007,0.957,27.355,1.409,0.000,0.010,2.888
SWZ,Eswatini,2008,0.928,28.374,1.354,0.000,0.010,-2.456
SWZ,Eswatini,2009,0.955,29.429,1.263,0.000,0.010,3.597
SWZ,Eswatini,2010,0.897,30.426,1.131,0.000,0.010,-5.556
SWZ,Eswatini,2011,0.859,31.386,1.019,0.000,0.010,-3.676
SWZ,Eswatini,2012,0.988,32.496,1.029,0.000,0.010,15.649
SWZ,Eswatini,2013,1.164,33.811,1.076,0.000,0.010,18.482
SWZ,Eswatini,2014,0.671,34.574,1.062,0.000,0.009,-42.061
SWZ,Eswatini,2015,0.744,35.424,1.046,0.000,0.009,11.538
SWZ,Eswatini,2016,0.889,36.446,1.027,0.000,0.009,20.259
SWZ,Eswatini,2017,0.838,37.417,0.985,0.000,0.009,-5.018
SWZ,Eswatini,2018,0.868,38.432,0.980,0.000,0.009,4.528
SWZ,Eswatini,2019,0.932,39.531,0.995,0.000,0.009,8.303
SWZ,Eswatini,2020,0.829,40.520,0.969,0.000,0.008,-10.000
SWZ,Eswatini,2021,0.820,41.509,0.975,0.000,0.008,0.000
SWZ,Eswatini,2022,0.844,42.538,0.960,0.000,0.008,3.938
SWZ,Eswatini,2023,0.837,43.567,0.954,0.000,0.008,0.134
SWZ,Eswatini,2024,0.841,44.612,0.945,0.000,0.008,1.460
ETH,Ethiopia,2000,0.051,77.752,0.829,0.005,0.426,11.912
ETH,Ethiopia,2001,0.061,82.017,0.840,0.005,0.425,23.152
ETH,Ethiopia,2002,0.062,86.448,0.902,0.005,0.429,3.918
ETH,Ethiopia,2003,0.066,91.318,0.863,0.006,0.433,9.896
ETH,Ethiopia,2004,0.068,96.477,0.855,0.007,0.437,5.920
ETH,Ethiopia,2005,0.063,101.433,0.865,0.008,0.441,-3.924
ETH,Ethiopia,2006,0.066,106.751,0.886,0.008,0.445,7.305
ETH,Ethiopia,2007,0.070,112.591,0.940,0.008,0.449,9.804
ETH,Ethiopia,2008,0.075,119.009,0.950,0.008,0.454,9.898
ETH,Ethiopia,2009,0.073,125.462,0.963,0.007,0.459,0.559
ETH,Ethiopia,2010,0.070,131.806,0.977,0.007,0.465,-1.693
ETH,Ethiopia,2011,0.079,139.161,0.943,0.009,0.470,15.930
ETH,Ethiopia,2012,0.083,147.149,0.949,0.014,0.475,8.614
ETH,Ethiopia,2013,0.099,156.893,0.952,0.018,0.480,21.973
ETH,Ethiopia,2014,0.114,168.436,0.957,0.021,0.484,18.468
ETH,Ethiopia,2015,0.121,181.000,0.954,0.028,0.488,8.840
ETH,Ethiopia,2016,0.134,195.323,0.954,0.031,0.491,14.006
ETH,Ethiopia,2017,0.133,209.926,0.949,0.032,0.494,1.951
ETH,Ethiopia,2018,0.143,226.043,0.941,0.033,0.497,10.372
ETH,Ethiopia,2019,0.148,243.220,0.977,0.029,0.500,6.576
ETH,Ethiopia,2020,0.141,259.955,0.995,0.032,0.505,-2.574
ETH,Ethiopia,2021,0.147,277.861,0.938,0.030,0.509,6.995
ETH,Ethiopia,2022,0.135,294.821,0.929,0.023,0.511,-5.282
ETH,Ethiopia,2023,0.137,312.391,0.922,0.023,0.514,3.602
ETH,Ethiopia,2024,0.135,330.228,0.901,0.022,0.517,1.517
FRO,Faroe Islands,2000,15.077,17.250,,,0.001,8.671
FRO,Faroe Islands,2001,16.474,18.012,,,0.001,10.638
FRO,Faroe Islands,2002,15.563,18.741,,,0.001,-4.327
FRO,Faroe Islands,2003,15.444,19.474,,,0.001,0.503
FRO,Faroe Islands,2004,15.559,20.222,,,0.001,2.000
FRO,Faroe Islands,2005,14.918,20.943,,,0.001,-3.431
FRO,Faroe Islands,2006,13.989,21.621,,,0.001,-6.091
FRO,Faroe Islands,2007,14.279,22.314,,,0.001,2.162
FRO,Faroe Islands,2008,13.062,22.948,,,0.001,-8.466
FRO,Faroe Islands,2009,11.858,23.523,,,0.001,-9.249
FRO,Faroe Islands,2010,13.001,24.149,,,0.001,8.917
FRO,Faroe Islands,2011,11.766,24.714,,,0.001,-9.942
FRO,Faroe Islands,2012,12.337,25.307,,,0.001,5.195
FRO,Faroe Islands,2013,13.428,25.956,,,0.001,9.259
FRO,Faroe Islands,2014,12.310,26.553,,,0.001,-7.910
FRO,Faroe Islands,2015,12.434,27.161,,,0.001,1.840
FRO,Faroe Islands,2016,12.644,27.788,,,0.001,3.012
FRO,Faroe Islands,2017,13.995,28.491,,,0.001,12.281
FRO,Faroe Islands,2018,14.208,29.217,,,0.001,3.125
FRO,Faroe Islands,2019,14.269,29.957,,,0.001,2.020
FRO,Faroe Islands,2020,14.415,30.715,,,0.001,2.475
FRO,Faroe Islands,2021,14.704,31.499,,,0.001,3.382
FRO,Faroe Islands,2022,13.378,32.222,,,0.001,-7.802
FRO,Faroe Islands,2023,13.038,32.936,,,0.001,-1.281
FRO,Faroe Islands,2024,13.089,33.661,,,0.001,1.644
FJI,Fiji,2000,0.969,26.170,1.273,0.046,0.009,7.718
FJI,Fiji,2001,1.182,27.174,1.280,0.000,0.009,23.205
FJI,Fiji,2002,0.974,28.009,1.231,0.000,0.009,-16.788
FJI,Fiji,2003,1.146,29.002,1.220,0.000,0.009,18.860
FJI,Fiji,2004,1.487,30.303,1.214,0.000,0.009,30.982
FJI,Fiji,2005,1.159,31.325,1.211,0.000,0.009,-21.400
FJI,Fiji,2006,1.292,32.476,1.206,0.000,0.009,12.545
FJI,Fiji,2007,1.208,33.560,1.199,0.000,0.009,-5.732
FJI,Fiji,2008,0.876,34.352,1.202,0.000,0.009,-27.027
FJI,Fiji,2009,0.775,35.055,1.191,0.000,0.009,-11.111
FJI,Fiji,2010,1.131,36.085,1.187,0.000,0.009,46.354
FJI,Fiji,2011,1.019,37.015,1.183,0.000,0.009,-9.609
FJI,Fiji,2012,0.993,37.924,1.187,0.000,0.009,-2.362
FJI,Fiji,2013,1.132,38.961,1.206,0.000,0.008,14.113
FJI,Fiji,2014,1.286,40.141,0.795,0.000,0.008,13.781
FJI,Fiji,2015,1.592,41.603,0.790,0.000,0.008,23.913
FJI,Fiji,2016,1.463,42.947,0.801,0.000,0.008,-8.020
FJI,Fiji,2017,1.583,44.402,0.840,0.000,0.008,8.174
FJI,Fiji,2018,1.614,45.882,0.852,0.000,0.008,1.763
FJI,Fiji,2019,1.650,47.392,0.947,0.000,0.008,1.973
FJI,Fiji,2020,1.498,48.762,0.883,0.000,0.008,-9.223
FJI,Fiji,2021,1.187,49.850,0.831,0.000,0.008,-20.574
FJI,Fiji,2022,1.510,51.239,0.864,0.000,0.007,27.595
FJI,Fiji,2023,1.496,52.621,0.865,0.000,0.007,-0.472
FJI,Fiji,2024,1.556,54.066,0.820,0.000,0.007,4.574
FIN,Finland,2000,11.015,2079.893,2.050,0.098,0.264,-3.154
FIN,Finland,2001,12.051,2142.412,1.978,0.097,0.263,9.652
FIN,Finland,2002,12.508,2207.461,1.930,0.093,0.262,4.045
FIN,Finland,2003,13.938,2280.120,1.869,0.090,0.261,11.697
FIN,Finland,2004,13.187,2349.065,1.818,0.101,0.260,-5.109
FIN,Finland,2005,10.877,2406.129,1.690,0.103,0.259,-17.234
FIN,Finland,2006,12.983,2474.503,1.768,0.109,0.257,19.820
FIN,Finland,2007,12.624,2541.267,1.708,0.114,0.256,-2.355
FIN,Finland,2008,11.033,2599.893,1.625,0.117,0.255,-12.191
FIN,Finland,2009,10.474,2655.813,1.523,0.072,0.253,-4.612
FIN,Finland,2010,11.950,2719.906,1.601,0.098,0.252,14.612
FIN,Finland,2011,10.513,2776.552,1.536,0.104,0.250,-11.618
FIN,Finland,2012,9.449,2827.705,1.501,0.092,0.248,-9.695
FIN,Finland,2013,9.509,2879.425,1.467,0.089,0.246,1.105
FIN,Finland,2014,8.719,2927.046,1.437,0.086,0.244,-7.922
FIN,Finland,2015,8.065,2971.238,1.409,0.084,0.242,-7.203
FIN,Finland,2016,8.598,3018.490,1.395,0.101,0.240,6.924
FIN,Finland,2017,8.107,3063.147,1.362,0.110,0.239,-5.492
FIN,Finland,2018,8.292,3108.884,1.346,0.109,0.237,2.416
FIN,Finland,2019,7.687,3151.327,1.319,0.106,0.236,-7.198
FIN,Finland,2020,6.821,3189.048,1.292,0.103,0.234,-11.130
FIN,Finland,2021,6.825,3226.867,1.310,0.112,0.233,0.265
FIN,Finland,2022,6.525,3263.204,1.155,0.107,0.231,-3.921
FIN,Finland,2023,5.677,3295.003,1.040,0.079,0.230,-12.489
FIN,Finland,2024,5.301,3324.779,1.015,0.079,0.228,-6.365
FRA,France,2000,6.850,31579.160,1.452,0.144,1.602,-1.362
FRA,France,2001,6.871,31990.752,1.440,0.144,1.592,1.018
FRA,France,2002,6.747,32397.779,1.407,0.143,1.581,-1.109
FRA,France,2003,6.799,32810.770,1.376,0.141,1.568,1.465
FRA,France,2004,6.769,33224.840,1.353,0.148,1.556,0.262
FRA,France,2005,6.756,33641.184,1.328,0.148,1.543,0.548
FRA,France,2006,6.554,34047.852,1.305,0.150,1.531,-2.324
FRA,France,2007,6.350,34444.312,1.295,0.152,1.518,-2.510
FRA,France,2008,6.209,34834.109,1.292,0.141,1.506,-1.682
FRA,France,2009,5.885,35205.512,1.265,0.122,1.494,-4.718
FRA,France,2010,5.946,35582.590,1.258,0.124,1.482,1.528
FRA,France,2011,5.572,35937.719,1.215,0.127,1.468,-5.822
FRA,France,2012,5.590,36295.820,1.197,0.117,1.454,0.837
FRA,France,2013,5.591,36655.832,1.189,0.113,1.441,0.534
FRA,France,2014,5.067,36983.641,1.168,0.108,1.427,-8.945
FRA,France,2015,5.116,37315.773,1.142,0.102,1.414,1.319
FRA,France,2016,5.155,37651.266,1.139,0.102,1.402,1.013
FRA,France,2017,5.183,37989.637,1.132,0.099,1.391,0.856
FRA,France,2018,4.931,38312.738,1.128,0.102,1.378,-4.512
FRA,France,2019,4.812,38629.059,1.088,0.104,1.366,-2.099
FRA,France,2020,4.272,38910.574,1.042,0.094,1.354,-11.003
FRA,France,2021,4.650,39217.848,1.022,0.098,1.341,9.149
FRA,France,2022,4.456,39513.148,0.992,0.097,1.327,-3.895
FRA,France,2023,4.068,39783.410,0.977,0.085,1.314,-8.480
FRA,France,2024,3.969,40047.566,0.944,0.085,1.300,-2.260
PYF,French Polynesia,2000,2.851,14.341,,0.000,0.001,15.432
PYF,French Polynesia,2001,3.152,15.110,,0.000,0.001,12.299
PYF,French Polynesia,2002,3.253,15.916,,0.000,0.001,4.762
PYF,French Polynesia,2003,3.320,16.752,,0.000,0.001,3.636
PYF,French Polynesia,2004,3.296,17.595,,0.000,0.001,0.877
PYF,French Polynesia,2005,3.205,18.426,,0.000,0.001,-1.304
PYF,French Polynesia,2006,3.187,19.265,,0.000,0.001,0.881
PYF,French Polynesia,2007,3.218,20.123,,0.000,0.001,2.183
PYF,French Polynesia,2008,3.235,20.991,,0.000,0.001,1.282
PYF,French Polynesia,2009,3.195,21.852,,0.000,0.001,-0.844
PYF,French Polynesia,2010,3.412,22.775,,0.000,0.001,7.234
PYF,French Polynesia,2011,3.250,23.658,,0.000,0.001,-4.365
PYF,French Polynesia,2012,3.207,24.534,,0.000,0.001,-0.830
PYF,French Polynesia,2013,3.214,25.417,,0.000,0.001,0.837
PYF,French Polynesia,2014,3.076,26.267,,0.000,0.001,-3.734
PYF,French Polynesia,2015,3.046,27.114,,0.000,0.001,-0.431
PYF,French Polynesia,2016,3.110,27.982,,0.000,0.001,2.597
PYF,French Polynesia,2017,3.126,28.858,,0.000,0.001,0.844
PYF,French Polynesia,2018,3.143,29.737,,0.000,0.001,0.418
PYF,French Polynesia,2019,3.191,30.627,,0.000,0.001,1.250
PYF,French Polynesia,2020,2.979,31.459,,0.000,0.001,-6.584
PYF,French Polynesia,2021,3.103,32.327,,0.000,0.001,4.405
PYF,French Polynesia,2022,3.162,33.214,,0.000,0.001,2.110
PYF,French Polynesia,2023,3.139,34.097,,0.000,0.001,-0.472
PYF,French Polynesia,2024,3.275,35.020,,0.000,0.001,4.574
GAB,Gabon,2000,4.804,171.150,15.900,0.067,0.085,1.898
GAB,Gabon,2001,4.948,177.630,15.874,0.074,0.086,5.741
GAB,Gabon,2002,4.647,183.880,14.964,0.077,0.088,-3.545
GAB,Gabon,2003,4.880,190.626,16.120,0.075,0.090,7.932
GAB,Gabon,2004,4.492,197.013,14.572,0.073,0.091,-5.332
GAB,Gabon,2005,4.252,203.236,13.119,0.070,0.092,-2.556
GAB,Gabon,2006,3.675,208.778,10.776,0.068,0.092,-10.936
GAB,Gabon,2007,3.237,213.816,8.797,0.057,0.092,-9.110
GAB,Gabon,2008,3.347,219.195,9.231,0.055,0.092,6.774
GAB,Gabon,2009,3.192,224.499,8.557,0.058,0.092,-1.384
GAB,Gabon,2010,3.214,230.028,8.277,0.050,0.091,4.220
GAB,Gabon,2011,3.057,235.474,7.955,0.049,0.091,-1.473
GAB,Gabon,2012,2.716,240.491,7.586,0.041,0.089,-7.907
GAB,Gabon,2013,2.713,245.681,7.049,0.035,0.088,3.472
GAB,Gabon,2014,2.863,251.344,6.778,0.035,0.087,9.116
GAB,Gabon,2015,2.828,257.117,6.883,0.038,0.086,1.917
GAB,Gabon,2016,2.672,262.730,6.625,0.063,0.084,-2.755
GAB,Gabon,2017,2.550,268.230,6.000,0.066,0.083,-2.004
GAB,Gabon,2018,2.515,273.793,5.313,0.086,0.081,1.143
GAB,Gabon,2019,2.473,279.401,5.900,0.092,0.079,0.789
GAB,Gabon,2020,2.427,285.037,5.690,0.088,0.078,0.514
GAB,Gabon,2021,2.333,290.582,5.200,0.090,0.076,-1.614
GAB,Gabon,2022,2.379,296.365,5.349,0.091,0.075,4.294
GAB,Gabon,2023,2.141,301.686,6.049,0.089,0.073,-7.994
GAB,Gabon,2024,2.126,307.085,5.642,0.087,0.072,1.463
GMB,Gambia,2000,0.189,5.507,0.642,0.000,0.005,0.000
GMB,Gambia,2001,0.201,5.807,0.576,0.000,0.005,9.333
GMB,Gambia,2002,0.196,6.108,0.557,0.000,0.005,0.000
GMB,Gambia,2003,0.190,6.408,0.586,0.000,0.005,0.000
GMB,Gambia,2004,0.197,6.727,0.613,0.000,0.005,6.098
GMB,Gambia,2005,0.191,7.046,0.617,0.000,0.005,0.000
GMB,Gambia,2006,0.203,7.394,0.621,0.000,0.005,9.195
GMB,Gambia,2007,0.197,7.742,0.601,0.000,0.005,0.000
GMB,Gambia,2008,0.200,8.105,0.657,0.000,0.005,4.211
GMB,Gambia,2009,0.200,8.478,0.801,0.000,0.005,3.030
GMB,Gambia,2010,0.224,8.911,0.827,0.000,0.005,15.686
GMB,Gambia,2011,0.223,9.354,0.637,0.000,0.005,2.542
GMB,Gambia,2012,0.221,9.805,0.673,0.000,0.005,1.653
GMB,Gambia,2013,0.204,10.234,0.688,0.000,0.006,-4.878
GMB,Gambia,2014,0.234,10.739,0.689,0.000,0.006,17.949
GMB,Gambia,2015,0.262,11.322,0.728,0.000,0.006,15.217
GMB,Gambia,2016,0.258,11.912,0.657,0.000,0.006,1.258
GMB,Gambia,2017,0.255,12.509,0.619,0.000,0.006,1.242
GMB,Gambia,2018,0.270,13.157,0.531,0.000,0.006,8.589
GMB,Gambia,2019,0.289,13.868,0.570,0.000,0.006,9.605
GMB,Gambia,2020,0.278,14.568,0.550,0.000,0.006,-1.546
GMB,Gambia,2021,0.282,15.294,0.465,0.000,0.006,3.665
GMB,Gambia,2022,0.306,16.102,0.486,0.000,0.006,11.375
GMB,Gambia,2023,0.286,16.874,0.473,0.000,0.006,-4.377
GMB,Gambia,2024,0.291,17.677,0.435,0.000,0.006,3.901
GEO,Georgia,2000,1.039,470.845,0.796,0.032,0.042,5.927
GEO,Georgia,2001,0.884,474.568,0.820,0.031,0.041,-17.221
GEO,Georgia,2002,0.811,477.914,0.850,0.033,0.041,-10.110
GEO,Georgia,2003,0.913,481.645,0.882,0.033,0.040,11.474
GEO,Georgia,2004,1.055,485.923,0.882,0.043,0.039,14.676
GEO,Georgia,2005,1.253,490.968,0.877,0.052,0.038,17.942
GEO,Georgia,2006,1.570,497.241,0.868,0.089,0.038,24.323
GEO,Georgia,2007,1.666,503.850,0.865,0.117,0.037,5.365
GEO,Georgia,2008,1.458,509.597,0.792,0.158,0.036,-13.051
GEO,Georgia,2009,1.575,515.768,0.793,0.081,0.036,7.376
GEO,Georgia,2010,1.614,522.058,0.805,0.105,0.035,1.934
GEO,Georgia,2011,2.020,529.872,0.816,0.153,0.034,24.234
GEO,Georgia,2012,2.160,538.165,0.862,0.160,0.034,6.135
GEO,Georgia,2013,2.108,546.193,0.900,0.165,0.033,-3.202
GEO,Georgia,2014,2.388,555.252,0.918,0.196,0.033,12.831
GEO,Georgia,2015,2.582,565.042,0.848,0.195,0.033,8.087
GEO,Georgia,2016,2.648,575.085,0.848,0.176,0.033,2.577
GEO,Georgia,2017,2.652,585.145,0.841,0.178,0.032,0.168
GEO,Georgia,2018,2.606,595.033,0.822,0.152,0.032,-1.704
GEO,Georgia,2019,2.770,605.550,0.813,0.174,0.032,6.359
GEO,Georgia,2020,2.734,615.928,0.811,0.192,0.031,-1.323
GEO,Georgia,2021,2.838,626.678,0.834,0.180,0.031,3.582
GEO,Georgia,2022,3.162,638.678,0.841,0.204,0.031,11.629
GEO,Georgia,2023,3.131,650.600,0.845,0.203,0.031,-0.647
GEO,Georgia,2024,3.095,662.384,0.856,0.203,0.030,-1.157
DEU,Germany,2000,10.990,76223.820,1.232,0.186,3.685,0.395
DEU,Germany,2001,11.171,77139.078,1.183,0.165,3.656,1.811
DEU,Germany,2002,10.952,78037.906,1.139,0.156,3.626,-1.794
DEU,Germany,2003,10.894,78932.414,1.099,0.164,3.593,-0.482
DEU,Germany,2004,10.678,79808.984,1.062,0.171,3.559,-2.005
DEU,Germany,2005,10.578,80676.867,1.025,0.159,3.525,-0.991
DEU,Germany,2006,10.850,81563.297,0.996,0.163,3.490,2.138
DEU,Germany,2007,10.408,82409.453,1.003,0.178,3.455,-4.544
DEU,Germany,2008,10.561,83266.094,0.982,0.167,3.422,1.240
DEU,Germany,2009,9.761,84056.078,0.953,0.155,3.387,-7.781
DEU,Germany,2010,10.228,84882.781,0.940,0.154,3.353,4.648
DEU,Germany,2011,9.950,85687.320,0.921,0.166,3.317,-2.681
DEU,Germany,2012,10.061,86501.414,0.902,0.164,3.282,1.187
DEU,Germany,2013,10.263,87333.164,0.883,0.154,3.250,2.168
DEU,Germany,2014,9.740,88125.742,0.864,0.159,3.217,-4.708
DEU,Germany,2015,9.757,88926.570,0.844,0.154,3.186,1.040
DEU,Germany,2016,9.642,89724.562,0.818,0.153,3.158,-0.354
DEU,Germany,2017,9.441,90509.156,0.811,0.161,3.129,-1.678
DEU,Germany,2018,9.101,91267.922,0.780,0.159,3.099,-3.291
DEU,Germany,2019,8.481,91976.570,0.754,0.159,3.069,-6.606
DEU,Germany,2020,7.739,92623.750,0.730,0.160,3.040,-8.675
DEU,Germany,2021,8.101,93301.742,0.720,0.163,3.011,4.762
DEU,Germany,2022,7.942,93969.586,0.701,0.149,2.982,-1.498
DEU,Germany,2023,7.023,94563.352,0.679,0.127,2.951,-11.092
DEU,Germany,2024,6.769,95135.680,0.664,0.122,2.921,-3.612
GHA,Ghana,2000,0.271,130.214,0.482,0.000,0.103,-5.352
GHA,Ghana,2001,0.296,136.182,0.428,0.000,0.103,12.345
GHA,Ghana,2002,0.313,142.665,0.417,0.000,0.103,8.622
GHA,Ghana,2003,0.314,149.350,0.426,0.000,0.103,3.105
GHA,Ghana,2004,0.295,155.801,0.415,0.000,0.103,-3.500
GHA,Ghana,2005,0.272,161.914,0.441,0.000,0.103,-5.233
GHA,Ghana,2006,0.370,170.437,0.430,0.000,0.104,39.426
GHA,Ghana,2007,0.380,179.419,0.412,0.000,0.104,5.382
GHA,Ghana,2008,0.343,187.743,0.477,0.000,0.104,-7.321
GHA,Ghana,2009,0.276,194.611,0.441,0.000,0.104,-17.499
GHA,Ghana,2010,0.351,203.553,0.434,0.000,0.104,30.212
GHA,Ghana,2011,0.396,213.882,0.516,0.000,0.105,15.499
GHA,Ghana,2012,0.473,226.522,0.497,0.001,0.105,22.385
GHA,Ghana,2013,0.460,239.132,0.532,0.001,0.106,-0.242
GHA,Ghana,2014,0.473,252.389,0.534,0.001,0.106,5.128
GHA,Ghana,2015,0.508,266.957,0.533,0.001,0.107,9.894
GHA,Ghana,2016,0.474,280.871,0.513,0.001,0.107,-4.492
GHA,Ghana,2017,0.414,293.308,0.572,0.001,0.108,-10.611
GHA,Ghana,2018,0.496,308.498,0.564,0.001,0.109,22.130
GHA,Ghana,2019,0.525,324.913,0.601,0.001,0.109,8.068
GHA,Ghana,2020,0.601,344.077,0.616,0.001,0.110,16.746
GHA,Ghana,2021,0.632,364.633,0.539,0.001,0.111,7.264
GHA,Ghana,2022,0.626,385.378,0.581,0.001,0.111,0.920
GHA,Ghana,2023,0.596,405.514,0.587,0.001,0.112,-2.938
GHA,Ghana,2024,0.611,426.536,0.567,0.001,0.112,4.401
GRC,Greece,2000,9.550,2233.306,1.346,0.606,0.179,5.145
GRC,Greece,2001,9.717,2338.667,1.280,0.606,0.181,2.320
GRC,Greece,2002,9.642,2443.667,1.298,0.580,0.183,-0.343
GRC,Greece,2003,9.989,2552.734,1.312,0.583,0.185,3.873
GRC,Greece,2004,10.001,2662.219,1.334,0.581,0.187,0.384
GRC,Greece,2005,10.371,2776.108,1.355,0.618,0.188,4.022
GRC,Greece,2006,10.205,2888.527,1.368,0.599,0.190,-1.290
GRC,Greece,2007,10.370,3003.073,1.370,0.580,0.191,1.891
GRC,Greece,2008,10.028,3114.153,1.357,0.547,0.193,-3.025
GRC,Greece,2009,9.391,3218.472,1.315,0.412,0.194,-6.086
GRC,Greece,2010,8.751,3315.826,1.272,0.378,0.194,-6.677
GRC,Greece,2011,8.507,3410.331,1.251,0.219,0.194,-2.926
GRC,Greece,2012,8.272,3501.724,1.241,0.281,0.194,-3.294
GRC,Greece,2013,7.450,3583.437,1.190,0.332,0.194,-10.591
GRC,Greece,2014,7.219,3662.073,1.186,0.351,0.193,-3.766
GRC,Greece,2015,6.924,3737.000,1.168,0.320,0.192,-4.717
GRC,Greece,2016,6.622,3808.359,1.147,0.350,0.191,-4.761
GRC,Greece,2017,6.960,3883.201,1.163,0.343,0.190,4.880
GRC,Greece,2018,6.689,3954.979,1.127,0.319,0.189,-4.094
GRC,Greece,2019,6.133,4020.716,1.100,0.313,0.188,-8.417
GRC,Greece,2020,5.194,4076.292,1.030,0.278,0.186,-15.455
GRC,Greece,2021,5.438,4133.820,1.031,0.299,0.185,3.510
GRC,Greece,2022,5.533,4191.429,1.018,0.279,0.183,0.141
GRC,Greece,2023,5.076,4243.417,1.007,0.293,0.181,-9.757
GRC,Greece,2024,5.311,4296.778,0.987,0.298,0.179,2.640
GRL,Greenland,2000,11.866,21.058,,0.000,0.001,12.305
GRL,Greenland,2001,10.948,21.676,,0.000,0.001,-7.404
GRL,Greenland,2002,10.234,22.255,,0.000,0.001,-6.216
GRL,Greenland,2003,11.435,22.904,,0.000,0.001,12.065
GRL,Greenland,2004,10.937,23.527,,0.000,0.001,-4.112
GRL,Greenland,2005,11.001,24.154,,0.000,0.001,0.658
GRL,Greenland,2006,11.313,24.797,,0.000,0.001,2.713
GRL,Greenland,2007,11.182,25.433,,0.000,0.001,-1.320
GRL,Greenland,2008,11.531,26.086,,0.000,0.001,2.897
GRL,Greenland,2009,10.207,26.663,,0.000,0.001,-11.690
GRL,Greenland,2010,11.666,27.324,,0.000,0.001,14.467
GRL,Greenland,2011,12.402,28.029,,0.000,0.001,6.719
GRL,Greenland,2012,9.631,28.576,,0.000,0.001,-22.420
GRL,Greenland,2013,9.945,29.138,,0.000,0.001,2.775
GRL,Greenland,2014,8.942,29.641,,0.000,0.001,-10.618
GRL,Greenland,2015,9.770,30.188,,0.000,0.001,8.974
GRL,Greenland,2016,9.080,30.698,,0.000,0.001,-7.012
GRL,Greenland,2017,9.554,31.234,,0.000,0.001,5.244
GRL,Greenland,2018,9.336,31.757,,0.000,0.001,-2.270
GRL,Greenland,2019,9.377,32.283,,0.000,0.001,0.456
GRL,Greenland,2020,9.794,32.833,,0.000,0.001,4.444
GRL,Greenland,2021,9.745,33.379,,0.000,0.001,-0.574
GRL,Greenland,2022,10.483,33.967,,0.000,0.001,7.476
GRL,Greenland,2023,10.884,34.575,,0.000,0.001,3.705
GRL,Greenland,2024,11.080,35.194,,0.000,0.001,1.643
GRD,Grenada,2000,1.739,3.180,0.377,0.000,0.000,-1.923
GRD,Grenada,2001,1.798,3.375,0.376,0.000,0.000,3.922
GRD,Grenada,2002,1.859,3.576,0.377,0.000,0.000,3.774
GRD,Grenada,2003,1.952,3.789,0.382,0.000,0.000,5.455
GRD,Grenada,2004,1.877,3.994,0.381,0.000,0.000,-3.448
GRD,Grenada,2005,1.970,4.210,0.387,0.000,0.000,5.357
GRD,Grenada,2006,2.029,4.433,0.386,0.000,0.000,3.390
GRD,Grenada,2007,2.155,4.672,0.389,0.000,0.000,6.557
GRD,Grenada,2008,2.346,4.932,0.391,0.000,0.000,9.231
GRD,Grenada,2009,2.239,5.181,0.388,0.000,0.000,-4.225
GRD,Grenada,2010,2.298,5.437,0.384,0.000,0.000,2.941
GRD,Grenada,2011,2.223,5.687,0.383,0.000,0.000,-2.857
GRD,Grenada,2012,2.371,5.954,0.382,0.000,0.000,7.353
GRD,Grenada,2013,2.647,6.254,0.382,0.000,0.000,12.329
GRD,Grenada,2014,2.119,6.496,0.385,0.000,0.000,-19.512
GRD,Grenada,2015,2.268,6.756,0.388,0.000,0.000,7.576
GRD,Grenada,2016,2.387,7.031,0.391,0.000,0.000,5.634
GRD,Grenada,2017,2.539,7.324,0.394,0.000,0.000,6.667
GRD,Grenada,2018,2.660,7.632,0.398,0.000,0.000,5.000
GRD,Grenada,2019,2.874,7.966,0.402,0.000,0.000,8.333
GRD,Grenada,2020,2.488,8.255,0.405,0.000,0.000,-13.187
GRD,Grenada,2021,2.669,8.566,0.408,0.000,0.000,7.595
GRD,Grenada,2022,2.928,8.909,0.412,0.000,0.000,9.939
GRD,Grenada,2023,3.100,9.272,0.416,0.000,0.000,6.011
GRD,Grenada,2024,3.216,9.649,0.420,0.000,0.000,3.856
GTM,Guatemala,2000,0.833,173.372,0.820,0.069,0.185,9.783
GTM,Guatemala,2001,0.848,183.519,0.826,0.064,0.186,4.162
GTM,Guatemala,2002,0.873,194.213,0.862,0.066,0.187,5.381
GTM,Guatemala,2003,0.831,204.624,0.840,0.064,0.187,-2.638
GTM,Guatemala,2004,0.863,215.680,0.843,0.061,0.186,6.190
GTM,Guatemala,2005,0.920,227.718,0.859,0.070,0.186,8.886
GTM,Guatemala,2006,0.911,239.894,0.858,0.073,0.186,1.143
GTM,Guatemala,2007,0.888,252.011,0.880,0.071,0.186,-0.484
GTM,Guatemala,2008,0.770,262.746,0.893,0.060,0.185,-11.408
GTM,Guatemala,2009,0.825,274.471,0.911,0.062,0.185,9.222
GTM,Guatemala,2010,0.746,285.288,0.924,0.056,0.184,-7.741
GTM,Guatemala,2011,0.742,296.267,0.914,0.058,0.184,1.499
GTM,Guatemala,2012,0.752,307.614,0.921,0.059,0.183,3.347
GTM,Guatemala,2013,0.812,320.107,0.925,0.055,0.182,10.106
GTM,Guatemala,2014,0.856,333.532,0.939,0.061,0.182,7.455
GTM,Guatemala,2015,0.967,348.981,0.948,0.058,0.182,15.079
GTM,Guatemala,2016,1.016,365.505,0.960,0.056,0.182,6.955
GTM,Guatemala,2017,1.026,382.498,0.969,0.060,0.182,2.838
GTM,Guatemala,2018,1.089,400.836,0.973,0.059,0.182,7.919
GTM,Guatemala,2019,1.126,420.095,0.979,0.063,0.182,5.019
GTM,Guatemala,2020,0.988,437.252,0.986,0.072,0.181,-10.914
GTM,Guatemala,2021,1.136,457.236,0.994,0.085,0.181,16.479
GTM,Guatemala,2022,1.060,476.149,0.998,0.091,0.180,-5.358
GTM,Guatemala,2023,1.089,495.886,0.993,0.069,0.180,4.350
GTM,Guatemala,2024,1.080,515.766,0.999,0.068,0.180,0.731
GIN,Guinea,2000,0.171,39.667,1.125,0.000,0.166,4.233
GIN,Guinea,2001,0.178,41.184,1.137,0.000,0.166,5.076
GIN,Guinea,2002,0.182,42.763,1.201,0.000,0.165,4.106
GIN,Guinea,2003,0.186,44.415,1.196,0.000,0.164,4.640
GIN,Guinea,2004,0.190,46.137,1.185,0.000,0.164,4.213
GIN,Guinea,2005,0.193,47.922,1.259,0.000,0.163,3.617
GIN,Guinea,2006,0.196,49.768,1.258,0.000,0.163,3.491
GIN,Guinea,2007,0.199,51.696,1.255,0.000,0.163,4.365
GIN,Guinea,2008,0.198,53.660,1.274,0.000,0.162,1.901
GIN,Guinea,2009,0.206,55.752,1.275,0.000,0.164,6.530
GIN,Guinea,2010,0.236,58.210,1.433,0.000,0.164,17.513
GIN,Guinea,2011,0.240,60.768,1.464,0.000,0.166,4.024
GIN,Guinea,2012,0.219,63.160,1.503,0.000,0.166,-6.447
GIN,Guinea,2013,0.186,65.238,1.494,0.000,0.168,-13.170
GIN,Guinea,2014,0.207,67.608,1.485,0.000,0.169,14.109
GIN,Guinea,2015,0.209,70.063,1.460,0.000,0.169,3.535
GIN,Guinea,2016,0.224,72.763,1.533,0.000,0.170,9.999
GIN,Guinea,2017,0.391,77.610,1.510,0.000,0.171,79.548
GIN,Guinea,2018,0.297,81.380,1.483,0.000,0.172,-22.222
GIN,Guinea,2019,0.315,85.484,1.483,0.000,0.172,8.856
GIN,Guinea,2020,0.331,89.915,1.472,0.000,0.173,7.945
GIN,Guinea,2021,0.297,93.982,1.433,0.000,0.173,-8.187
GIN,Guinea,2022,0.288,98.035,1.467,0.000,0.174,-0.372
GIN,Guinea,2023,0.269,101.910,1.474,0.000,0.174,-4.377
GIN,Guinea,2024,0.273,105.936,1.459,0.000,0.174,3.901
GNB,Guinea-Bissau,2000,0.042,4.309,1.178,0.000,0.012,-48.148
GNB,Guinea-Bissau,2001,0.038,4.356,1.250,0.000,0.013,-7.143
GNB,Guinea-Bissau,2002,0.048,4.419,1.252,0.000,0.013,30.769
GNB,Guinea-Bissau,2003,0.056,4.492,1.237,0.000,0.013,17.647
GNB,Guinea-Bissau,2004,0.033,4.536,1.192,0.000,0.013,-40.000
GNB,Guinea-Bissau,2005,0.066,4.628,1.172,0.000,0.013,108.333
GNB,Guinea-Bissau,2006,0.083,4.745,1.217,0.000,0.013,28.000
GNB,Guinea-Bissau,2007,0.058,4.829,1.195,0.000,0.013,-28.125
GNB,Guinea-Bissau,2008,0.079,4.946,1.153,0.000,0.013,39.130
GNB,Guinea-Bissau,2009,0.065,5.045,1.177,0.000,0.013,-15.625
GNB,Guinea-Bissau,2010,0.065,5.148,1.182,0.000,0.013,3.704
GNB,Guinea-Bissau,2011,0.068,5.258,1.142,0.000,0.013,7.143
GNB,Guinea-Bissau,2012,0.069,5.371,1.174,0.000,0.013,3.333
GNB,Guinea-Bissau,2013,0.084,5.514,1.141,0.000,0.013,25.806
GNB,Guinea-Bissau,2014,0.082,5.657,1.083,0.000,0.013,0.000
GNB,Guinea-Bissau,2015,0.086,5.811,1.099,0.000,0.013,7.692
GNB,Guinea-Bissau,2016,0.092,5.980,1.065,0.000,0.013,9.524
GNB,Guinea-Bissau,2017,0.098,6.163,1.043,0.000,0.013,8.696
GNB,Guinea-Bissau,2018,0.103,6.361,1.045,0.000,0.013,8.000
GNB,Guinea-Bissau,2019,0.130,6.617,1.034,0.000,0.013,29.630
GNB,Guinea-Bissau,2020,0.155,6.929,1.010,0.000,0.013,21.429
GNB,Guinea-Bissau,2021,0.166,7.269,0.976,0.000,0.013,9.412
GNB,Guinea-Bissau,2022,0.164,7.614,0.985,0.000,0.013,1.075
GNB,Guinea-Bissau,2023,0.153,7.943,0.971,0.000,0.013,-4.377
GNB,Guinea-Bissau,2024,0.155,8.285,0.951,0.000,0.013,3.901
GUY,Guyana,2000,2.285,61.291,2.010,0.000,0.038,-4.790
GUY,Guyana,2001,2.277,63.032,2.088,0.000,0.038,-0.419
GUY,Guyana,2002,2.241,64.743,1.926,0.000,0.038,-1.684
GUY,Guyana,2003,2.449,66.612,2.172,0.000,0.038,9.208
GUY,Guyana,2004,2.528,68.539,2.020,0.000,0.038,3.137
GUY,Guyana,2005,2.124,70.155,1.912,0.000,0.038,-16.160
GUY,Guyana,2006,1.989,71.664,1.866,0.000,0.038,-6.576
GUY,Guyana,2007,2.353,73.445,1.922,0.000,0.037,17.961
GUY,Guyana,2008,2.258,75.149,2.042,0.000,0.037,-4.321
GUY,Guyana,2009,2.533,77.054,2.119,0.000,0.037,11.828
GUY,Guyana,2010,2.514,78.937,2.195,0.000,0.036,-1.154
GUY,Guyana,2011,2.622,80.894,2.301,0.000,0.036,3.891
GUY,Guyana,2012,2.622,82.850,2.345,0.000,0.036,0.000
GUY,Guyana,2013,2.535,84.752,2.540,0.000,0.036,-2.809
GUY,Guyana,2014,2.618,86.727,2.738,0.000,0.035,3.854
GUY,Guyana,2015,2.588,88.691,2.808,0.000,0.035,-0.557
GUY,Guyana,2016,2.893,90.900,2.371,0.000,0.035,12.488
GUY,Guyana,2017,2.808,93.058,2.575,0.000,0.034,-2.311
GUY,Guyana,2018,2.930,95.377,2.427,0.000,0.034,7.470
GUY,Guyana,2019,3.275,98.023,2.496,0.000,0.034,14.051
GUY,Guyana,2020,3.839,101.123,3.192,0.000,0.034,17.203
GUY,Guyana,2021,3.596,104.056,3.228,0.000,0.034,-5.402
GUY,Guyana,2022,5.351,108.452,4.260,0.000,0.034,49.914
GUY,Guyana,2023,5.299,112.831,4.083,0.017,0.034,-0.403
GUY,Guyana,2024,5.427,117.342,4.707,0.017,0.034,3.001
HTI,Haiti,2000,0.197,30.575,0.865,0.000,0.044,28.530
HTI,Haiti,2001,0.173,32.042,0.857,0.010,0.044,-10.264
HTI,Haiti,2002,0.207,33.819,0.850,0.013,0.044,21.229
HTI,Haiti,2003,0.193,35.512,0.842,0.013,0.043,-4.818
HTI,Haiti,2004,0.184,37.155,0.836,0.013,0.044,-2.899
HTI,Haiti,2005,0.189,38.869,0.835,0.013,0.044,4.367
HTI,Haiti,2006,0.189,40.615,0.832,0.012,0.044,1.807
HTI,Haiti,2007,0.188,42.382,0.834,0.012,0.044,1.186
HTI,Haiti,2008,0.184,44.135,0.832,0.012,0.044,-0.722
HTI,Haiti,2009,0.194,46.016,0.835,0.011,0.045,7.256
HTI,Haiti,2010,0.217,48.146,0.839,0.011,0.045,13.210
HTI,Haiti,2011,0.229,50.417,0.848,0.002,0.045,6.679
HTI,Haiti,2012,0.225,52.680,0.852,0.003,0.045,-0.414
HTI,Haiti,2013,0.264,55.383,0.843,0.004,0.045,19.492
HTI,Haiti,2014,0.260,58.081,0.833,0.007,0.045,-0.177
HTI,Haiti,2015,0.252,60.736,0.827,0.007,0.045,-1.629
HTI,Haiti,2016,0.279,63.713,0.833,0.007,0.045,12.147
HTI,Haiti,2017,0.290,66.846,0.824,0.010,0.045,5.260
HTI,Haiti,2018,0.310,70.247,0.841,0.010,0.044,8.536
HTI,Haiti,2019,0.281,73.366,0.815,0.010,0.044,-8.296
HTI,Haiti,2020,0.290,76.631,0.792,0.010,0.044,4.699
HTI,Haiti,2021,0.308,80.138,0.780,0.009,0.044,7.406
HTI,Haiti,2022,0.250,83.009,0.780,0.009,0.043,-18.159
HTI,Haiti,2023,0.246,85.874,0.771,0.009,0.043,-0.195
HTI,Haiti,2024,0.252,88.844,0.759,0.009,0.043,3.698
HND,Honduras,2000,0.765,90.622,0.780,0.076,0.145,6.950
HND,Honduras,2001,0.838,96.287,0.784,0.075,0.143,12.588
HND,Honduras,2002,0.857,102.232,0.828,0.067,0.142,4.950
HND,Honduras,2003,0.939,108.919,0.918,0.067,0.141,12.472
HND,Honduras,2004,0.986,116.113,0.896,0.072,0.140,7.588
HND,Honduras,2005,0.914,122.948,0.916,0.069,0.138,-4.994
HND,Honduras,2006,1.005,130.646,0.888,0.081,0.137,12.632
HND,Honduras,2007,1.049,138.863,0.888,0.082,0.135,6.732
HND,Honduras,2008,1.065,147.396,0.889,0.081,0.134,3.852
HND,Honduras,2009,0.981,155.426,0.908,0.078,0.133,-5.889
HND,Honduras,2010,0.969,163.533,0.904,0.072,0.132,0.948
HND,Honduras,2011,1.037,172.389,0.904,0.078,0.131,9.253
HND,Honduras,2012,1.045,181.498,0.898,0.088,0.130,2.842
HND,Honduras,2013,1.049,190.826,0.901,0.078,0.129,2.414
HND,Honduras,2014,1.049,200.329,0.899,0.073,0.128,1.876
HND,Honduras,2015,1.180,211.227,0.896,0.078,0.127,14.675
HND,Honduras,2016,1.056,221.166,0.892,0.083,0.127,-8.800
HND,Honduras,2017,1.064,231.364,0.859,0.095,0.126,2.608
HND,Honduras,2018,1.011,241.240,0.867,0.085,0.125,-3.155
HND,Honduras,2019,1.102,252.202,0.862,0.077,0.125,11.000
HND,Honduras,2020,0.986,262.179,0.870,0.063,0.124,-8.992
HND,Honduras,2021,1.075,273.239,0.847,0.068,0.123,10.855
HND,Honduras,2022,1.122,284.981,0.842,0.069,0.122,6.169
HND,Honduras,2023,1.165,297.385,0.836,0.068,0.122,5.641
HND,Honduras,2024,1.187,310.240,0.828,0.067,0.121,3.632
HKG,Hong Kong,2000,5.931,784.278,0.616,0.000,0.044,-6.542
HKG,Hong Kong,2001,5.504,821.566,0.609,0.000,0.045,-6.229
HKG,Hong Kong,2002,5.718,860.570,0.605,0.000,0.046,4.599
HKG,Hong Kong,2003,6.230,903.303,0.605,0.000,0.048,9.563
HKG,Hong Kong,2004,5.975,944.460,0.610,0.000,0.049,-3.687
HKG,Hong Kong,2005,6.273,987.795,0.617,0.000,0.050,5.288
HKG,Hong Kong,2006,6.047,1029.709,0.624,0.057,0.051,-3.275
HKG,Hong Kong,2007,6.250,1073.282,0.627,0.055,0.052,3.955
HKG,Hong Kong,2008,6.095,1116.076,0.628,0.078,0.052,-1.786
HKG,Hong Kong,2009,5.886,1157.659,0.627,0.061,0.053,-2.830
HKG,Hong Kong,2010,5.641,1197.722,0.631,0.079,0.054,-3.656
HKG,Hong Kong,2011,6.041,1240.872,0.635,0.081,0.055,7.705
HKG,Hong Kong,2012,5.935,1283.610,0.634,0.088,0.055,-0.953
HKG,Hong Kong,2013,6.100,1327.921,0.634,0.093,0.056,3.678
HKG,Hong Kong,2014,6.215,1373.412,0.636,0.099,0.057,2.666
HKG,Hong Kong,2015,5.756,1415.816,0.636,0.100,0.057,-6.789
HKG,Hong Kong,2016,5.854,1459.182,0.638,0.095,0.058,2.269
HKG,Hong Kong,2017,5.699,1501.613,0.643,0.081,0.058,-2.155
HKG,Hong Kong,2018,5.702,1544.210,0.648,0.084,0.059,0.391
HKG,Hong Kong,2019,5.597,1586.107,0.654,0.082,0.059,-1.644
HKG,Hong Kong,2020,4.474,1619.620,0.661,0.078,0.060,-20.010
HKG,Hong Kong,2021,4.494,1653.257,0.667,0.066,0.060,0.370
HKG,Hong Kong,2022,4.121,1684.020,0.675,0.082,0.060,-8.542
HKG,Hong Kong,2023,4.428,1716.977,0.685,0.082,0.060,7.129
HKG,Hong Kong,2024,4.494,1750.301,0.694,0.082,0.060,1.113
HUN,Hungary,2000,5.716,3958.256,1.131,0.133,0.237,-5.409
HUN,Hungary,2001,5.885,4018.084,1.101,0.133,0.235,2.718
HUN,Hungary,2002,5.804,4076.926,1.084,0.141,0.234,-1.648
HUN,Hungary,2003,6.095,4138.538,1.077,0.140,0.232,4.706
HUN,Hungary,2004,5.947,4198.522,1.055,0.128,0.230,-2.640
HUN,Hungary,2005,5.975,4258.665,1.099,0.119,0.228,0.262
HUN,Hungary,2006,5.923,4318.193,1.099,0.129,0.226,-1.020
HUN,Hungary,2007,5.825,4376.642,1.076,0.132,0.224,-1.814
HUN,Hungary,2008,5.709,4433.826,1.036,0.126,0.222,-2.163
HUN,Hungary,2009,5.145,4485.284,1.011,0.097,0.220,-10.015
HUN,Hungary,2010,5.210,4537.276,0.984,0.074,0.217,1.040
HUN,Hungary,2011,5.042,4587.433,0.976,0.057,0.215,-3.533
HUN,Hungary,2012,4.711,4634.152,0.972,0.068,0.212,-6.850
HUN,Hungary,2013,4.397,4677.639,0.963,0.052,0.210,-6.921
HUN,Hungary,2014,4.425,4721.278,0.931,0.057,0.208,0.350
HUN,Hungary,2015,4.733,4767.845,0.921,0.069,0.206,6.710
HUN,Hungary,2016,4.795,4814.884,0.903,0.072,0.204,1.014
HUN,Hungary,2017,5.051,4864.307,0.923,0.080,0.202,5.069
HUN,Hungary,2018,5.051,4913.674,0.928,0.090,0.200,-0.116
HUN,Hungary,2019,5.031,4962.833,0.942,0.105,0.198,-0.420
HUN,Hungary,2020,4.832,5009.938,0.966,0.095,0.197,-4.178
HUN,Hungary,2021,4.978,5058.264,0.977,0.103,0.195,2.592
HUN,Hungary,2022,4.674,5103.532,0.966,0.084,0.193,-6.330
HUN,Hungary,2023,4.165,5143.875,0.973,0.056,0.192,-10.876
HUN,Hungary,2024,4.136,5183.893,0.981,0.056,0.190,-0.809
ISL,Iceland,2000,10.426,89.404,2.184,0.229,0.013,3.231
ISL,Iceland,2001,10.051,92.269,2.176,0.202,0.013,-2.310
ISL,Iceland,2002,10.403,95.261,2.128,0.133,0.013,4.433
ISL,Iceland,2003,10.308,98.246,2.108,0.111,0.013,-0.219
ISL,Iceland,2004,10.635,101.354,2.096,0.170,0.013,4.078
ISL,Iceland,2005,10.026,104.330,2.266,0.182,0.013,-4.210
ISL,Iceland,2006,10.380,107.484,2.227,0.201,0.013,5.981
ISL,Iceland,2007,11.212,110.979,2.104,0.203,0.013,10.777
ISL,Iceland,2008,12.004,114.790,2.087,0.192,0.013,9.077
ISL,Iceland,2009,11.708,118.521,2.016,0.088,0.013,-2.126
ISL,Iceland,2010,11.399,122.147,2.001,0.031,0.013,-2.783
ISL,Iceland,2011,10.978,125.651,1.917,0.062,0.013,-3.396
ISL,Iceland,2012,10.906,129.150,1.830,0.000,0.012,-0.123
ISL,Iceland,2013,10.772,132.639,1.787,0.000,0.012,-0.296
ISL,Iceland,2014,10.519,136.084,1.836,0.000,0.012,-1.247
ISL,Iceland,2015,10.699,139.625,1.897,0.000,0.012,2.779
ISL,Iceland,2016,10.411,143.119,1.938,0.000,0.012,-1.337
ISL,Iceland,2017,10.511,146.730,1.988,0.000,0.012,3.357
ISL,Iceland,2018,10.388,150.395,1.945,0.000,0.012,1.507
ISL,Iceland,2019,9.849,153.948,1.820,0.000,0.012,-3.075
ISL,Iceland,2020,9.107,157.286,1.653,0.000,0.012,-6.016
ISL,Iceland,2021,9.367,160.777,1.615,0.000,0.012,4.544
ISL,Iceland,2022,9.458,164.375,1.565,0.000,0.012,3.067
ISL,Iceland,2023,9.052,167.883,1.490,0.000,0.012,-2.486
ISL,Iceland,2024,9.667,171.686,1.415,0.000,0.012,8.402
IND,India,2000,0.933,18932.721,0.648,0.043,4.116,2.692
IND,India,2001,0.929,19933.920,0.640,0.043,4.133,1.432
IND,India,2002,0.941,20966.670,0.623,0.045,4.147,3.151
IND,India,2003,0.957,22035.068,0.623,0.046,4.156,3.452
IND,India,2004,0.999,23169.680,0.621,0.049,4.166,6.197
IND,India,2005,1.035,24365.072,0.625,0.052,4.179,5.357
IND,India,2006,1.103,25658.395,0.625,0.055,4.193,8.192
IND,India,2007,1.170,27051.879,0.630,0.057,4.213,7.745
IND,India,2008,1.234,28542.244,0.633,0.061,4.234,6.952
IND,India,2009,1.316,30155.572,0.622,0.066,4.257,8.250
IND,India,2010,1.350,31834.104,0.619,0.069,4.284,4.041
IND,India,2011,1.400,33599.797,0.619,0.072,4.311,5.193
IND,India,2012,1.507,35526.781,0.613,0.078,4.343,9.135
IND,India,2013,1.540,37522.121,0.585,0.083,4.369,3.547
IND,India,2014,1.637,39670.172,0.584,0.088,4.397,7.654
IND,India,2015,1.681,41901.988,0.582,0.088,4.427,3.900
IND,India,2016,1.750,44254.531,0.582,0.092,4.460,5.409
IND,India,2017,1.784,46680.254,0.579,0.089,4.491,3.111
IND,India,2018,1.888,49275.477,0.582,0.101,4.527,6.988
IND,India,2019,1.880,51886.652,0.576,0.103,4.560,0.615
IND,India,2020,1.727,54309.387,0.576,0.088,4.591,-7.217
IND,India,2021,1.892,56985.164,0.581,0.105,4.626,10.445
IND,India,2022,1.986,59816.297,0.586,0.115,4.664,5.806
IND,India,2023,2.130,62879.051,0.589,0.123,4.708,8.181
IND,India,2024,2.201,66072.531,0.592,0.128,4.754,4.268
IDN,Indonesia,2000,1.301,5283.534,0.921,0.075,2.975,-3.673
IDN,Indonesia,2001,1.446,5600.293,0.918,0.083,2.981,12.704
IDN,Indonesia,2002,1.388,5908.495,0.899,0.080,2.998,-2.702
IDN,Indonesia,2003,1.506,6247.519,0.894,0.078,2.998,10.001
IDN,Indonesia,2004,1.504,6590.228,0.902,0.082,3.002,1.087
IDN,Indonesia,2005,1.505,6937.589,0.907,0.079,3.003,1.358
IDN,Indonesia,2006,1.481,7283.954,0.945,0.080,3.027,-0.287
IDN,Indonesia,2007,1.635,7671.532,0.948,0.081,3.031,11.898
IDN,Indonesia,2008,1.521,8036.916,0.956,0.084,3.040,-5.726
IDN,Indonesia,2009,1.639,8435.540,0.995,0.079,3.062,9.097
IDN,Indonesia,2010,1.808,8880.910,1.004,0.077,3.075,11.727
IDN,Indonesia,2011,2.006,9381.368,1.155,0.084,3.094,12.369
IDN,Indonesia,2012,2.041,9897.137,1.190,0.091,3.115,3.060
IDN,Indonesia,2013,1.929,10390.573,1.171,0.096,3.136,-4.330
IDN,Indonesia,2014,1.924,10888.602,1.190,0.099,3.162,0.931
IDN,Indonesia,2015,2.105,11439.762,1.140,0.097,3.200,10.668
IDN,Indonesia,2016,2.071,11987.730,1.137,0.107,3.212,-0.579
IDN,Indonesia,2017,2.136,12558.658,1.200,0.113,3.222,4.190
IDN,Indonesia,2018,2.250,13166.037,1.306,0.117,3.238,6.384
IDN,Indonesia,2019,2.441,13831.086,1.343,0.116,3.262,9.495
IDN,Indonesia,2020,2.268,14454.390,1.281,0.108,3.276,-6.277
IDN,Indonesia,2021,2.287,15087.336,1.270,0.112,3.288,1.547
IDN,Indonesia,2022,2.719,15845.356,1.385,0.104,3.303,19.761
IDN,Indonesia,2023,2.711,16607.715,1.468,0.110,3.323,0.572
IDN,Indonesia,2024,2.865,17419.934,1.453,0.106,3.341,6.541
IRN,Iran,2000,5.529,7382.282,1.974,0.181,0.771,-1.933
IRN,Iran,2001,5.781,7772.195,1.798,0.203,0.788,6.181
IRN,Iran,2002,5.838,8169.226,1.781,0.207,0.801,1.826
IRN,Iran,2003,5.976,8580.192,2.111,0.213,0.816,3.510
IRN,Iran,2004,6.293,9022.312,2.018,0.224,0.833,7.580
IRN,Iran,2005,6.499,9489.108,2.084,0.224,0.850,5.581
IRN,Iran,2006,6.826,9990.122,2.137,0.235,0.869,7.331
IRN,Iran,2007,6.806,10497.894,1.987,0.260,0.885,1.348
IRN,Iran,2008,6.999,11026.422,1.940,0.286,0.901,4.088
IRN,Iran,2009,7.107,11569.828,1.936,0.321,0.915,2.815
IRN,Iran,2010,7.253,12131.324,1.979,0.389,0.928,3.329
IRN,Iran,2011,7.353,12707.689,1.950,0.420,0.937,2.648
IRN,Iran,2012,7.550,13306.968,1.709,0.439,0.943,3.975
IRN,Iran,2013,7.586,13916.965,1.687,0.457,0.949,1.789
IRN,Iran,2014,7.904,14561.192,1.649,0.429,0.955,5.612
IRN,Iran,2015,7.770,15203.150,1.650,0.378,0.962,-0.352
IRN,Iran,2016,7.692,15847.831,1.978,0.365,0.972,0.424
IRN,Iran,2017,8.190,16544.238,1.994,0.352,0.984,8.024
IRN,Iran,2018,7.716,17208.762,1.889,0.352,0.996,-4.578
IRN,Iran,2019,8.354,17936.029,1.576,0.406,1.006,9.442
IRN,Iran,2020,8.499,18681.627,1.511,0.442,1.015,2.520
IRN,Iran,2021,8.813,19461.150,1.654,0.423,1.027,4.551
IRN,Iran,2022,8.570,20228.330,1.692,0.432,1.039,-1.584
IRN,Iran,2023,8.715,21018.006,1.850,0.430,1.050,2.932
IRN,Iran,2024,8.656,21810.637,1.867,0.404,1.062,0.374
IRQ,Iraq,2000,3.428,1932.147,3.040,0.114,0.342,1.584
IRQ,Iraq,2001,3.842,2028.949,2.998,0.109,0.345,15.624
IRQ,Iraq,2002,3.733,2126.039,2.610,0.119,0.347,0.298
IRQ,Iraq,2003,3.784,2227.463,2.411,0.032,0.348,4.464
IRQ,Iraq,2004,4.098,2340.479,2.758,0.040,0.350,11.429
IRQ,Iraq,2005,4.023,2454.761,2.531,0.046,0.350,1.120
IRQ,Iraq,2006,3.454,2553.599,2.584,0.053,0.348,-13.514
IRQ,Iraq,2007,2.161,2614.961,2.492,0.067,0.341,-37.917
IRQ,Iraq,2008,3.256,2709.296,2.593,0.093,0.332,53.737
IRQ,Iraq,2009,3.500,2814.508,2.794,0.097,0.325,11.529
IRQ,Iraq,2010,3.672,2928.491,2.976,0.107,0.324,8.337
IRQ,Iraq,2011,3.841,3052.017,3.141,0.128,0.335,8.372
IRQ,Iraq,2012,3.983,3186.056,3.360,0.122,0.347,8.512
IRQ,Iraq,2013,4.016,3327.761,3.211,0.137,0.358,5.718
IRQ,Iraq,2014,3.762,3465.273,3.262,0.099,0.369,-2.958
IRQ,Iraq,2015,3.795,3607.803,3.473,0.108,0.382,3.649
IRQ,Iraq,2016,3.981,3760.935,4.208,0.136,0.399,7.439
IRQ,Iraq,2017,4.257,3928.408,4.170,0.144,0.414,9.365
IRQ,Iraq,2018,4.623,4114.564,4.154,0.241,0.428,11.157
IRQ,Iraq,2019,4.656,4306.342,4.218,0.265,0.441,3.020
IRQ,Iraq,2020,4.086,4478.440,3.609,0.269,0.451,-10.262
IRQ,Iraq,2021,4.484,4671.555,3.519,0.272,0.460,12.212
IRQ,Iraq,2022,4.939,4889.199,3.743,0.297,0.472,12.702
IRQ,Iraq,2023,5.056,5117.109,3.543,0.290,0.484,4.717
IRQ,Iraq,2024,5.074,5350.744,3.393,0.284,0.493,2.512
IRL,Ireland,2000,11.900,1385.414,5.884,0.447,0.037,6.619
IRL,Ireland,2001,12.324,1433.021,5.890,0.479,0.040,5.212
IRL,Ireland,2002,11.730,1479.103,5.727,0.473,0.043,-3.206
IRL,Ireland,2003,11.441,1524.787,5.708,0.533,0.046,-0.862
IRL,Ireland,2004,11.354,1570.953,5.186,0.564,0.048,1.057
IRL,Ireland,2005,11.588,1619.107,4.872,0.567,0.050,4.302
IRL,Ireland,2006,11.150,1666.704,4.788,0.550,0.052,-1.154
IRL,Ireland,2007,10.847,1714.362,4.333,0.540,0.054,0.128
IRL,Ireland,2008,10.558,1761.723,4.114,0.470,0.056,-0.623
IRL,Ireland,2009,9.303,1803.900,3.938,0.293,0.058,-10.946
IRL,Ireland,2010,9.167,1845.691,3.810,0.242,0.059,-0.916
IRL,Ireland,2011,8.310,1883.745,3.801,0.211,0.059,-8.941
IRL,Ireland,2012,8.309,1921.969,3.823,0.256,0.060,0.445
IRL,Ireland,2013,8.061,1959.248,3.871,0.240,0.061,-2.473
IRL,Ireland,2014,7.911,1996.098,3.903,0.314,0.062,-1.150
IRL,Ireland,2015,8.233,2034.813,3.938,0.351,0.062,5.062
IRL,Ireland,2016,8.492,2075.182,4.121,0.377,0.063,4.271
IRL,Ireland,2017,8.116,2114.223,4.109,0.382,0.064,-3.291
IRL,Ireland,2018,7.988,2153.145,3.648,0.393,0.065,-0.302
IRL,Ireland,2019,7.540,2190.345,3.593,0.384,0.065,-4.426
IRL,Ireland,2020,7.035,2225.398,3.557,0.355,0.065,-5.772
IRL,Ireland,2021,7.452,2262.871,3.574,0.418,0.065,6.907
IRL,Ireland,2022,7.177,2299.547,3.471,0.383,0.065,-2.130
IRL,Ireland,2023,6.460,2333.115,3.376,0.353,0.065,-8.474
IRL,Ireland,2024,6.339,2366.426,3.356,0.349,0.064,-0.767
ISR,Israel,2000,9.739,1125.452,0.945,0.352,0.072,8.699
ISR,Israel,2001,10.068,1188.476,0.939,0.291,0.074,5.887
ISR,Israel,2002,9.284,1247.781,0.933,0.285,0.076,-5.900
ISR,Israel,2003,9.598,1310.195,0.935,0.290,0.078,5.244
ISR,Israel,2004,8.871,1368.875,0.939,0.294,0.079,-5.985
ISR,Israel,2005,8.402,1425.402,0.893,0.321,0.080,-3.667
ISR,Israel,2006,9.081,1487.551,0.910,0.331,0.082,9.944
ISR,Israel,2007,9.020,1550.351,0.917,0.326,0.083,1.047
ISR,Israel,2008,9.598,1618.331,0.888,0.307,0.085,8.249
ISR,Israel,2009,8.862,1682.192,0.885,0.252,0.086,-6.060
ISR,Israel,2010,9.308,1750.479,0.895,0.276,0.087,6.931
ISR,Israel,2011,9.181,1819.074,0.907,0.301,0.089,0.451
ISR,Israel,2012,9.830,1893.855,0.900,0.296,0.090,9.019
ISR,Israel,2013,8.142,1956.950,0.910,0.280,0.091,-15.627
ISR,Israel,2014,7.633,2017.229,0.915,0.290,0.092,-4.464
ISR,Israel,2015,7.815,2080.165,0.915,0.277,0.093,4.408
ISR,Israel,2016,7.450,2141.329,0.913,0.242,0.094,-2.814
ISR,Israel,2017,7.038,2200.178,0.915,0.237,0.095,-3.785
ISR,Israel,2018,7.049,2260.164,0.919,0.209,0.095,1.932
ISR,Israel,2019,6.809,2319.114,0.921,0.209,0.096,-1.727
ISR,Israel,2020,6.737,2378.399,0.927,0.195,0.097,0.569
ISR,Israel,2021,6.592,2437.350,0.939,0.187,0.097,-0.566
ISR,Israel,2022,6.840,2499.617,0.943,0.200,0.098,5.627
ISR,Israel,2023,5.983,2554.999,0.945,0.199,0.099,-11.058
ISR,Israel,2024,5.607,2607.636,0.955,0.196,0.099,-4.956
ITA,Italy,2000,8.199,16338.493,1.070,0.277,0.932,0.879
ITA,Italy,2001,8.196,16808.172,1.012,0.286,0.936,0.017
ITA,Italy,2002,8.309,17285.309,1.029,0.284,0.940,1.588
ITA,Italy,2003,8.575,17780.402,1.000,0.293,0.944,3.764
ITA,Italy,2004,8.606,18281.090,0.956,0.299,0.947,1.130
ITA,Italy,2005,8.567,18782.455,0.947,0.297,0.949,0.135
ITA,Italy,2006,8.443,19278.531,0.929,0.297,0.950,-1.055
ITA,Italy,2007,8.286,19768.324,0.923,0.303,0.952,-1.266
ITA,Italy,2008,8.028,20246.455,0.906,0.271,0.953,-2.381
ITA,Italy,2009,7.079,20670.486,0.893,0.223,0.952,-11.315
ITA,Italy,2010,7.241,21106.160,0.887,0.221,0.950,2.745
ITA,Italy,2011,7.022,21530.057,0.828,0.208,0.947,-2.703
ITA,Italy,2012,6.665,21933.500,0.837,0.166,0.944,-4.825
ITA,Italy,2013,6.091,22302.959,0.813,0.146,0.939,-8.423
ITA,Italy,2014,5.759,22652.350,0.782,0.137,0.934,-5.433
ITA,Italy,2015,5.964,23013.594,0.770,0.135,0.929,3.393
ITA,Italy,2016,5.922,23371.727,0.756,0.127,0.925,-0.861
ITA,Italy,2017,5.840,23724.393,0.776,0.128,0.920,-1.527
ITA,Italy,2018,5.791,24073.441,0.770,0.129,0.915,-1.026
ITA,Italy,2019,5.648,24413.080,0.760,0.132,0.910,-2.696
ITA,Italy,2020,5.051,24715.680,0.745,0.118,0.904,-10.905
ITA,Italy,2021,5.624,25051.609,0.738,0.133,0.899,11.015
ITA,Italy,2022,5.705,25391.725,0.715,0.119,0.894,1.246
ITA,Italy,2023,5.249,25704.014,0.701,0.113,0.888,-8.181
ITA,Italy,2024,5.088,26005.943,0.687,0.114,0.882,-3.318
JAM,Jamaica,2000,3.955,271.874,0.444,0.105,0.024,3.573
JAM,Jamaica,2001,4.030,282.450,0.443,0.101,0.024,2.545
JAM,Jamaica,2002,3.864,292.653,0.439,0.105,0.025,-3.535
JAM,Jamaica,2003,4.015,303.320,0.455,0.118,0.025,4.553
JAM,Jamaica,2004,3.957,313.894,0.429,0.118,0.025,-0.870
JAM,Jamaica,2005,3.875,324.307,0.412,0.105,0.025,-1.526
JAM,Jamaica,2006,4.285,335.881,0.326,0.116,0.025,11.147
JAM,Jamaica,2007,3.961,346.630,0.312,0.100,0.026,-7.123
JAM,Jamaica,2008,3.954,357.406,0.308,0.110,0.026,0.249
JAM,Jamaica,2009,2.900,365.343,0.301,0.141,0.026,-26.341
JAM,Jamaica,2010,2.793,373.021,0.291,0.119,0.026,-3.278
JAM,Jamaica,2011,2.980,381.247,0.298,0.118,0.025,7.151
JAM,Jamaica,2012,2.845,389.134,0.299,0.122,0.025,-4.122
JAM,Jamaica,2013,3.042,397.601,0.297,0.130,0.025,7.348
JAM,Jamaica,2014,2.747,405.276,0.295,0.148,0.025,-9.346
JAM,Jamaica,2015,2.843,413.242,0.290,0.149,0.025,3.788
JAM,Jamaica,2016,2.895,421.377,0.291,0.141,0.025,2.108
JAM,Jamaica,2017,2.759,429.145,0.290,0.128,0.025,-4.498
JAM,Jamaica,2018,2.858,437.206,0.291,0.113,0.024,3.764
JAM,Jamaica,2019,3.343,446.645,0.278,0.118,0.024,17.106
JAM,Jamaica,2020,2.425,453.511,0.272,0.134,0.024,-27.265
JAM,Jamaica,2021,2.577,460.823,0.273,0.142,0.024,6.506
JAM,Jamaica,2022,2.785,468.731,0.270,0.138,0.024,8.138
JAM,Jamaica,2023,2.841,476.800,0.270,0.139,0.023,2.040
JAM,Jamaica,2024,2.959,485.202,0.267,0.126,0.023,4.125
JPN,Japan,2000,9.921,41024.531,0.338,0.276,2.045,1.784
JPN,Japan,2001,9.790,42270.465,0.326,0.270,2.060,-1.132
JPN,Japan,2002,10.005,43545.887,0.318,0.254,2.075,2.366
JPN,Japan,2003,10.056,44829.734,0.311,0.250,2.087,0.661
JPN,Japan,2004,10.008,46108.852,0.309,0.245,2.098,-0.368
JPN,Japan,2005,10.057,47395.266,0.304,0.252,2.109,0.570
JPN,Japan,2006,9.871,48658.707,0.301,0.250,2.117,-1.786
JPN,Japan,2007,10.141,49957.680,0.302,0.239,2.127,2.812
JPN,Japan,2008,9.587,51186.367,0.283,0.223,2.133,-5.411
JPN,Japan,2009,9.051,52346.617,0.279,0.197,2.137,-5.570
JPN,Japan,2010,9.448,53557.711,0.281,0.190,2.141,4.382
JPN,Japan,2011,9.846,54818.891,0.273,0.195,2.145,4.136
JPN,Japan,2012,10.178,56121.004,0.266,0.200,2.150,3.246
JPN,Japan,2013,10.271,57432.879,0.266,0.210,2.155,0.750
JPN,Japan,2014,9.886,58693.148,0.257,0.208,2.157,-3.934
JPN,Japan,2015,9.585,59913.133,0.251,0.204,2.159,-3.197
JPN,Japan,2016,9.436,61113.066,0.249,0.204,2.161,-1.643
JPN,Japan,2017,9.321,62297.457,0.249,0.208,2.162,-1.295
JPN,Japan,2018,8.971,63436.004,0.244,0.206,2.161,-3.871
JPN,Japan,2019,8.698,64538.070,0.239,0.200,2.159,-3.205
JPN,Japan,2020,8.213,65575.352,0.235,0.194,2.157,-5.878
JPN,Japan,2021,8.422,66633.852,0.235,0.194,2.154,2.045
JPN,Japan,2022,8.237,67663.500,0.237,0.180,2.149,-2.726
JPN,Japan,2023,7.935,68650.406,0.233,0.167,2.144,-4.150
JPN,Japan,2024,7.772,69612.281,0.233,0.164,2.137,-2.537
JOR,Jordan,2000,2.859,264.762,0.437,0.227,0.019,6.453
JOR,Jordan,2001,2.884,280.620,0.438,0.264,0.019,2.968
JOR,Jordan,2002,2.975,297.327,0.445,0.286,0.020,5.355
JOR,Jordan,2003,3.008,314.601,0.447,0.273,0.021,3.389
JOR,Jordan,2004,3.231,333.604,0.452,0.293,0.021,10.015
JOR,Jordan,2005,3.448,354.394,0.467,0.292,0.022,9.404
JOR,Jordan,2006,3.241,375.224,0.459,0.266,0.023,0.188
JOR,Jordan,2007,3.178,396.924,0.465,0.264,0.024,4.180
JOR,Jordan,2008,3.003,417.911,0.513,0.263,0.024,-3.285
JOR,Jordan,2009,3.017,439.456,0.495,0.226,0.025,2.657
JOR,Jordan,2010,2.856,460.294,0.506,0.223,0.026,-3.280
JOR,Jordan,2011,2.862,481.704,0.538,0.155,0.026,2.741
JOR,Jordan,2012,3.172,505.773,0.555,0.219,0.027,12.423
JOR,Jordan,2013,3.011,529.834,0.535,0.212,0.028,-0.034
JOR,Jordan,2014,2.976,555.999,0.515,0.202,0.029,8.744
JOR,Jordan,2015,2.703,581.798,0.499,0.190,0.029,-1.397
JOR,Jordan,2016,2.493,606.748,0.502,0.183,0.030,-3.294
JOR,Jordan,2017,2.548,632.828,0.496,0.185,0.031,4.531
JOR,Jordan,2018,2.430,658.247,0.494,0.191,0.032,-2.534
JOR,Jordan,2019,2.302,682.817,0.496,0.131,0.032,-3.342
JOR,Jordan,2020,1.898,703.438,0.499,0.123,0.033,-16.069
JOR,Jordan,2021,1.915,724.628,0.504,0.136,0.034,2.757
JOR,Jordan,2022,1.992,747.056,0.505,0.154,0.034,5.840
JOR,Jordan,2023,2.021,770.175,0.507,0.151,0.035,3.084
JOR,Jordan,2024,2.010,793.394,0.514,0.150,0.035,0.432
KAZ,Kazakhstan,2000,9.173,8982.527,2.117,0.000,0.951,19.733
KAZ,Kazakhstan,2001,8.862,9120.563,2.191,0.010,0.936,-2.926
KAZ,Kazakhstan,2002,10.013,9277.331,2.459,0.002,0.923,13.570
KAZ,Kazakhstan,2003,11.114,9452.354,2.420,0.000,0.911,11.644
KAZ,Kazakhstan,2004,11.702,9637.830,2.565,0.022,0.899,5.973
KAZ,Kazakhstan,2005,12.428,9836.277,2.611,0.022,0.889,6.994
KAZ,Kazakhstan,2006,13.639,10055.911,2.785,0.030,0.881,10.675
KAZ,Kazakhstan,2007,13.884,10281.623,2.748,0.037,0.872,2.768
KAZ,Kazakhstan,2008,13.764,10507.726,2.973,0.060,0.865,0.173
KAZ,Kazakhstan,2009,13.429,10730.915,2.879,0.056,0.858,-1.288
KAZ,Kazakhstan,2010,14.735,10979.008,3.092,0.061,0.852,11.158
KAZ,Kazakhstan,2011,13.955,11217.164,2.982,0.062,0.845,-4.005
KAZ,Kazakhstan,2012,14.172,11462.428,2.966,0.134,0.839,2.984
KAZ,Kazakhstan,2013,14.441,11715.961,2.861,0.173,0.833,3.372
KAZ,Kazakhstan,2014,16.790,12015.098,2.895,0.182,0.831,17.988
KAZ,Kazakhstan,2015,16.758,12318.149,2.567,0.191,0.829,1.309
KAZ,Kazakhstan,2016,16.431,12619.889,2.535,0.192,0.828,-0.433
KAZ,Kazakhstan,2017,17.034,12937.609,2.848,0.205,0.829,5.297
KAZ,Kazakhstan,2018,17.408,13267.182,2.760,0.206,0.830,3.730
KAZ,Kazakhstan,2019,15.411,13563.221,2.766,0.198,0.830,-10.175
KAZ,Kazakhstan,2020,14.464,13845.011,2.673,0.228,0.830,-4.814
KAZ,Kazakhstan,2021,12.404,14089.914,2.740,0.195,0.829,-13.090
KAZ,Kazakhstan,2022,13.694,14364.260,2.721,0.223,0.827,12.022
KAZ,Kazakhstan,2023,14.076,14650.435,2.666,0.219,0.826,4.312
KAZ,Kazakhstan,2024,13.937,14937.440,2.670,0.216,0.824,0.290
KEN,Kenya,2000,0.339,222.813,0.791,0.018,0.168,3.636
KEN,Kenya,2001,0.292,232.036,0.772,0.016,0.168,-11.183
KEN,Kenya,2002,0.240,239.855,0.779,0.018,0.168,-15.227
KEN,Kenya,2003,0.200,246.571,0.797,0.024,0.167,-14.106
KEN,Kenya,2004,0.220,254.193,0.817,0.026,0.167,13.478
KEN,Kenya,2005,0.236,262.647,0.781,0.027,0.167,10.928
KEN,Kenya,2006,0.259,272.214,0.753,0.029,0.167,13.161
KEN,Kenya,2007,0.256,281.948,1.042,0.031,0.169,1.748
KEN,Kenya,2008,0.258,292.046,1.028,0.033,0.171,3.745
KEN,Kenya,2009,0.302,304.231,0.969,0.037,0.173,20.658
KEN,Kenya,2010,0.285,316.088,0.951,0.037,0.174,-2.692
KEN,Kenya,2011,0.286,328.306,0.950,0.026,0.176,3.043
KEN,Kenya,2012,0.256,339.552,0.925,0.026,0.178,-7.954
KEN,Kenya,2013,0.270,351.714,0.897,0.030,0.179,8.155
KEN,Kenya,2014,0.287,364.929,0.892,0.038,0.180,8.645
KEN,Kenya,2015,0.323,380.141,0.888,0.032,0.181,15.118
KEN,Kenya,2016,0.338,396.430,0.930,0.034,0.183,7.076
KEN,Kenya,2017,0.329,412.611,0.868,0.035,0.185,-0.661
KEN,Kenya,2018,0.339,429.614,0.880,0.028,0.186,5.078
KEN,Kenya,2019,0.355,447.773,0.962,0.030,0.188,6.799
KEN,Kenya,2020,0.383,467.762,1.042,0.038,0.191,10.082
KEN,Kenya,2021,0.387,488.352,0.946,0.060,0.193,3.003
KEN,Kenya,2022,0.379,508.896,0.955,0.066,0.195,-0.221
KEN,Kenya,2023,0.383,530.082,0.971,0.064,0.196,3.122
KEN,Kenya,2024,0.376,551.307,0.954,0.058,0.198,0.187
KIR,Kiribati,2000,0.413,0.975,0.212,0.000,0.000,25.000
KIR,Kiribati,2001,0.365,1.008,0.212,0.000,0.000,-10.000
KIR,Kiribati,2002,0.437,1.048,0.217,0.000,0.000,22.222
KIR,Kiribati,2003,0.428,1.088,0.216,0.000,0.000,0.000
KIR,Kiribati,2004,0.458,1.132,0.215,0.000,0.000,9.091
KIR,Kiribati,2005,0.486,1.180,0.216,0.000,0.000,8.333
KIR,Kiribati,2006,0.513,1.231,0.215,0.000,0.000,7.692
KIR,Kiribati,2007,0.503,1.282,0.216,0.000,0.000,0.000
KIR,Kiribati,2008,0.457,1.330,0.215,0.000,0.000,-7.143
KIR,Kiribati,2009,0.447,1.378,0.214,0.000,0.000,0.000
KIR,Kiribati,2010,0.539,1.436,0.214,0.000,0.000,23.077
KIR,Kiribati,2011,0.497,1.491,0.214,0.000,0.000,-6.250
KIR,Kiribati,2012,0.489,1.546,0.217,0.000,0.000,0.000
KIR,Kiribati,2013,0.483,1.601,0.219,0.000,0.000,0.000
KIR,Kiribati,2014,0.477,1.656,0.221,0.000,0.000,0.000
KIR,Kiribati,2015,0.502,1.715,0.224,0.000,0.000,6.667
KIR,Kiribati,2016,0.464,1.770,0.227,0.000,0.000,-6.250
KIR,Kiribati,2017,0.579,1.839,0.228,0.000,0.000,26.667
KIR,Kiribati,2018,0.570,1.909,0.229,0.000,0.000,0.000
KIR,Kiribati,2019,0.562,1.979,0.230,0.000,0.000,0.000
KIR,Kiribati,2020,0.552,2.048,0.229,0.000,0.000,0.000
KIR,Kiribati,2021,0.542,2.118,0.229,0.000,0.000,0.000
KIR,Kiribati,2022,0.534,2.187,0.230,0.000,0.000,0.000
KIR,Kiribati,2023,0.523,2.257,0.230,0.000,0.000,-0.473
KIR,Kiribati,2024,0.539,2.329,0.230,0.000,0.000,4.574
KWT,Kuwait,2000,28.127,1739.863,15.883,0.281,0.160,-0.191
KWT,Kuwait,2001,29.440,1798.983,14.577,0.210,0.162,7.529
KWT,Kuwait,2002,29.182,1859.096,14.221,0.347,0.165,1.682
KWT,Kuwait,2003,29.618,1921.587,16.975,0.394,0.168,3.955
KWT,Kuwait,2004,30.526,1987.442,16.660,0.539,0.171,5.384
KWT,Kuwait,2005,33.358,2062.057,17.251,0.418,0.175,13.302
KWT,Kuwait,2006,32.233,2138.279,16.530,0.401,0.178,2.153
KWT,Kuwait,2007,30.821,2215.574,14.704,0.371,0.180,1.408
KWT,Kuwait,2008,31.848,2300.017,13.547,0.411,0.182,9.247
KWT,Kuwait,2009,31.777,2388.849,11.619,0.298,0.184,5.198
KWT,Kuwait,2010,30.482,2478.570,11.127,0.282,0.186,1.001
KWT,Kuwait,2011,27.819,2565.720,11.629,0.296,0.190,-2.865
KWT,Kuwait,2012,30.327,2666.921,11.832,0.295,0.194,16.121
KWT,Kuwait,2013,23.675,2749.968,11.218,0.344,0.195,-17.939
KWT,Kuwait,2014,20.458,2824.962,10.668,0.309,0.196,-9.697
KWT,Kuwait,2015,24.337,2918.279,10.315,0.327,0.197,24.434
KWT,Kuwait,2016,25.979,3022.298,10.216,0.403,0.199,11.468
KWT,Kuwait,2017,24.072,3122.308,9.314,0.331,0.200,-3.854
KWT,Kuwait,2018,23.697,3224.761,9.068,0.318,0.202,2.442
KWT,Kuwait,2019,23.559,3329.416,8.730,0.355,0.203,2.149
KWT,Kuwait,2020,20.477,3419.518,8.355,0.312,0.204,-13.904
KWT,Kuwait,2021,20.150,3507.387,8.434,0.324,0.205,-2.479
KWT,Kuwait,2022,25.242,3623.236,8.716,0.319,0.207,31.843
KWT,Kuwait,2023,25.454,3746.405,8.101,0.303,0.208,6.318
KWT,Kuwait,2024,26.248,3875.923,8.010,0.297,0.209,5.155
KGZ,Kyrgyzstan,2000,0.910,684.951,0.828,0.038,0.069,-1.447
KGZ,Kyrgyzstan,2001,0.760,688.807,0.828,0.039,0.069,-15.704
KGZ,Kyrgyzstan,2002,0.961,693.725,0.837,0.044,0.068,27.497
KGZ,Kyrgyzstan,2003,1.042,699.100,0.835,0.062,0.067,9.320
KGZ,Kyrgyzstan,2004,1.116,704.908,0.830,0.071,0.066,8.048
KGZ,Kyrgyzstan,2005,1.052,710.427,0.837,0.079,0.065,-4.977
KGZ,Kyrgyzstan,2006,1.033,715.885,0.796,0.092,0.065,-1.120
KGZ,Kyrgyzstan,2007,1.228,722.407,0.811,0.096,0.064,19.516
KGZ,Kyrgyzstan,2008,1.400,729.888,0.845,0.081,0.063,14.697
KGZ,Kyrgyzstan,2009,1.243,736.597,0.890,0.039,0.062,-10.314
KGZ,Kyrgyzstan,2010,1.157,742.953,0.896,0.064,0.062,-5.271
KGZ,Kyrgyzstan,2011,1.362,750.573,1.003,0.086,0.061,19.896
KGZ,Kyrgyzstan,2012,1.771,760.660,0.907,0.102,0.061,32.368
KGZ,Kyrgyzstan,2013,1.679,770.393,0.985,0.127,0.060,-3.498
KGZ,Kyrgyzstan,2014,1.735,780.630,1.077,0.138,0.060,5.163
KGZ,Kyrgyzstan,2015,1.710,790.895,1.076,0.114,0.060,0.277
KGZ,Kyrgyzstan,2016,1.575,800.516,1.108,0.099,0.060,-6.265
KGZ,Kyrgyzstan,2017,1.505,809.880,1.118,0.110,0.060,-2.677
KGZ,Kyrgyzstan,2018,1.762,821.055,1.138,0.144,0.060,19.338
KGZ,Kyrgyzstan,2019,1.393,830.102,1.133,0.142,0.060,-19.045
KGZ,Kyrgyzstan,2020,1.253,838.450,1.120,0.133,0.060,-7.717
KGZ,Kyrgyzstan,2021,1.516,848.789,1.113,0.173,0.060,23.834
KGZ,Kyrgyzstan,2022,1.655,860.302,1.112,0.182,0.060,11.362
KGZ,Kyrgyzstan,2023,1.576,871.446,1.108,0.179,0.060,-3.200
KGZ,Kyrgyzstan,2024,1.638,883.216,1.109,0.176,0.060,5.615
LAO,Laos,2000,0.177,15.269,1.168,0.007,0.095,13.565
LAO,Laos,2001,0.192,16.329,1.188,0.007,0.096,10.284
LAO,Laos,2002,0.208,17.494,1.192,0.017,0.097,10.064
LAO,Laos,2003,0.214,18.715,1.203,0.017,0.097,4.735
LAO,Laos,2004,0.222,19.998,1.229,0.017,0.098,5.039
LAO,Laos,2005,0.228,21.335,1.194,0.017,0.099,4.252
LAO,Laos,2006,0.295,23.092,1.188,0.026,0.100,31.437
LAO,Laos,2007,0.303,24.928,1.219,0.025,0.101,4.461
LAO,Laos,2008,0.347,27.059,1.247,0.025,0.102,16.104
LAO,Laos,2009,0.427,29.727,1.283,0.061,0.104,25.154
LAO,Laos,2010,0.474,32.727,1.332,0.072,0.105,12.499
LAO,Laos,2011,0.482,35.824,1.280,0.077,0.105,3.198
LAO,Laos,2012,0.511,39.153,1.355,0.087,0.106,7.477
LAO,Laos,2013,0.635,43.351,1.336,0.125,0.108,26.137
LAO,Laos,2014,0.654,47.734,1.350,0.125,0.109,4.400
LAO,Laos,2015,1.350,56.919,1.372,0.174,0.110,109.554
LAO,Laos,2016,2.375,73.325,1.431,0.188,0.110,78.627
LAO,Laos,2017,2.796,92.950,1.402,0.214,0.111,19.617
LAO,Laos,2018,2.873,113.432,1.388,0.257,0.112,4.365
LAO,Laos,2019,2.534,131.772,1.389,0.275,0.112,-10.456
LAO,Laos,2020,2.490,150.065,1.436,0.320,0.112,-0.253
LAO,Laos,2021,2.930,171.902,1.406,0.738,0.113,19.368
LAO,Laos,2022,2.983,194.451,1.449,0.646,0.113,3.261
LAO,Laos,2023,3.152,218.608,1.453,0.637,0.113,7.132
LAO,Laos,2024,3.140,243.008,1.469,0.629,0.114,1.005
LVA,Latvia,2000,2.990,800.398,0.845,0.037,0.072,-8.244
LVA,Latvia,2001,3.206,807.894,0.866,0.047,0.071,5.858
LVA,Latvia,2002,3.254,815.415,0.894,0.051,0.070,0.319
LVA,Latvia,2003,3.375,823.141,0.928,0.056,0.069,2.734
LVA,Latvia,2004,3.415,830.872,0.961,0.060,0.068,0.067
LVA,Latvia,2005,3.487,838.683,1.020,0.060,0.067,1.029
LVA,Latvia,2006,3.745,846.993,1.083,0.076,0.066,6.393
LVA,Latvia,2007,3.925,855.630,1.139,0.078,0.065,3.936
LVA,Latvia,2008,3.765,863.828,1.059,0.077,0.064,-5.085
LVA,Latvia,2009,3.481,871.284,1.087,0.083,0.063,-9.049
LVA,Latvia,2010,4.078,879.839,1.074,0.205,0.062,14.730
LVA,Latvia,2011,3.791,887.647,1.141,0.270,0.061,-8.722
LVA,Latvia,2012,3.696,895.167,1.198,0.283,0.060,-3.697
LVA,Latvia,2013,3.661,902.536,1.212,0.269,0.059,-2.008
LVA,Latvia,2014,3.597,909.708,1.223,0.280,0.059,-2.667
LVA,Latvia,2015,3.672,916.971,1.225,0.238,0.058,1.258
LVA,Latvia,2016,3.679,924.181,1.241,0.177,0.058,-0.712
LVA,Latvia,2017,3.714,931.397,1.254,0.225,0.057,0.064
LVA,Latvia,2018,4.069,939.240,1.232,0.286,0.057,8.702
LVA,Latvia,2019,3.988,946.873,1.227,0.293,0.056,-2.674
LVA,Latvia,2020,3.682,953.872,1.215,0.290,0.056,-8.308
LVA,Latvia,2021,3.828,961.091,1.236,0.286,0.055,3.130
LVA,Latvia,2022,3.513,967.699,1.224,0.287,0.055,-8.456
LVA,Latvia,2023,3.501,974.289,1.221,0.282,0.054,-0.274
LVA,Latvia,2024,3.452,980.751,1.221,0.284,0.054,-1.942
LBN,Lebanon,2000,3.572,313.344,0.455,0.377,0.020,-5.864
LBN,Lebanon,2001,3.727,329.751,0.464,0.384,0.020,6.080
LBN,Lebanon,2002,3.639,345.994,0.477,0.375,0.021,-0.993
LBN,Lebanon,2003,4.094,364.523,0.491,0.509,0.021,14.069
LBN,Lebanon,2004,3.742,381.732,0.503,0.569,0.022,-7.127
LBN,Lebanon,2005,3.565,398.382,0.511,0.589,0.022,-3.244
LBN,Lebanon,2006,3.113,413.174,0.512,0.423,0.023,-11.158
LBN,Lebanon,2007,2.838,426.920,0.510,0.467,0.023,-7.073
LBN,Lebanon,2008,3.536,444.338,0.511,0.471,0.023,26.711
LBN,Lebanon,2009,4.198,465.296,0.519,0.509,0.024,20.323
LBN,Lebanon,2010,3.967,485.292,0.530,0.510,0.024,-4.585
LBN,Lebanon,2011,3.976,505.556,0.559,0.506,0.025,1.338
LBN,Lebanon,2012,4.265,527.888,0.576,0.456,0.026,10.205
LBN,Lebanon,2013,3.859,550.052,0.554,0.442,0.026,-0.754
LBN,Lebanon,2014,3.780,574.044,0.528,0.412,0.027,8.249
LBN,Lebanon,2015,3.975,599.776,0.534,0.370,0.027,7.249
LBN,Lebanon,2016,4.181,626.213,0.560,0.363,0.028,2.746
LBN,Lebanon,2017,4.516,654.034,0.584,0.364,0.029,5.231
LBN,Lebanon,2018,4.313,679.846,0.605,0.342,0.029,-7.220
LBN,Lebanon,2019,4.339,704.987,0.637,0.241,0.030,-2.600
LBN,Lebanon,2020,4.155,728.681,0.659,0.150,0.030,-5.756
LBN,Lebanon,2021,3.406,748.156,0.666,0.138,0.031,-17.809
LBN,Lebanon,2022,2.674,763.516,0.673,0.161,0.031,-21.124
LBN,Lebanon,2023,2.695,779.075,0.680,0.160,0.031,1.290
LBN,Lebanon,2024,2.696,794.725,0.686,0.159,0.031,0.586
LSO,Lesotho,2000,0.923,18.584,0.874,0.000,0.011,1.406
LSO,Lesotho,2001,0.936,20.456,0.858,0.000,0.011,1.188
LSO,Lesotho,2002,0.955,22.361,0.805,0.000,0.011,1.761
LSO,Lesotho,2003,0.973,24.292,0.832,0.000,0.011,1.346
LSO,Lesotho,2004,1.004,26.271,0.818,0.000,0.011,2.467
LSO,Lesotho,2005,1.030,28.282,0.887,0.000,0.011,1.667
LSO,Lesotho,2006,1.045,30.316,0.864,0.000,0.011,1.093
LSO,Lesotho,2007,1.062,32.390,0.878,0.000,0.011,1.982
LSO,Lesotho,2008,1.079,34.511,0.857,0.000,0.011,2.297
LSO,Lesotho,2009,1.119,36.728,0.864,0.000,0.011,4.491
LSO,Lesotho,2010,1.140,39.003,0.848,0.000,0.011,2.645
LSO,Lesotho,2011,1.370,41.762,0.850,0.000,0.011,21.256
LSO,Lesotho,2012,1.372,44.554,0.843,0.000,0.011,1.195
LSO,Lesotho,2013,1.033,46.679,0.794,0.000,0.011,-23.885
LSO,Lesotho,2014,1.078,48.922,0.777,0.000,0.011,5.517
LSO,Lesotho,2015,0.971,50.966,0.753,0.000,0.011,-8.824
LSO,Lesotho,2016,0.951,52.992,0.734,0.000,0.011,-0.896
LSO,Lesotho,2017,1.060,55.279,0.765,0.000,0.011,12.839
LSO,Lesotho,2018,0.992,57.444,0.703,0.000,0.011,-5.288
LSO,Lesotho,2019,0.990,59.632,0.662,0.000,0.011,1.015
LSO,Lesotho,2020,0.888,61.617,0.573,0.000,0.011,-9.213
LSO,Lesotho,2021,1.369,64.714,0.593,0.000,0.011,55.904
LSO,Lesotho,2022,1.116,67.265,0.606,0.000,0.011,-17.594
LSO,Lesotho,2023,1.079,69.759,0.577,0.000,0.011,-2.262
LSO,Lesotho,2024,1.100,72.330,0.563,0.000,0.011,3.133
LBR,Liberia,2000,0.137,35.947,0.508,0.010,0.051,6.991
LBR,Liberia,2001,0.137,36.360,0.491,0.008,0.051,2.813
LBR,Liberia,2002,0.140,36.792,0.496,0.007,0.051,4.416
LBR,Liberia,2003,0.148,37.253,0.506,0.003,0.052,6.627
LBR,Liberia,2004,0.172,37.796,0.517,0.015,0.052,17.833
LBR,Liberia,2005,0.197,38.446,0.517,0.017,0.052,19.853
LBR,Liberia,2006,0.192,39.115,0.548,0.017,0.052,2.843
LBR,Liberia,2007,0.171,39.744,0.506,0.017,0.052,-6.021
LBR,Liberia,2008,0.139,40.275,0.506,0.009,0.052,-15.584
LBR,Liberia,2009,0.132,40.797,0.547,0.007,0.052,-1.660
LBR,Liberia,2010,0.175,41.506,0.518,0.007,0.052,35.880
LBR,Liberia,2011,0.195,42.329,0.507,0.007,0.053,15.951
LBR,Liberia,2012,0.209,43.244,0.501,0.011,0.053,11.261
LBR,Liberia,2013,0.196,44.118,0.495,0.017,0.053,-4.453
LBR,Liberia,2014,0.161,44.851,0.502,0.025,0.053,-16.098
LBR,Liberia,2015,0.150,45.550,0.505,0.025,0.054,-4.749
LBR,Liberia,2016,0.136,46.197,0.487,0.020,0.054,-7.448
LBR,Liberia,2017,0.138,46.864,0.477,0.023,0.054,3.203
LBR,Liberia,2018,0.123,47.473,0.472,0.026,0.054,-8.801
LBR,Liberia,2019,0.185,48.404,0.488,0.026,0.054,53.075
LBR,Liberia,2020,0.151,49.181,0.483,0.031,0.054,-16.628
LBR,Liberia,2021,0.149,49.964,0.470,0.039,0.054,0.748
LBR,Liberia,2022,0.161,50.828,0.475,0.034,0.054,10.377
LBR,Liberia,2023,0.152,51.662,0.466,0.033,0.054,-3.446
LBR,Liberia,2024,0.153,52.521,0.461,0.033,0.054,3.042
LBY,Libya,2000,10.036,1122.128,7.707,0.229,0.215,5.926
LBY,Libya,2001,9.829,1175.241,6.933,0.224,0.213,-0.235
LBY,Libya,2002,9.535,1227.766,6.608,0.240,0.211,-1.108
LBY,Libya,2003,9.873,1283.247,7.481,0.249,0.210,5.627
LBY,Libya,2004,9.911,1340.101,7.139,0.250,0.209,2.475
LBY,Libya,2005,9.556,1396.086,7.456,0.245,0.209,-1.527
LBY,Libya,2006,8.603,1447.536,7.038,0.348,0.208,-8.101
LBY,Libya,2007,7.272,1491.928,6.428,0.330,0.207,-13.718
LBY,Libya,2008,7.970,1541.627,6.424,0.340,0.205,11.956
LBY,Libya,2009,8.109,1593.254,5.730,0.393,0.203,3.878
LBY,Libya,2010,9.103,1652.402,5.971,0.415,0.200,14.568
LBY,Libya,2011,8.441,1705.944,2.372,0.211,0.193,-9.477
LBY,Libya,2012,9.970,1767.551,5.360,0.124,0.191,15.062
LBY,Libya,2013,8.144,1818.895,3.870,0.123,0.188,-16.658
LBY,Libya,2014,10.634,1887.243,2.318,0.422,0.183,33.119
LBY,Libya,2015,9.318,1948.109,2.049,0.297,0.177,-10.947
LBY,Libya,2016,8.652,2005.488,1.951,0.240,0.171,-5.729
LBY,Libya,2017,9.956,2072.580,3.274,0.259,0.168,16.928
LBY,Libya,2018,9.146,2135.225,3.844,0.255,0.165,-6.629
LBY,Libya,2019,10.614,2209.003,4.144,0.201,0.164,17.773
LBY,Libya,2020,5.125,2245.114,1.876,0.165,0.160,-51.055
LBY,Libya,2021,7.892,2301.427,3.961,0.163,0.158,55.944
LBY,Libya,2022,8.164,2360.400,3.567,0.161,0.156,4.726
LBY,Libya,2023,8.790,2424.620,3.850,0.159,0.154,8.894
LBY,Libya,2024,8.842,2489.880,3.820,0.157,0.153,1.621
LIE,Liechtenstein,2000,6.544,5.641,0.637,0.000,0.000,-4.284
LIE,Liechtenstein,2001,6.414,5.855,0.634,0.000,0.000,-1.009
LIE,Liechtenstein,2002,6.515,6.075,0.637,0.000,0.000,2.491
LIE,Liechtenstein,2003,6.728,6.305,0.631,0.000,0.000,4.242
LIE,Liechtenstein,2004,6.666,6.534,0.634,0.000,0.000,0.015
LIE,Liechtenstein,2005,6.596,6.763,0.651,0.000,0.000,-0.184
LIE,Liechtenstein,2006,6.602,6.994,0.670,0.000,0.000,0.929
LIE,Liechtenstein,2007,5.694,7.195,0.679,0.000,0.000,-13.136
LIE,Liechtenstein,2008,6.188,7.414,0.685,0.000,0.000,9.334
LIE,Liechtenstein,2009,5.745,7.620,0.640,0.000,0.000,-6.439
LIE,Liechtenstein,2010,5.296,7.810,0.603,0.000,0.000,-7.088
LIE,Liechtenstein,2011,4.869,7.987,0.603,0.000,0.000,-7.368
LIE,Liechtenstein,2012,5.059,8.172,0.611,0.000,0.000,4.830
LIE,Liechtenstein,2013,5.212,8.365,0.593,0.000,0.000,3.903
LIE,Liechtenstein,2014,4.334,8.526,0.602,0.000,0.000,-16.264
LIE,Liechtenstein,2015,4.266,8.686,0.598,0.000,0.000,-0.942
LIE,Liechtenstein,2016,3.976,8.835,0.609,0.000,0.000,-6.272
LIE,Liechtenstein,2017,4.105,8.991,0.592,0.000,0.000,3.891
LIE,Liechtenstein,2018,3.736,9.134,0.598,0.000,0.000,-8.299
LIE,Liechtenstein,2019,3.865,9.282,0.614,0.000,0.000,4.266
LIE,Liechtenstein,2020,3.650,9.424,0.617,0.000,0.000,-4.743
LIE,Liechtenstein,2021,3.727,9.569,0.616,0.000,0.000,2.818
LIE,Liechtenstein,2022,3.262,9.698,0.613,0.000,0.000,-11.854
LIE,Liechtenstein,2023,3.312,9.829,0.616,0.000,0.000,2.248
LIE,Liechtenstein,2024,3.299,9.961,0.616,0.000,0.000,0.307
LTU,Lithuania,2000,3.383,1288.121,1.258,0.084,0.131,-11.945
LTU,Lithuania,2001,3.626,1300.715,1.213,0.082,0.129,6.339
LTU,Lithuania,2002,3.678,1313.381,1.298,0.084,0.127,0.574
LTU,Lithuania,2003,3.707,1326.040,1.288,0.086,0.125,-0.052
LTU,Lithuania,2004,3.925,1339.294,1.314,0.104,0.123,4.698
LTU,Lithuania,2005,4.173,1353.157,1.326,0.115,0.122,4.590
LTU,Lithuania,2006,4.341,1367.352,1.348,0.158,0.120,2.400
LTU,Lithuania,2007,4.789,1382.826,1.408,0.162,0.118,9.005
LTU,Lithuania,2008,4.664,1397.745,1.426,0.142,0.116,-3.585
LTU,Lithuania,2009,4.056,1410.574,1.394,0.090,0.115,-14.007
LTU,Lithuania,2010,4.455,1424.375,1.422,0.093,0.113,7.582
LTU,Lithuania,2011,4.609,1438.335,1.448,0.106,0.112,1.143
LTU,Lithuania,2012,4.703,1452.389,1.456,0.132,0.110,0.677
LTU,Lithuania,2013,4.444,1465.537,1.423,0.156,0.109,-6.446
LTU,Lithuania,2014,4.379,1478.383,1.406,0.137,0.108,-2.300
LTU,Lithuania,2015,4.489,1491.428,1.419,0.178,0.107,1.552
LTU,Lithuania,2016,4.566,1504.530,1.280,0.158,0.105,0.432
LTU,Lithuania,2017,4.693,1517.807,1.251,0.159,0.104,1.342
LTU,Lithuania,2018,4.787,1531.222,1.220,0.182,0.103,1.032
LTU,Lithuania,2019,4.883,1544.869,1.187,0.207,0.102,1.736
LTU,Lithuania,2020,4.829,1558.369,1.109,0.199,0.101,-1.083
LTU,Lithuania,2021,4.930,1572.147,1.072,0.227,0.100,2.063
LTU,Lithuania,2022,4.578,1585.042,1.012,0.242,0.099,-6.409
LTU,Lithuania,2023,4.382,1597.549,0.977,0.174,0.098,-3.006
LTU,Lithuania,2024,4.387,1610.091,0.916,0.174,0.097,0.273
LUX,Luxembourg,2000,19.953,546.640,1.516,1.127,0.025,7.180
LUX,Luxembourg,2001,20.838,555.845,1.464,0.970,0.025,5.781
LUX,Luxembourg,2002,22.354,565.823,1.415,0.993,0.025,8.399
LUX,Luxembourg,2003,23.129,576.274,1.355,0.861,0.025,4.735
LUX,Luxembourg,2004,25.782,588.090,1.306,0.933,0.025,13.062
LUX,Luxembourg,2005,25.949,600.166,1.272,0.902,0.025,2.200
LUX,Luxembourg,2006,25.177,612.072,1.252,0.878,0.025,-1.410
LUX,Luxembourg,2007,23.533,623.374,1.261,0.854,0.025,-5.068
LUX,Luxembourg,2008,22.836,634.541,1.237,0.782,0.025,-1.198
LUX,Luxembourg,2009,21.316,645.161,1.217,0.718,0.025,-4.898
LUX,Luxembourg,2010,22.054,656.351,1.254,0.730,0.025,5.374
LUX,Luxembourg,2011,21.384,667.441,1.162,0.751,0.025,-0.903
LUX,Luxembourg,2012,20.450,678.299,1.097,0.718,0.025,-2.088
LUX,Luxembourg,2013,18.999,688.622,1.089,0.684,0.025,-4.923
LUX,Luxembourg,2014,17.629,698.429,1.071,0.647,0.025,-5.004
LUX,Luxembourg,2015,16.389,707.763,1.010,0.578,0.024,-4.822
LUX,Luxembourg,2016,15.556,716.840,1.025,0.602,0.024,-2.751
LUX,Luxembourg,2017,15.509,726.091,1.011,0.621,0.024,1.915
LUX,Luxembourg,2018,15.715,735.647,0.980,0.608,0.024,3.299
LUX,Luxembourg,2019,15.722,745.397,0.961,0.637,0.024,2.028
LUX,Luxembourg,2020,12.796,753.466,0.898,0.633,0.024,-17.240
LUX,Luxembourg,2021,13.134,761.876,0.875,0.548,0.024,4.219
LUX,Luxembourg,2022,11.135,769.150,0.849,0.565,0.024,-13.498
LUX,Luxembourg,2023,10.285,775.991,0.828,0.362,0.024,-5.961
LUX,Luxembourg,2024,10.460,783.031,0.794,0.358,0.023,2.910
MAC,Macao,2000,3.494,24.963,0.076,0.000,0.001,7.198
MAC,Macao,2001,3.507,26.524,0.077,0.000,0.001,2.158
MAC,Macao,2002,3.045,27.912,0.077,0.000,0.001,-11.033
MAC,Macao,2003,3.031,29.334,0.079,0.000,0.001,2.375
MAC,Macao,2004,3.282,30.917,0.081,0.000,0.001,11.340
MAC,Macao,2005,3.395,32.599,0.078,0.000,0.001,6.250
MAC,Macao,2006,2.859,34.053,0.078,0.000,0.001,-13.508
MAC,Macao,2007,2.610,35.416,0.077,0.000,0.001,-6.297
MAC,Macao,2008,2.106,36.545,0.074,0.000,0.001,-17.204
MAC,Macao,2009,3.447,38.439,0.074,0.000,0.001,67.857
MAC,Macao,2010,2.194,39.674,0.074,0.000,0.001,-34.816
MAC,Macao,2011,2.247,40.967,0.075,0.000,0.001,4.748
MAC,Macao,2012,1.927,42.099,0.074,0.000,0.002,-12.465
MAC,Macao,2013,1.652,43.089,0.075,0.000,0.002,-12.621
MAC,Macao,2014,2.119,44.382,0.075,0.000,0.002,30.741
MAC,Macao,2015,2.850,46.155,0.077,0.000,0.002,37.110
MAC,Macao,2016,2.807,47.936,0.075,0.000,0.002,0.413
MAC,Macao,2017,2.981,49.863,0.075,0.000,0.002,8.230
MAC,Macao,2018,1.885,51.105,0.072,0.000,0.002,-35.551
MAC,Macao,2019,1.807,52.318,0.073,0.000,0.002,-2.360
MAC,Macao,2020,1.513,53.352,0.073,0.000,0.002,-14.804
MAC,Macao,2021,1.483,54.381,0.072,0.000,0.002,-0.355
MAC,Macao,2022,1.489,55.430,0.072,0.000,0.002,1.864
MAC,Macao,2023,1.461,56.473,0.072,0.000,0.002,-0.564
MAC,Macao,2024,1.467,57.529,0.072,0.000,0.002,1.291
MDG,Madagascar,2000,0.118,45.496,1.217,0.001,0.290,10.690
MDG,Madagascar,2001,0.103,47.242,1.132,0.001,0.290,-10.663
MDG,Madagascar,2002,0.070,48.474,1.038,0.001,0.289,-29.458
MDG,Madagascar,2003,0.094,50.174,1.080,0.004,0.287,37.921
MDG,Madagascar,2004,0.097,51.978,1.023,0.004,0.285,6.178
MDG,Madagascar,2005,0.091,53.719,1.116,0.003,0.284,-3.500
MDG,Madagascar,2006,0.085,55.394,1.065,0.003,0.282,-3.820
MDG,Madagascar,2007,0.085,57.122,1.085,0.005,0.280,3.164
MDG,Madagascar,2008,0.085,58.909,1.037,0.003,0.278,3.449
MDG,Madagascar,2009,0.079,60.608,1.034,0.003,0.277,-4.937
MDG,Madagascar,2010,0.084,62.480,1.012,0.003,0.275,10.162
MDG,Madagascar,2011,0.102,64.810,0.969,0.003,0.272,24.477
MDG,Madagascar,2012,0.113,67.470,0.973,0.004,0.270,14.179
MDG,Madagascar,2013,0.127,70.531,0.905,0.004,0.267,15.064
MDG,Madagascar,2014,0.120,73.502,0.930,0.002,0.265,-2.938
MDG,Madagascar,2015,0.123,76.623,0.904,0.002,0.263,5.056
MDG,Madagascar,2016,0.125,79.880,0.906,0.002,0.261,4.343
MDG,Madagascar,2017,0.142,83.684,0.867,0.003,0.259,16.795
MDG,Madagascar,2018,0.131,87.288,0.832,0.002,0.256,-5.240
MDG,Madagascar,2019,0.147,91.435,0.858,0.002,0.254,15.039
MDG,Madagascar,2020,0.131,95.223,0.853,0.002,0.252,-8.644
MDG,Madagascar,2021,0.143,99.469,0.827,0.002,0.250,12.091
MDG,Madagascar,2022,0.138,103.678,0.813,0.002,0.249,-0.858
MDG,Madagascar,2023,0.143,108.125,0.788,0.002,0.247,5.633
MDG,Madagascar,2024,0.142,112.654,0.776,0.002,0.245,1.835
MWI,Malawi,2000,0.075,28.406,0.336,0.005,0.041,-4.398
MWI,Malawi,2001,0.067,29.183,0.317,0.005,0.041,-8.981
MWI,Malawi,2002,0.072,30.039,0.317,0.005,0.041,10.157
MWI,Malawi,2003,0.075,30.954,0.321,0.007,0.042,6.844
MWI,Malawi,2004,0.072,31.856,0.313,0.003,0.042,-1.438
MWI,Malawi,2005,0.066,32.701,0.315,0.001,0.043,-6.250
MWI,Malawi,2006,0.065,33.552,0.314,0.000,0.043,0.711
MWI,Malawi,2007,0.068,34.472,0.317,0.002,0.043,7.970
MWI,Malawi,2008,0.071,35.470,0.325,0.000,0.044,8.652
MWI,Malawi,2009,0.071,36.488,0.327,0.001,0.044,1.892
MWI,Malawi,2010,0.066,37.460,0.335,0.001,0.044,-4.466
MWI,Malawi,2011,0.068,38.494,0.336,0.001,0.044,6.345
MWI,Malawi,2012,0.066,39.535,0.340,0.002,0.044,0.668
MWI,Malawi,2013,0.069,40.655,0.341,0.004,0.044,7.637
MWI,Malawi,2014,0.061,41.670,0.343,0.008,0.045,-9.384
MWI,Malawi,2015,0.061,42.720,0.345,0.004,0.045,3.428
MWI,Malawi,2016,0.067,43.892,0.348,0.004,0.045,11.671
MWI,Malawi,2017,0.066,45.085,0.346,0.005,0.045,1.756
MWI,Malawi,2018,0.091,46.775,0.362,0.006,0.046,41.660
MWI,Malawi,2019,0.089,48.471,0.387,0.006,0.046,0.314
MWI,Malawi,2020,0.096,50.339,0.388,0.013,0.046,10.186
MWI,Malawi,2021,0.084,52.021,0.382,0.012,0.047,-9.933
MWI,Malawi,2022,0.088,53.823,0.385,0.012,0.047,7.066
MWI,Malawi,2023,0.088,55.675,0.390,0.011,0.047,2.841
MWI,Malawi,2024,0.087,57.557,0.387,0.011,0.048,1.561
MYS,Malaysia,2000,5.350,1811.431,0.997,0.287,0.524,18.170
MYS,Malaysia,2001,5.564,1942.321,0.991,0.269,0.528,6.517
MYS,Malaysia,2002,5.478,2074.356,0.993,0.296,0.532,0.875
MYS,Malaysia,2003,6.215,2227.741,1.089,0.313,0.535,16.169
MYS,Malaysia,2004,6.718,2397.415,1.087,0.308,0.539,10.620
MYS,Malaysia,2005,6.579,2567.394,1.089,0.295,0.542,0.179
MYS,Malaysia,2006,6.441,2737.560,1.099,0.308,0.546,0.111
MYS,Malaysia,2007,6.499,2913.014,1.072,0.292,0.549,3.108
MYS,Malaysia,2008,6.995,3105.861,1.078,0.305,0.554,9.913
MYS,Malaysia,2009,6.831,3297.984,1.072,0.282,0.560,-0.376
MYS,Malaysia,2010,6.957,3497.331,0.959,0.246,0.564,3.760
MYS,Malaysia,2011,6.977,3700.783,0.917,0.266,0.570,2.060
MYS,Malaysia,2012,7.180,3913.777,0.915,0.273,0.576,4.689
MYS,Malaysia,2013,8.009,4155.448,0.893,0.291,0.583,13.464
MYS,Malaysia,2014,7.983,4400.501,0.886,0.308,0.590,1.400
MYS,Malaysia,2015,7.554,4636.443,0.903,0.278,0.594,-3.718
MYS,Malaysia,2016,7.464,4873.737,0.914,0.287,0.598,0.573
MYS,Malaysia,2017,7.555,5118.194,0.904,0.271,0.600,3.019
MYS,Malaysia,2018,7.981,5380.841,0.892,0.275,0.603,7.441
MYS,Malaysia,2019,8.303,5658.515,0.872,0.273,0.605,5.721
MYS,Malaysia,2020,7.736,5920.673,0.830,0.333,0.607,-5.587
MYS,Malaysia,2021,7.973,6194.005,0.814,0.330,0.609,4.262
MYS,Malaysia,2022,8.125,6475.889,0.817,0.324,0.610,3.129
MYS,Malaysia,2023,7.866,6752.186,0.820,0.374,0.611,-1.982
MYS,Malaysia,2024,8.162,7042.410,0.796,0.433,0.612,5.041
MDV,Maldives,2000,1.598,3.781,0.186,0.000,0.000,6.957
MDV,Maldives,2001,1.610,4.243,0.189,0.000,0.000,2.439
MDV,Maldives,2002,2.023,4.833,0.203,0.000,0.000,27.778
MDV,Maldives,2003,1.718,5.342,0.213,0.000,0.000,-13.665
MDV,Maldives,2004,2.200,6.005,0.226,0.000,0.000,30.216
MDV,Maldives,2005,1.961,6.606,0.232,0.000,0.000,-9.392
MDV,Maldives,2006,2.370,7.350,0.246,0.000,0.000,23.780
MDV,Maldives,2007,2.405,8.130,0.250,0.000,0.000,4.926
MDV,Maldives,2008,2.496,8.969,0.256,0.000,0.000,7.512
MDV,Maldives,2009,2.535,9.852,0.256,0.000,0.001,5.240
MDV,Maldives,2010,2.579,10.783,0.262,0.000,0.001,5.394
MDV,Maldives,2011,2.638,11.769,0.268,0.000,0.001,5.906
MDV,Maldives,2012,2.870,12.879,0.274,0.000,0.001,12.639
MDV,Maldives,2013,2.738,13.974,0.280,0.000,0.001,-1.320
MDV,Maldives,2014,3.189,15.294,0.288,0.000,0.001,20.401
MDV,Maldives,2015,2.995,16.576,0.286,0.000,0.001,-2.778
MDV,Maldives,2016,3.232,18.009,0.288,0.000,0.001,11.714
MDV,Maldives,2017,3.302,19.522,0.290,0.000,0.001,5.627
MDV,Maldives,2018,3.671,21.259,0.293,0.000,0.001,14.770
MDV,Maldives,2019,4.087,23.252,0.297,0.000,0.001,14.768
MDV,Maldives,2020,3.342,24.930,0.299,0.000,0.001,-15.809
MDV,Maldives,2021,3.869,26.927,0.301,0.000,0.001,18.996
MDV,Maldives,2022,4.228,29.143,0.306,0.000,0.001,10.963
MDV,Maldives,2023,4.193,31.348,0.314,0.000,0.001,-0.472
MDV,Maldives,2024,4.369,33.654,0.323,0.000,0.001,4.574
MLI,Mali,2000,0.092,16.148,1.194,0.000,0.071,9.811
MLI,Mali,2001,0.098,17.310,1.148,0.000,0.072,8.935
MLI,Mali,2002,0.098,18.519,1.141,0.000,0.074,4.101
MLI,Mali,2003,0.098,19.765,1.148,,0.074,3.030
MLI,Mali,2004,0.108,21.179,1.209,,0.076,13.529
MLI,Mali,2005,0.108,22.637,1.215,,0.077,3.109
MLI,Mali,2006,0.110,24.173,1.172,,0.078,5.276
MLI,Mali,2007,0.123,25.957,1.184,,0.079,16.229
MLI,Mali,2008,0.131,27.914,1.201,,0.080,9.651
MLI,Mali,2009,0.122,29.801,1.167,,0.081,-3.558
MLI,Mali,2010,0.131,31.889,1.193,,0.082,10.680
MLI,Mali,2011,0.138,34.168,1.179,0.000,0.083,9.123
MLI,Mali,2012,0.144,36.605,1.179,0.000,0.084,6.913
MLI,Mali,2013,0.157,39.348,1.177,0.010,0.085,12.593
MLI,Mali,2014,0.174,42.487,1.168,0.014,0.086,14.432
MLI,Mali,2015,0.183,45.886,1.183,0.013,0.088,8.275
MLI,Mali,2016,0.223,50.173,1.248,0.013,0.089,26.097
MLI,Mali,2017,0.241,54.939,1.242,0.013,0.091,11.208
MLI,Mali,2018,0.254,60.137,1.245,0.019,0.092,9.058
MLI,Mali,2019,0.266,65.731,1.218,0.018,0.094,7.612
MLI,Mali,2020,0.292,72.062,1.235,0.027,0.095,13.157
MLI,Mali,2021,0.330,79.455,1.267,0.029,0.097,16.795
MLI,Mali,2022,0.304,86.474,1.195,0.030,0.098,-5.051
MLI,Mali,2023,0.284,93.217,1.185,0.029,0.100,-3.942
MLI,Mali,2024,0.285,100.196,1.187,0.028,0.101,3.497
MLT,Malta,2000,6.172,57.499,0.414,0.000,0.003,-4.070
MLT,Malta,2001,6.794,60.236,0.415,0.000,0.003,10.875
MLT,Malta,2002,6.774,62.983,0.418,0.000,0.003,0.390
MLT,Malta,2003,7.253,65.944,0.424,0.000,0.003,7.776
MLT,Malta,2004,6.935,68.793,0.414,0.000,0.003,-3.775
MLT,Malta,2005,6.411,71.443,0.452,0.000,0.003,-6.995
MLT,Malta,2006,6.391,74.098,0.485,0.000,0.003,0.209
MLT,Malta,2007,6.538,76.826,0.505,0.000,0.003,2.728
MLT,Malta,2008,6.495,79.548,0.524,0.000,0.003,-0.239
MLT,Malta,2009,6.086,82.108,0.534,0.000,0.003,-5.895
MLT,Malta,2010,6.197,84.728,0.547,0.000,0.003,2.280
MLT,Malta,2011,6.142,87.336,0.578,0.000,0.003,-0.422
MLT,Malta,2012,6.444,90.085,0.369,0.000,0.003,5.401
MLT,Malta,2013,5.671,92.515,0.361,0.000,0.003,-11.619
MLT,Malta,2014,5.564,94.932,0.356,0.000,0.004,-0.507
MLT,Malta,2015,3.815,96.629,0.373,0.000,0.004,-29.779
MLT,Malta,2016,3.022,98.005,0.380,0.000,0.004,-18.945
MLT,Malta,2017,3.285,99.542,0.373,0.000,0.004,11.725
MLT,Malta,2018,3.194,101.090,0.347,0.000,0.004,0.683
MLT,Malta,2019,3.272,102.739,0.342,0.000,0.003,6.558
MLT,Malta,2020,3.089,104.340,0.327,0.000,0.003,-2.929
MLT,Malta,2021,3.073,105.952,0.324,0.000,0.003,0.657
MLT,Malta,2022,3.359,107.726,0.316,0.000,0.003,10.105
MLT,Malta,2023,3.317,109.494,0.313,0.000,0.003,-0.352
MLT,Malta,2024,3.204,111.223,0.306,0.000,0.003,-2.219
MHL,Marshall Islands,2000,1.950,0.795,,0.000,0.000,8.000
MHL,Marshall Islands,2001,2.006,0.898,,0.000,0.000,3.704
MHL,Marshall Islands,2002,2.137,1.008,,0.000,0.000,7.143
MHL,Marshall Islands,2003,2.128,1.118,,0.000,0.000,0.000
MHL,Marshall Islands,2004,2.193,1.231,,0.000,0.000,3.333
MHL,Marshall Islands,2005,2.187,1.345,,0.000,0.000,0.000
MHL,Marshall Islands,2006,2.325,1.466,,0.000,0.000,6.452
MHL,Marshall Islands,2007,2.464,1.594,,0.000,0.000,6.061
MHL,Marshall Islands,2008,2.464,1.722,,0.000,0.000,0.000
MHL,Marshall Islands,2009,2.535,1.854,,0.000,0.000,2.857
MHL,Marshall Islands,2010,2.604,1.990,,0.000,0.000,2.778
MHL,Marshall Islands,2011,2.611,2.125,,0.000,0.000,0.000
MHL,Marshall Islands,2012,2.636,2.261,,0.000,0.000,0.000
MHL,Marshall Islands,2013,2.746,2.400,,0.000,0.000,2.703
MHL,Marshall Islands,2014,2.795,2.539,,0.000,0.000,0.000
MHL,Marshall Islands,2015,2.927,2.682,,0.000,0.000,2.632
MHL,Marshall Islands,2016,2.994,2.825,,0.000,0.000,0.000
MHL,Marshall Islands,2017,3.149,2.972,,0.000,0.000,2.564
MHL,Marshall Islands,2018,3.235,3.118,,0.000,0.000,0.000
MHL,Marshall Islands,2019,3.329,3.265,,0.000,0.000,0.000
MHL,Marshall Islands,2020,3.430,3.411,,0.000,0.000,0.000
MHL,Marshall Islands,2021,3.541,3.558,,0.000,0.000,0.000
MHL,Marshall Islands,2022,3.702,3.706,,0.000,0.000,1.272
MHL,Marshall Islands,2023,3.802,3.854,,0.000,0.000,-0.473
MHL,Marshall Islands,2024,4.112,4.008,,0.000,0.000,4.575
MRT,Mauritania,2000,0.426,31.597,2.533,0.000,0.016,1.672
MRT,Mauritania,2001,0.438,32.770,2.503,0.000,0.017,5.263
MRT,Mauritania,2002,0.456,34.019,2.492,0.000,0.017,6.562
MRT,Mauritania,2003,0.459,35.305,2.501,0.000,0.018,2.933
MRT,Mauritania,2004,0.483,36.690,2.438,0.000,0.018,7.692
MRT,Mauritania,2005,0.488,38.124,2.429,0.000,0.019,3.515
MRT,Mauritania,2006,0.514,39.674,2.437,0.000,0.019,8.119
MRT,Mauritania,2007,0.568,41.432,2.315,0.000,0.019,13.388
MRT,Mauritania,2008,0.575,43.262,2.098,0.000,0.020,4.163
MRT,Mauritania,2009,0.613,45.275,2.149,0.000,0.020,9.915
MRT,Mauritania,2010,0.617,47.368,2.171,0.000,0.021,4.036
MRT,Mauritania,2011,0.636,49.595,2.128,0.000,0.021,6.356
MRT,Mauritania,2012,0.676,52.042,2.119,0.000,0.021,9.925
MRT,Mauritania,2013,0.581,54.211,2.105,0.000,0.021,-11.387
MRT,Mauritania,2014,0.666,56.774,2.111,0.000,0.022,18.161
MRT,Mauritania,2015,0.757,59.776,2.079,0.000,0.022,17.159
MRT,Mauritania,2016,0.642,62.400,2.031,0.000,0.022,-12.610
MRT,Mauritania,2017,0.851,65.981,1.988,0.000,0.023,36.483
MRT,Mauritania,2018,1.025,70.426,1.939,0.000,0.023,24.107
MRT,Mauritania,2019,1.033,75.039,1.967,0.000,0.023,3.799
MRT,Mauritania,2020,1.039,79.821,1.920,0.000,0.024,3.647
MRT,Mauritania,2021,0.950,84.320,1.880,0.000,0.024,-5.894
MRT,Mauritania,2022,1.080,89.588,1.823,0.000,0.024,17.062
MRT,Mauritania,2023,1.003,94.625,1.808,0.000,0.024,-4.377
MRT,Mauritania,2024,1.013,99.863,1.759,0.000,0.024,4.006
MUS,Mauritius,2000,2.211,39.751,0.445,0.000,0.004,10.876
MUS,Mauritius,2001,2.334,42.612,0.438,0.000,0.004,6.403
MUS,Mauritius,2002,2.337,45.496,0.429,0.000,0.004,0.768
MUS,Mauritius,2003,2.463,48.555,0.431,0.000,0.004,6.099
MUS,Mauritius,2004,2.471,51.644,0.431,0.000,0.004,0.958
MUS,Mauritius,2005,2.620,54.938,0.426,0.000,0.004,6.643
MUS,Mauritius,2006,2.870,58.565,0.426,0.000,0.004,10.122
MUS,Mauritius,2007,2.903,62.251,0.425,0.000,0.004,1.616
MUS,Mauritius,2008,2.955,66.018,0.428,0.000,0.004,2.187
MUS,Mauritius,2009,2.899,69.726,0.429,0.000,0.004,-1.556
MUS,Mauritius,2010,3.051,73.639,0.432,0.000,0.005,5.534
MUS,Mauritius,2011,3.045,77.556,0.432,0.000,0.005,0.094
MUS,Mauritius,2012,3.075,81.520,0.433,0.000,0.005,1.216
MUS,Mauritius,2013,3.150,85.587,0.431,0.000,0.005,2.588
MUS,Mauritius,2014,3.256,89.794,0.435,0.000,0.005,3.423
MUS,Mauritius,2015,3.258,94.004,0.435,0.000,0.005,0.087
MUS,Mauritius,2016,3.361,98.345,0.438,0.000,0.005,3.133
MUS,Mauritius,2017,3.517,102.885,0.435,0.000,0.005,4.557
MUS,Mauritius,2018,3.457,107.341,0.438,0.000,0.005,-1.856
MUS,Mauritius,2019,3.518,111.866,0.441,0.000,0.005,1.562
MUS,Mauritius,2020,2.961,115.665,0.441,0.000,0.005,-16.032
MUS,Mauritius,2021,3.101,119.633,0.443,0.000,0.005,4.436
MUS,Mauritius,2022,3.383,123.950,0.445,0.000,0.005,8.786
MUS,Mauritius,2023,3.602,128.538,0.448,0.000,0.005,6.275
MUS,Mauritius,2024,3.677,133.211,0.449,0.000,0.006,1.875
MEX,Mexico,2000,3.969,10949.886,1.280,0.145,1.280,1.399
MEX,Mexico,2001,4.071,11357.370,1.248,0.138,1.288,4.100
MEX,Mexico,2002,4.040,11767.671,1.232,0.141,1.294,0.691
MEX,Mexico,2003,4.234,12203.640,1.245,0.140,1.299,6.256
MEX,Mexico,2004,4.201,12642.229,1.221,0.145,1.303,0.601
MEX,Mexico,2005,4.380,13105.664,1.221,0.156,1.308,5.665
MEX,Mexico,2006,4.424,13580.187,1.233,0.164,1.312,2.392
MEX,Mexico,2007,4.354,14053.781,1.237,0.173,1.317,-0.195
MEX,Mexico,2008,4.285,14526.763,1.251,0.168,1.321,-0.130
MEX,Mexico,2009,4.110,14987.053,1.220,0.158,1.323,-2.683
MEX,Mexico,2010,4.017,15443.462,1.203,0.148,1.325,-0.843
MEX,Mexico,2011,4.194,15926.764,1.213,0.153,1.326,5.892
MEX,Mexico,2012,4.293,16428.256,1.175,0.157,1.328,3.764
MEX,Mexico,2013,4.186,16923.668,1.173,0.147,1.329,-1.213
MEX,Mexico,2014,4.041,17407.711,1.162,0.152,1.329,-2.294
MEX,Mexico,2015,3.960,17887.146,1.159,0.158,1.329,-0.953
MEX,Mexico,2016,3.917,18365.975,1.160,0.161,1.329,-0.126
MEX,Mexico,2017,3.763,18830.381,1.156,0.159,1.327,-3.012
MEX,Mexico,2018,3.760,19298.801,1.151,0.156,1.324,0.864
MEX,Mexico,2019,3.723,19767.035,1.149,0.154,1.324,-0.039
MEX,Mexico,2020,3.383,20195.973,1.154,0.153,1.322,-8.393
MEX,Mexico,2021,3.501,20642.812,1.148,0.153,1.320,4.173
MEX,Mexico,2022,3.528,21096.609,1.155,0.146,1.318,1.558
MEX,Mexico,2023,3.532,21554.863,1.160,0.145,1.315,0.982
MEX,Mexico,2024,3.523,22015.852,1.160,0.146,1.312,0.597
FSM,Micronesia (country),2000,1.602,1.561,0.415,0.000,0.000,-5.769
FSM,Micronesia (country),2001,1.467,1.726,0.415,0.000,0.000,-8.163
FSM,Micronesia (country),2002,1.336,1.876,0.414,0.000,0.000,-8.889
FSM,Micronesia (country),2003,1.436,2.037,0.416,0.000,0.000,7.317
FSM,Micronesia (country),2004,1.277,2.180,0.416,0.000,0.000,-11.364
FSM,Micronesia (country),2005,1.019,2.294,0.419,0.000,0.000,-20.513
FSM,Micronesia (country),2006,1.026,2.407,0.421,0.000,0.000,0.000
FSM,Micronesia (country),2007,1.167,2.535,0.430,0.000,0.000,12.903
FSM,Micronesia (country),2008,1.043,2.649,0.434,0.000,0.000,-11.429
FSM,Micronesia (country),2009,1.357,2.796,0.456,0.000,0.000,29.032
FSM,Micronesia (country),2010,0.954,2.898,0.458,0.000,0.000,-30.000
FSM,Micronesia (country),2011,1.089,3.015,0.483,0.000,0.000,14.286
FSM,Micronesia (country),2012,1.188,3.144,0.483,0.000,0.000,9.375
FSM,Micronesia (country),2013,1.254,3.279,0.495,0.000,0.000,5.714
FSM,Micronesia (country),2014,1.284,3.419,0.504,0.000,0.000,2.703
FSM,Micronesia (country),2015,1.314,3.561,0.508,0.000,0.000,2.632
FSM,Micronesia (country),2016,1.310,3.704,0.516,0.000,0.000,0.000
FSM,Micronesia (country),2017,1.305,3.847,0.507,0.000,0.000,0.000
FSM,Micronesia (country),2018,1.300,3.990,0.508,0.000,0.000,0.000
FSM,Micronesia (country),2019,1.296,4.133,0.526,0.000,0.000,0.000
FSM,Micronesia (country),2020,1.288,4.276,0.512,0.000,0.000,0.000
FSM,Micronesia (country),2021,1.280,4.419,0.519,0.000,0.000,0.000
FSM,Micronesia (country),2022,1.291,4.564,0.523,0.000,0.000,1.277
FSM,Micronesia (country),2023,1.279,4.708,0.526,0.000,0.000,-0.473
FSM,Micronesia (country),2024,1.331,4.858,0.525,0.000,0.000,4.575
MDA,Moldova,2000,0.844,1240.421,0.566,0.041,0.072,-23.729
MDA,Moldova,2001,0.904,1244.207,0.542,0.042,0.071,5.979
MDA,Moldova,2002,0.978,1248.259,0.574,0.053,0.070,7.002
MDA,Moldova,2003,1.075,1252.663,0.595,0.060,0.068,8.701
MDA,Moldova,2004,1.140,1257.277,0.579,0.070,0.067,4.749
MDA,Moldova,2005,1.238,1262.214,0.561,0.092,0.066,7.026
MDA,Moldova,2006,1.283,1267.244,0.561,0.117,0.065,1.867
MDA,Moldova,2007,1.293,1272.223,0.562,0.182,0.064,-1.018
MDA,Moldova,2008,1.373,1277.413,0.515,0.209,0.062,4.255
MDA,Moldova,2009,1.225,1281.953,0.517,0.092,0.061,-12.540
MDA,Moldova,2010,1.330,1286.783,0.584,0.096,0.060,6.419
MDA,Moldova,2011,1.390,1291.728,0.603,0.120,0.059,2.361
MDA,Moldova,2012,1.368,1296.494,0.603,0.127,0.058,-3.626
MDA,Moldova,2013,1.437,1301.394,0.609,0.140,0.057,2.805
MDA,Moldova,2014,1.423,1306.149,0.627,0.139,0.056,-2.943
MDA,Moldova,2015,1.456,1310.934,0.630,0.135,0.055,0.629
MDA,Moldova,2016,1.516,1315.841,0.640,0.134,0.054,2.555
MDA,Moldova,2017,1.594,1320.931,0.666,0.128,0.054,3.731
MDA,Moldova,2018,1.697,1326.283,0.661,0.163,0.053,5.124
MDA,Moldova,2019,1.728,1331.661,0.638,0.170,0.052,0.507
MDA,Moldova,2020,1.666,1336.774,0.646,0.153,0.051,-4.931
MDA,Moldova,2021,1.905,1342.534,0.661,0.170,0.051,12.652
MDA,Moldova,2022,1.702,1347.708,0.664,0.135,0.050,-10.183
MDA,Moldova,2023,1.738,1353.037,0.674,0.189,0.049,3.012
MDA,Moldova,2024,1.755,1358.364,0.683,0.191,0.049,-0.046
MCO,Monaco,2000,,,,,,
MCO,Monaco,2001,,,,,,
MCO,Monaco,2002,,,,,,
MCO,Monaco,2003,,,,,,
MCO,Monaco,2004,,,,,,
MCO,Monaco,2005,,,,,,
MCO,Monaco,2006,,,,,,
MCO,Monaco,2007,,,,,,
MCO,Monaco,2008,,,,,,
MCO,Monaco,2009,,,,,,
MCO,Monaco,2010,,,,,,
MCO,Monaco,2011,,,,,,
MCO,Monaco,2012,,,,,,
MCO,Monaco,2013,,,,,,
MCO,Monaco,2014,,,,,,
MCO,Monaco,2015,,,,,,
MCO,Monaco,2016,,,,,,
MCO,Monaco,2017,,,,,,
MCO,Monaco,2018,,,,,,
MCO,Monaco,2019,,,,,,
MCO,Monaco,2020,,,,,,
MCO,Monaco,2021,,,,,,
MCO,Monaco,2022,,,,,,
MCO,Monaco,2023,,,,,,
MCO,Monaco,2024,,,,,,
MNG,Mongolia,2000,3.027,247.814,5.052,0.014,0.209,-0.744
MNG,Mongolia,2001,3.150,255.618,4.303,0.010,0.208,5.007
MNG,Mongolia,2002,3.279,263.815,3.485,0.022,0.206,5.031
MNG,Mongolia,2003,3.146,271.749,3.472,0.024,0.203,-3.196
MNG,Mongolia,2004,3.343,280.251,3.298,0.022,0.200,7.140
MNG,Mongolia,2005,3.322,288.766,4.249,0.029,0.198,0.165
MNG,Mongolia,2006,3.591,298.047,4.752,0.034,0.196,8.997
MNG,Mongolia,2007,4.585,310.005,5.420,0.043,0.195,28.840
MNG,Mongolia,2008,4.524,321.922,5.525,0.047,0.193,-0.335
MNG,Mongolia,2009,4.889,334.952,6.394,0.037,0.192,9.333
MNG,Mongolia,2010,5.098,348.725,7.399,0.063,0.192,5.697
MNG,Mongolia,2011,7.784,370.093,8.725,0.057,0.192,55.150
MNG,Mongolia,2012,12.519,405.089,8.367,0.056,0.192,63.780
MNG,Mongolia,2013,15.245,448.567,8.261,0.034,0.192,24.236
MNG,Mongolia,2014,10.171,478.197,8.854,0.063,0.193,-31.851
MNG,Mongolia,2015,7.821,501.475,8.414,0.061,0.193,-21.435
MNG,Mongolia,2016,8.428,527.104,10.219,0.063,0.194,10.097
MNG,Mongolia,2017,10.997,561.243,11.423,0.096,0.196,33.204
MNG,Mongolia,2018,14.307,606.563,11.553,0.131,0.198,32.749
MNG,Mongolia,2019,14.578,653.682,12.023,0.151,0.200,3.971
MNG,Mongolia,2020,12.908,696.159,10.850,0.159,0.202,-9.851
MNG,Mongolia,2021,10.771,732.131,10.450,0.172,0.203,-15.316
MNG,Mongolia,2022,11.944,772.574,9.801,0.178,0.205,12.431
MNG,Mongolia,2023,12.874,816.758,13.827,0.176,0.208,9.249
MNG,Mongolia,2024,12.860,861.452,12.206,0.173,0.211,1.155
MNE,Montenegro,2000,2.390,69.906,1.315,,0.015,10.990
MNE,Montenegro,2001,2.566,71.533,1.336,,0.015,7.359
MNE,Montenegro,2002,2.746,73.273,1.266,,0.015,6.971
MNE,Montenegro,2003,2.941,75.136,1.216,,0.014,7.055
MNE,Montenegro,2004,3.210,77.170,1.186,,0.014,9.168
MNE,Montenegro,2005,3.050,79.105,1.082,,0.014,-4.911
MNE,Montenegro,2006,3.254,81.167,1.117,,0.013,6.652
MNE,Montenegro,2007,3.245,83.223,1.163,,0.013,-0.355
MNE,Montenegro,2008,4.116,85.828,1.131,,0.013,26.738
MNE,Montenegro,2009,2.659,87.510,1.089,,0.013,-35.443
MNE,Montenegro,2010,3.832,89.932,1.100,,0.013,44.009
MNE,Montenegro,2011,3.805,92.339,1.050,,0.012,-0.605
MNE,Montenegro,2012,3.493,94.552,1.043,,0.012,-8.067
MNE,Montenegro,2013,3.397,96.703,1.039,,0.012,-2.815
MNE,Montenegro,2014,3.337,98.809,1.039,,0.012,-2.044
MNE,Montenegro,2015,3.564,101.048,1.106,,0.011,6.261
MNE,Montenegro,2016,3.228,103.063,1.122,,0.011,-9.984
MNE,Montenegro,2017,3.392,105.167,1.146,,0.011,4.364
MNE,Montenegro,2018,3.903,107.570,1.129,,0.011,14.286
MNE,Montenegro,2019,4.049,110.047,1.139,,0.011,3.049
MNE,Montenegro,2020,3.954,112.451,1.098,,0.011,-2.959
MNE,Montenegro,2021,3.993,114.861,1.051,,0.010,0.305
MNE,Montenegro,2022,4.060,117.357,1.026,,0.010,3.495
MNE,Montenegro,2023,3.799,119.764,0.972,,0.010,-3.540
MNE,Montenegro,2024,3.722,122.140,0.923,,0.010,-1.271
MSR,Montserrat,2000,5.076,0.802,,0.000,0.000,-30.000
MSR,Montserrat,2001,5.556,0.828,,0.000,0.000,0.000
MSR,Montserrat,2002,9.771,0.872,,0.000,0.000,71.429
MSR,Montserrat,2003,8.115,0.909,,0.000,0.000,-16.667
MSR,Montserrat,2004,10.489,0.956,,0.000,0.000,30.000
MSR,Montserrat,2005,8.812,0.997,,0.000,0.000,-15.385
MSR,Montserrat,2006,8.750,1.037,,0.000,0.000,0.000
MSR,Montserrat,2007,8.669,1.077,,0.000,0.000,0.000
MSR,Montserrat,2008,9.355,1.121,,0.000,0.000,9.091
MSR,Montserrat,2009,9.239,1.165,,0.000,0.000,0.000
MSR,Montserrat,2010,12.165,1.224,,0.000,0.000,33.333
MSR,Montserrat,2011,7.561,1.260,,0.000,0.000,-37.500
MSR,Montserrat,2012,8.358,1.301,,0.000,0.000,10.000
MSR,Montserrat,2013,10.745,1.352,,0.000,0.000,27.273
MSR,Montserrat,2014,9.280,1.396,,0.000,0.000,-14.286
MSR,Montserrat,2015,10.930,1.447,,0.000,0.000,16.667
MSR,Montserrat,2016,6.283,1.477,,0.000,0.000,-42.857
MSR,Montserrat,2017,5.547,1.502,,0.000,0.000,-12.500
MSR,Montserrat,2018,6.379,1.532,,0.000,0.000,14.286
MSR,Montserrat,2019,5.620,1.557,,0.000,0.000,-12.500
MSR,Montserrat,2020,4.851,1.579,,0.000,0.000,-14.286
MSR,Montserrat,2021,4.880,1.601,,0.000,0.000,0.000
MSR,Montserrat,2022,5.730,1.627,,0.000,0.000,16.667
MSR,Montserrat,2023,5.765,1.652,,0.000,0.000,-0.203
MSR,Montserrat,2024,6.022,1.679,,0.000,0.000,3.840
MAR,Morocco,2000,1.168,688.994,0.657,0.117,0.128,3.782
MAR,Morocco,2001,1.277,725.803,0.662,0.142,0.129,10.873
MAR,Morocco,2002,1.278,763.112,0.657,0.142,0.130,1.360
MAR,Morocco,2003,1.237,799.682,0.665,0.141,0.131,-1.982
MAR,Morocco,2004,1.410,841.908,0.687,0.147,0.132,15.465
MAR,Morocco,2005,1.471,886.568,0.688,0.144,0.133,5.767
MAR,Morocco,2006,1.503,932.818,0.697,0.145,0.134,3.557
MAR,Morocco,2007,1.568,981.731,0.699,0.160,0.135,5.759
MAR,Morocco,2008,1.625,1033.103,0.699,0.173,0.136,5.029
MAR,Morocco,2009,1.588,1083.963,0.701,0.175,0.137,-0.998
MAR,Morocco,2010,1.674,1138.328,0.713,0.165,0.138,6.892
MAR,Morocco,2011,1.667,1193.196,0.730,0.158,0.140,0.924
MAR,Morocco,2012,1.707,1250.149,0.734,0.175,0.141,3.802
MAR,Morocco,2013,1.675,1306.755,0.745,0.180,0.142,-0.609
MAR,Morocco,2014,1.672,1363.930,0.748,0.151,0.143,1.004
MAR,Morocco,2015,1.690,1422.429,0.755,0.152,0.145,2.316
MAR,Morocco,2016,1.669,1480.887,0.759,0.149,0.147,-0.071
MAR,Morocco,2017,1.724,1541.990,0.765,0.143,0.148,4.527
MAR,Morocco,2018,1.739,1604.305,0.774,0.136,0.149,1.982
MAR,Morocco,2019,1.898,1673.049,0.782,0.138,0.151,10.316
MAR,Morocco,2020,1.764,1737.591,0.784,0.122,0.152,-6.112
MAR,Morocco,2021,1.902,1807.866,0.792,0.139,0.153,8.883
MAR,Morocco,2022,1.869,1877.645,0.789,0.123,0.155,-0.706
MAR,Morocco,2023,1.829,1946.607,0.794,0.116,0.156,-1.173
MAR,Morocco,2024,1.814,2015.669,0.797,0.115,0.157,0.147
MOZ,Mozambique,2000,0.073,96.068,0.617,0.006,0.137,13.147
MOZ,Mozambique,2001,0.084,97.621,0.638,0.006,0.138,17.554
MOZ,Mozambique,2002,0.081,99.159,0.700,0.010,0.139,-1.090
MOZ,Mozambique,2003,0.096,101.014,0.693,0.012,0.140,20.719
MOZ,Mozambique,2004,0.094,102.878,0.662,0.011,0.142,0.456
MOZ,Mozambique,2005,0.087,104.648,0.710,0.010,0.143,-5.058
MOZ,Mozambique,2006,0.092,106.563,0.658,0.011,0.144,8.246
MOZ,Mozambique,2007,0.103,108.752,0.658,0.012,0.145,14.268
MOZ,Mozambique,2008,0.100,110.932,0.648,0.013,0.147,-0.415
MOZ,Mozambique,2009,0.109,113.371,0.570,0.013,0.148,11.889
MOZ,Mozambique,2010,0.115,116.009,0.593,0.015,0.148,8.144
MOZ,Mozambique,2011,0.131,119.115,0.721,0.016,0.148,17.781
MOZ,Mozambique,2012,0.125,122.167,0.792,0.019,0.149,-1.767
MOZ,Mozambique,2013,0.143,125.746,0.819,0.020,0.150,17.266
MOZ,Mozambique,2014,0.315,133.864,0.815,0.023,0.151,126.856
MOZ,Mozambique,2015,0.254,140.595,0.771,0.023,0.151,-17.095
MOZ,Mozambique,2016,0.313,149.143,0.723,0.035,0.152,26.999
MOZ,Mozambique,2017,0.245,156.048,0.793,0.032,0.152,-19.214
MOZ,Mozambique,2018,0.242,163.058,0.892,0.032,0.153,1.517
MOZ,Mozambique,2019,0.237,170.155,0.765,0.035,0.153,1.246
MOZ,Mozambique,2020,0.206,176.496,0.689,0.034,0.153,-10.667
MOZ,Mozambique,2021,0.244,184.218,0.733,0.033,0.153,21.792
MOZ,Mozambique,2022,0.285,193.514,0.788,0.033,0.153,20.379
MOZ,Mozambique,2023,0.270,202.607,0.775,0.032,0.154,-2.176
MOZ,Mozambique,2024,0.249,211.220,0.782,0.031,0.154,-5.288
MMR,Myanmar,2000,0.226,268.121,1.201,0.003,0.725,14.392
MMR,Myanmar,2001,0.193,276.977,1.215,0.003,0.722,-13.344
MMR,Myanmar,2002,0.202,286.305,1.216,0.004,0.719,5.334
MMR,Myanmar,2003,0.214,296.302,1.243,0.005,0.716,7.172
MMR,Myanmar,2004,0.267,308.867,1.269,0.004,0.713,25.691
MMR,Myanmar,2005,0.243,320.415,1.317,0.005,0.711,-8.099
MMR,Myanmar,2006,0.268,333.232,1.383,0.005,0.711,10.992
MMR,Myanmar,2007,0.267,346.077,1.406,0.005,0.711,0.215
MMR,Myanmar,2008,0.202,355.849,1.418,0.005,0.711,-23.922
MMR,Myanmar,2009,0.210,366.060,1.429,0.005,0.711,4.490
MMR,Myanmar,2010,0.268,379.185,1.439,0.004,0.709,28.541
MMR,Myanmar,2011,0.306,394.307,1.395,0.004,0.707,15.214
MMR,Myanmar,2012,0.237,406.133,1.378,0.007,0.704,-21.798
MMR,Myanmar,2013,0.253,418.847,1.382,0.009,0.701,7.519
MMR,Myanmar,2014,0.313,434.697,1.394,0.010,0.699,24.653
MMR,Myanmar,2015,0.428,456.577,1.415,0.007,0.696,38.049
MMR,Myanmar,2016,0.411,477.721,1.427,0.019,0.694,-3.363
MMR,Myanmar,2017,0.455,501.354,1.467,0.040,0.692,11.773
MMR,Myanmar,2018,0.651,535.371,1.117,0.033,0.688,43.935
MMR,Myanmar,2019,0.639,568.988,1.103,0.037,0.682,-1.176
MMR,Myanmar,2020,0.652,603.576,1.099,0.043,0.678,2.888
MMR,Myanmar,2021,0.549,632.861,1.115,0.048,0.672,-15.332
MMR,Myanmar,2022,0.589,664.499,1.092,0.058,0.666,8.038
MMR,Myanmar,2023,0.587,696.292,1.023,0.057,0.660,0.488
MMR,Myanmar,2024,0.580,727.896,1.037,0.057,0.654,-0.596
NAM,Namibia,2000,0.945,15.590,2.989,0.000,0.026,-1.263
NAM,Namibia,2001,1.202,17.822,2.738,0.000,0.026,29.851
NAM,Namibia,2002,1.043,19.793,2.439,0.000,0.026,-11.658
NAM,Namibia,2003,1.091,21.885,2.542,0.000,0.027,6.134
NAM,Namibia,2004,1.153,24.124,2.651,0.000,0.027,7.005
NAM,Namibia,2005,1.287,26.656,2.884,0.000,0.027,13.093
NAM,Namibia,2006,1.267,29.180,3.123,0.000,0.027,-0.289
NAM,Namibia,2007,1.153,31.507,2.885,0.000,0.028,-7.837
NAM,Namibia,2008,1.396,34.365,2.427,0.000,0.028,22.835
NAM,Namibia,2009,1.280,37.025,3.132,0.000,0.028,-6.923
NAM,Namibia,2010,1.322,39.813,2.880,0.000,0.028,4.821
NAM,Namibia,2011,1.298,42.599,4.040,0.069,0.029,-0.099
NAM,Namibia,2012,1.455,45.793,4.329,0.101,0.029,14.666
NAM,Namibia,2013,1.334,48.796,2.435,0.120,0.029,-5.959
NAM,Namibia,2014,1.340,51.896,2.199,0.131,0.029,3.176
NAM,Namibia,2015,1.429,55.289,2.117,0.139,0.029,9.503
NAM,Namibia,2016,1.469,58.871,2.204,0.108,0.029,5.556
NAM,Namibia,2017,1.432,62.461,2.144,0.162,0.029,0.207
NAM,Namibia,2018,1.410,66.096,1.890,0.188,0.029,1.266
NAM,Namibia,2019,1.407,69.826,1.679,0.196,0.029,2.615
NAM,Namibia,2020,1.261,73.267,2.208,0.172,0.029,-7.765
NAM,Namibia,2021,1.284,76.874,2.349,0.179,0.029,4.865
NAM,Namibia,2022,1.181,80.288,1.940,0.162,0.029,-5.376
NAM,Namibia,2023,1.162,83.731,1.867,0.158,0.029,0.844
NAM,Namibia,2024,1.145,87.200,2.035,0.154,0.029,0.768
NRU,Nauru,2000,8.632,3.781,0.166,0.000,0.000,-4.000
NRU,Nauru,2001,7.944,3.862,0.174,0.000,0.000,-8.333
NRU,Nauru,2002,7.614,3.939,0.179,0.000,0.000,-4.545
NRU,Nauru,2003,6.539,4.005,0.181,0.000,0.000,-14.286
NRU,Nauru,2004,6.177,4.067,0.180,0.000,0.000,-5.556
NRU,Nauru,2005,6.185,4.129,0.176,0.000,0.000,0.000
NRU,Nauru,2006,4.370,4.173,0.172,0.000,0.000,-29.412
NRU,Nauru,2007,4.014,4.214,0.174,0.000,0.000,-8.333
NRU,Nauru,2008,4.018,4.254,0.178,0.000,0.000,0.000
NRU,Nauru,2009,4.014,4.294,0.179,0.000,0.000,0.000
NRU,Nauru,2010,4.368,4.338,0.181,0.000,0.000,9.091
NRU,Nauru,2011,3.984,4.378,0.180,0.000,0.000,-8.333
NRU,Nauru,2012,3.917,4.419,0.179,0.000,0.000,0.000
NRU,Nauru,2013,4.520,4.466,0.177,0.000,0.000,18.182
NRU,Nauru,2014,4.765,4.518,0.175,0.000,0.000,7.692
NRU,Nauru,2015,5.008,4.573,0.173,0.000,0.000,7.143
NRU,Nauru,2016,4.591,4.624,0.170,0.000,0.000,-6.667
NRU,Nauru,2017,4.842,4.679,0.168,0.000,0.000,7.143
NRU,Nauru,2018,4.780,4.734,0.166,0.000,0.000,0.000
NRU,Nauru,2019,4.419,4.785,0.166,0.000,0.000,-6.667
NRU,Nauru,2020,4.712,4.840,0.165,0.000,0.000,7.143
NRU,Nauru,2021,4.687,4.895,0.164,0.000,0.000,0.000
NRU,Nauru,2022,4.989,4.954,0.163,0.000,0.000,7.322
NRU,Nauru,2023,4.933,5.013,0.162,0.000,0.000,-0.473
NRU,Nauru,2024,5.130,5.074,0.161,0.000,0.000,4.574
NPL,Nepal,2000,0.124,34.001,0.896,0.005,0.144,-4.815
NPL,Nepal,2001,0.130,37.238,0.896,0.005,0.144,6.540
NPL,Nepal,2002,0.103,39.834,0.893,0.005,0.144,-19.768
NPL,Nepal,2003,0.109,42.644,0.898,0.005,0.144,8.242
NPL,Nepal,2004,0.099,45.227,0.894,0.004,0.143,-8.112
NPL,Nepal,2005,0.114,48.213,0.899,0.004,0.143,15.658
NPL,Nepal,2006,0.092,50.670,0.890,0.004,0.143,-17.755
NPL,Nepal,2007,0.096,53.240,0.911,0.004,0.142,4.636
NPL,Nepal,2008,0.124,56.596,0.919,0.004,0.142,30.540
NPL,Nepal,2009,0.152,60.722,0.923,0.017,0.142,22.973
NPL,Nepal,2010,0.177,65.550,0.934,0.019,0.141,17.010
NPL,Nepal,2011,0.190,70.766,0.949,0.029,0.141,8.053
NPL,Nepal,2012,0.199,76.237,0.930,0.037,0.140,4.859
NPL,Nepal,2013,0.225,82.455,0.958,0.041,0.140,13.666
NPL,Nepal,2014,0.274,90.042,0.948,0.043,0.140,22.031
NPL,Nepal,2015,0.248,96.947,0.938,0.054,0.139,-9.002
NPL,Nepal,2016,0.361,107.035,0.963,0.080,0.139,46.105
NPL,Nepal,2017,0.443,119.457,0.957,0.110,0.138,23.132
NPL,Nepal,2018,0.500,133.496,0.969,0.122,0.138,13.021
NPL,Nepal,2019,0.449,146.246,0.963,0.132,0.138,-9.178
NPL,Nepal,2020,0.540,161.877,0.955,0.109,0.137,22.590
NPL,Nepal,2021,0.525,177.363,0.943,0.117,0.137,-0.925
NPL,Nepal,2022,0.593,194.972,0.931,0.077,0.137,13.707
NPL,Nepal,2023,0.618,213.320,0.936,0.077,0.136,4.196
NPL,Nepal,2024,0.633,232.096,0.941,0.077,0.136,2.334
NLD,Netherlands,2000,10.720,8396.241,1.838,0.029,0.525,0.644
NLD,Netherlands,2001,10.966,8573.706,1.779,0.030,0.523,3.085
NLD,Netherlands,2002,10.851,8750.443,1.684,0.030,0.521,-0.409
NLD,Netherlands,2003,11.008,8930.612,1.613,0.027,0.519,1.941
NLD,Netherlands,2004,11.086,9112.703,1.590,0.027,0.516,1.067
NLD,Netherlands,2005,10.818,9290.833,1.475,0.026,0.514,-2.175
NLD,Netherlands,2006,10.506,9464.112,1.442,0.024,0.510,-2.723
NLD,Netherlands,2007,10.467,9637.141,1.423,0.024,0.507,-0.145
NLD,Netherlands,2008,10.598,9813.044,1.430,0.024,0.504,1.662
NLD,Netherlands,2009,10.215,9983.477,1.394,0.025,0.500,-3.110
NLD,Netherlands,2010,10.880,10165.955,1.387,0.021,0.497,7.067
NLD,Netherlands,2011,10.050,10335.302,1.341,0.021,0.493,-7.197
NLD,Netherlands,2012,9.799,10501.054,1.319,0.018,0.489,-2.122
NLD,Netherlands,2013,9.720,10665.979,1.318,0.016,0.485,-0.499
NLD,Netherlands,2014,9.249,10823.482,1.305,0.017,0.481,-4.501
NLD,Netherlands,2015,9.584,10987.440,1.291,0.015,0.477,4.099
NLD,Netherlands,2016,9.579,11152.252,1.331,0.014,0.474,0.521
NLD,Netherlands,2017,9.373,11314.548,1.280,0.017,0.471,-1.527
NLD,Netherlands,2018,9.085,11472.812,1.235,0.013,0.468,-2.484
NLD,Netherlands,2019,8.709,11625.540,1.193,0.000,0.464,-3.499
NLD,Netherlands,2020,7.766,11762.513,1.134,0.000,0.461,-10.314
NLD,Netherlands,2021,7.890,11902.398,1.119,0.000,0.458,2.126
NLD,Netherlands,2022,7.121,12029.901,1.103,0.000,0.454,-8.852
NLD,Netherlands,2023,6.468,12146.918,1.076,0.000,0.450,-8.225
NLD,Netherlands,2024,6.297,12261.704,1.045,0.000,0.446,-1.907
NCL,New Caledonia,2000,9.968,75.251,,0.181,0.003,8.199
NCL,New Caledonia,2001,8.241,77.128,,0.164,0.003,-15.620
NCL,New Caledonia,2002,10.301,79.520,,0.172,0.003,27.474
NCL,New Caledonia,2003,11.516,82.246,,0.168,0.003,13.933
NCL,New Caledonia,2004,10.441,84.761,,0.189,0.003,-7.728
NCL,New Caledonia,2005,11.482,87.567,,0.192,0.003,11.578
NCL,New Caledonia,2006,10.948,90.277,,0.188,0.003,-3.414
NCL,New Caledonia,2007,11.673,93.204,,0.187,0.003,7.987
NCL,New Caledonia,2008,11.220,96.052,,0.206,0.003,-2.693
NCL,New Caledonia,2009,11.800,99.087,,0.205,0.003,6.596
NCL,New Caledonia,2010,13.983,102.745,,0.233,0.003,20.483
NCL,New Caledonia,2011,13.860,106.440,,0.207,0.003,1.006
NCL,New Caledonia,2012,13.641,110.145,,0.174,0.004,0.301
NCL,New Caledonia,2013,14.341,114.115,,0.164,0.004,7.140
NCL,New Caledonia,2014,17.811,119.124,,0.144,0.004,26.169
NCL,New Caledonia,2015,17.222,124.001,,0.151,0.004,-2.638
NCL,New Caledonia,2016,19.341,129.483,,0.151,0.004,12.402
NCL,New Caledonia,2017,19.692,135.067,,0.140,0.004,1.861
NCL,New Caledonia,2018,20.853,140.980,,0.116,0.004,5.896
NCL,New Caledonia,2019,20.002,146.653,,0.104,0.004,-4.061
NCL,New Caledonia,2020,17.978,151.762,,0.098,0.004,-9.937
NCL,New Caledonia,2021,15.906,156.299,,0.091,0.004,-11.203
NCL,New Caledonia,2022,17.816,161.414,,0.092,0.004,12.758
NCL,New Caledonia,2023,17.483,166.482,,0.091,0.005,-0.930
NCL,New Caledonia,2024,18.064,171.769,,0.090,0.005,4.314
NZL,New Zealand,2000,8.353,1170.004,9.380,0.138,0.364,2.476
NZL,New Zealand,2001,8.828,1204.360,9.402,0.137,0.362,6.627
NZL,New Zealand,2002,8.737,1238.879,9.473,0.139,0.360,0.474
NZL,New Zealand,2003,9.004,1275.099,9.333,0.133,0.357,4.926
NZL,New Zealand,2004,8.768,1310.905,9.224,0.119,0.354,-1.142
NZL,New Zealand,2005,9.045,1348.306,9.133,0.139,0.350,4.456
NZL,New Zealand,2006,8.920,1385.610,9.154,0.130,0.347,-0.259
NZL,New Zealand,2007,8.615,1421.993,8.991,0.163,0.344,-2.471
NZL,New Zealand,2008,8.796,1459.478,8.662,0.150,0.341,3.031
NZL,New Zealand,2009,8.037,1494.073,8.687,0.136,0.338,-7.713
NZL,New Zealand,2010,8.001,1528.859,8.646,0.128,0.335,0.557
NZL,New Zealand,2011,7.813,1563.101,8.600,0.121,0.332,-1.569
NZL,New Zealand,2012,8.142,1599.019,8.595,0.129,0.329,4.898
NZL,New Zealand,2013,7.908,1634.238,8.381,0.132,0.326,-1.946
NZL,New Zealand,2014,7.827,1669.637,8.355,0.137,0.323,0.511
NZL,New Zealand,2015,7.760,1705.443,7.977,0.135,0.319,1.146
NZL,New Zealand,2016,7.240,1739.578,7.853,0.103,0.316,-4.665
NZL,New Zealand,2017,7.410,1775.239,7.660,0.092,0.313,4.471
NZL,New Zealand,2018,7.282,1810.926,7.527,0.085,0.311,0.072
NZL,New Zealand,2019,7.358,1847.636,7.281,0.082,0.308,2.869
NZL,New Zealand,2020,6.728,1881.745,7.047,0.075,0.305,-7.087
NZL,New Zealand,2021,6.773,1916.342,6.990,0.072,0.302,1.429
NZL,New Zealand,2022,6.229,1948.308,6.874,0.080,0.299,-7.604
NZL,New Zealand,2023,6.101,1979.867,6.747,0.073,0.296,-1.270
NZL,New Zealand,2024,6.229,2012.347,6.635,0.073,0.293,2.914
NIC,Nicaragua,2000,0.739,83.450,1.408,0.043,0.180,3.333
NIC,Nicaragua,2001,0.768,87.360,1.398,0.040,0.180,5.384
NIC,Nicaragua,2002,0.772,91.335,1.402,0.042,0.181,1.691
NIC,Nicaragua,2003,0.827,95.646,1.444,0.066,0.181,8.422
NIC,Nicaragua,2004,0.827,100.008,1.387,0.038,0.181,1.202
NIC,Nicaragua,2005,0.796,104.261,1.430,0.038,0.181,-2.500
NIC,Nicaragua,2006,0.813,108.668,1.432,0.038,0.180,3.607
NIC,Nicaragua,2007,0.826,113.208,1.416,0.037,0.179,3.023
NIC,Nicaragua,2008,0.781,117.561,1.408,0.036,0.178,-4.109
NIC,Nicaragua,2009,0.784,121.993,1.400,0.035,0.177,1.812
NIC,Nicaragua,2010,0.776,126.446,1.411,0.039,0.176,0.472
NIC,Nicaragua,2011,0.823,131.235,1.507,0.044,0.175,7.534
NIC,Nicaragua,2012,0.768,135.768,1.539,0.038,0.173,-5.319
NIC,Nicaragua,2013,0.766,140.354,1.591,0.039,0.172,1.144
NIC,Nicaragua,2014,0.778,145.074,1.638,0.041,0.170,2.924
NIC,Nicaragua,2015,0.879,150.482,1.673,0.043,0.169,14.586
NIC,Nicaragua,2016,0.863,155.861,1.659,0.045,0.168,-0.549
NIC,Nicaragua,2017,0.861,161.302,1.621,0.044,0.167,1.158
NIC,Nicaragua,2018,0.809,166.480,1.637,0.038,0.166,-4.831
NIC,Nicaragua,2019,0.803,171.688,1.649,0.032,0.165,0.582
NIC,Nicaragua,2020,0.707,176.329,1.679,0.028,0.164,-10.889
NIC,Nicaragua,2021,0.772,181.461,1.677,0.027,0.163,10.592
NIC,Nicaragua,2022,0.762,186.592,1.678,0.028,0.161,-0.026
NIC,Nicaragua,2023,0.796,192.021,1.658,0.028,0.160,5.789
NIC,Nicaragua,2024,0.814,197.651,1.669,0.027,0.159,3.722
NER,Niger,2000,0.059,20.133,0.987,0.001,0.097,0.273
NER,Niger,2001,0.054,20.780,0.994,0.001,0.097,-5.462
NER,Niger,2002,0.055,21.464,0.995,0.001,0.097,5.957
NER,Niger,2003,0.058,22.208,1.001,0.001,0.096,8.624
NER,Niger,2004,0.060,23.003,1.007,0.000,0.096,6.948
NER,Niger,2005,0.050,23.695,1.008,0.000,0.096,-13.083
NER,Niger,2006,0.047,24.366,1.007,0.001,0.097,-2.944
NER,Niger,2007,0.048,25.071,1.015,0.001,0.097,5.204
NER,Niger,2008,0.052,25.863,1.020,0.001,0.097,12.207
NER,Niger,2009,0.060,26.816,1.027,0.000,0.097,20.218
NER,Niger,2010,0.070,27.976,0.969,0.000,0.098,21.823
NER,Niger,2011,0.076,29.289,0.968,0.001,0.099,13.194
NER,Niger,2012,0.104,31.140,0.983,0.001,0.100,41.034
NER,Niger,2013,0.112,33.219,1.007,0.001,0.101,12.234
NER,Niger,2014,0.117,35.475,1.015,0.001,0.102,8.560
NER,Niger,2015,0.110,37.674,1.016,0.001,0.103,-2.548
NER,Niger,2016,0.104,39.815,1.028,0.001,0.104,-2.604
NER,Niger,2017,0.105,42.058,1.038,0.001,0.105,4.716
NER,Niger,2018,0.081,43.861,1.050,0.001,0.106,-19.581
NER,Niger,2019,0.110,46.375,1.062,0.001,0.107,39.367
NER,Niger,2020,0.128,49.415,1.079,0.001,0.108,20.955
NER,Niger,2021,0.106,52.003,1.094,0.001,0.109,-14.863
NER,Niger,2022,0.126,55.204,1.104,0.001,0.110,23.666
NER,Niger,2023,0.120,58.337,1.109,0.001,0.111,-2.104
NER,Niger,2024,0.117,61.507,1.119,0.001,0.112,1.167
NGA,Nigeria,2000,0.766,2055.175,2.265,0.007,1.216,14.137
NGA,Nigeria,2001,0.772,2155.393,2.195,0.007,1.233,3.498
NGA,Nigeria,2002,0.674,2245.300,1.817,0.006,1.242,-10.289
NGA,Nigeria,2003,0.729,2345.329,1.950,0.006,1.254,11.260
NGA,Nigeria,2004,0.673,2440.291,1.857,0.006,1.263,-5.066
NGA,Nigeria,2005,0.701,2541.957,1.760,0.008,1.268,7.060
NGA,Nigeria,2006,0.604,2632.054,1.597,0.008,1.270,-11.379
NGA,Nigeria,2007,0.536,2714.224,1.462,0.012,1.269,-8.798
NGA,Nigeria,2008,0.549,2800.713,1.390,0.016,1.268,5.256
NGA,Nigeria,2009,0.475,2877.745,1.314,0.019,1.259,-10.935
NGA,Nigeria,2010,0.672,2989.794,1.333,0.024,1.251,45.460
NGA,Nigeria,2011,0.736,3115.910,1.361,0.027,1.242,12.553
NGA,Nigeria,2012,0.625,3226.034,1.353,0.036,1.231,-12.680
NGA,Nigeria,2013,0.648,3343.435,1.261,0.043,1.219,6.607
NGA,Nigeria,2014,0.667,3467.406,1.246,0.042,1.204,5.597
NGA,Nigeria,2015,0.580,3577.931,1.208,0.044,1.186,-10.847
NGA,Nigeria,2016,0.596,3694.327,1.133,0.035,1.162,5.312
NGA,Nigeria,2017,0.562,3806.867,1.128,0.031,1.142,-3.313
NGA,Nigeria,2018,0.521,3913.653,1.119,0.042,1.126,-5.113
NGA,Nigeria,2019,0.610,4041.512,1.132,0.042,1.112,19.734
NGA,Nigeria,2020,0.584,4166.412,1.011,0.048,1.095,-2.315
NGA,Nigeria,2021,0.676,4314.188,0.963,0.052,1.077,18.317
NGA,Nigeria,2022,0.589,4445.629,0.909,0.049,1.063,-11.054
NGA,Nigeria,2023,0.568,4575.005,0.914,0.048,1.047,-1.571
NGA,Nigeria,2024,0.584,4710.830,0.832,0.047,1.030,4.984
NIU,Niue,2000,3.544,0.143,0.555,0.000,0.000,0.000
NIU,Niue,2001,3.651,0.150,0.592,0.000,0.000,0.000
NIU,Niue,2002,3.729,0.158,0.604,0.000,0.000,0.000
NIU,Niue,2003,1.900,0.161,0.614,0.000,0.000,-50.000
NIU,Niue,2004,1.938,0.165,0.626,0.000,0.000,0.000
NIU,Niue,2005,1.982,0.169,0.661,0.000,0.000,0.000
NIU,Niue,2006,2.015,0.172,0.670,0.000,0.000,0.000
NIU,Niue,2007,2.024,0.176,0.700,0.000,0.000,0.000
NIU,Niue,2008,4.060,0.183,0.697,0.000,0.000,100.000
NIU,Niue,2009,2.034,0.187,0.694,0.000,0.000,-50.000
NIU,Niue,2010,2.052,0.191,0.705,0.000,0.000,0.000
NIU,Niue,2011,2.063,0.194,0.713,0.000,0.000,0.000
NIU,Niue,2012,2.054,0.198,0.715,0.000,0.000,0.000
NIU,Niue,2013,4.103,0.205,0.720,0.000,0.000,100.000
NIU,Niue,2014,4.089,0.213,0.722,0.000,0.000,0.000
NIU,Niue,2015,4.064,0.220,0.724,0.000,0.000,0.000
NIU,Niue,2016,4.058,0.227,0.726,0.000,0.000,0.000
NIU,Niue,2017,4.064,0.234,0.735,0.000,0.000,0.000
NIU,Niue,2018,4.060,0.242,0.737,0.000,0.000,0.000
NIU,Niue,2019,4.040,0.249,0.738,0.000,0.000,0.000
NIU,Niue,2020,4.022,0.256,0.737,0.000,0.000,0.000
NIU,Niue,2021,3.991,0.264,0.735,0.000,0.000,0.000
NIU,Niue,2022,3.974,0.271,0.737,0.000,0.000,0.000
NIU,Niue,2023,3.961,0.278,0.742,0.000,0.000,-0.478
NIU,Niue,2024,4.143,0.286,0.746,0.000,0.000,4.580
PRK,North Korea,2000,2.923,4054.143,0.990,0.078,0.279,7.829
PRK,North Korea,2001,3.009,4125.811,1.010,0.087,0.278,3.619
PRK,North Korea,2002,2.867,4194.453,0.984,0.089,0.276,-4.223
PRK,North Korea,2003,2.912,4264.595,0.998,0.092,0.275,2.187
PRK,North Korea,2004,2.957,4336.317,1.023,0.092,0.273,2.251
PRK,North Korea,2005,3.075,4411.328,1.077,0.096,0.272,4.585
PRK,North Korea,2006,3.106,4487.498,1.083,0.098,0.270,1.547
PRK,North Korea,2007,2.576,4550.976,0.985,0.096,0.268,-16.663
PRK,North Korea,2008,2.840,4621.302,1.016,0.099,0.267,10.788
PRK,North Korea,2009,2.720,4688.962,0.997,0.094,0.265,-3.791
PRK,North Korea,2010,2.616,4754.317,1.001,0.096,0.264,-3.407
PRK,North Korea,2011,1.907,4802.184,0.969,0.097,0.261,-26.759
PRK,North Korea,2012,1.854,4848.938,0.950,0.096,0.259,-2.323
PRK,North Korea,2013,1.427,4885.083,0.956,0.100,0.256,-22.694
PRK,North Korea,2014,1.565,4924.908,0.958,0.100,0.254,10.182
PRK,North Korea,2015,1.223,4956.185,0.931,0.100,0.252,-21.461
PRK,North Korea,2016,1.332,4990.421,0.996,0.105,0.250,9.459
PRK,North Korea,2017,2.700,5060.129,0.937,0.101,0.249,103.608
PRK,North Korea,2018,2.414,5122.738,0.840,0.086,0.248,-10.185
PRK,North Korea,2019,2.670,5192.250,0.894,0.082,0.246,11.027
PRK,North Korea,2020,2.509,5257.827,0.862,0.083,0.245,-5.662
PRK,North Korea,2021,2.057,5311.797,0.777,0.087,0.243,-17.700
PRK,North Korea,2022,2.138,5368.086,0.787,0.095,0.241,4.298
PRK,North Korea,2023,2.348,5430.111,0.762,0.102,0.239,10.189
PRK,North Korea,2024,2.360,5492.661,0.716,0.102,0.237,0.847
MKD,North Macedonia,2000,4.116,352.082,0.957,,0.034,-3.588
MKD,North Macedonia,2001,4.013,360.374,0.929,,0.033,-2.079
MKD,North Macedonia,2002,3.778,368.211,0.913,,0.033,-5.478
MKD,North Macedonia,2003,4.100,376.744,0.918,,0.033,8.881
MKD,North Macedonia,2004,3.944,384.974,0.923,,0.033,-3.562
MKD,North Macedonia,2005,4.113,393.569,0.904,,0.032,4.452
MKD,North Macedonia,2006,4.141,402.220,0.917,,0.032,0.639
MKD,North Macedonia,2007,4.329,411.233,0.920,,0.032,4.191
MKD,North Macedonia,2008,4.315,420.170,0.927,,0.032,-0.852
MKD,North Macedonia,2009,4.002,428.417,0.896,,0.031,-7.710
MKD,North Macedonia,2010,3.988,436.599,0.921,,0.031,-0.796
MKD,North Macedonia,2011,4.324,445.422,0.961,,0.031,7.835
MKD,North Macedonia,2012,4.171,453.879,0.955,,0.031,-4.153
MKD,North Macedonia,2013,3.702,461.331,0.940,,0.031,-11.873
MKD,North Macedonia,2014,3.587,468.498,0.912,,0.030,-3.833
MKD,North Macedonia,2015,3.393,475.218,0.925,,0.030,-6.237
MKD,North Macedonia,2016,3.368,481.824,0.926,,0.030,-1.690
MKD,North Macedonia,2017,3.653,488.914,0.952,,0.030,7.324
MKD,North Macedonia,2018,3.466,495.568,0.942,,0.029,-6.152
MKD,North Macedonia,2019,4.018,503.192,0.898,,0.029,14.590
MKD,North Macedonia,2020,3.729,510.172,0.917,,0.029,-8.455
MKD,North Macedonia,2021,3.521,516.690,0.874,,0.029,-6.614
MKD,North Macedonia,2022,3.995,524.043,0.874,,0.028,12.794
MKD,North Macedonia,2023,4.006,531.381,0.855,,0.028,-0.188
MKD,North Macedonia,2024,3.631,538.001,0.838,,0.028,-9.794
NOR,Norway,2000,9.381,1747.306,1.894,0.198,0.138,-1.122
NOR,Norway,2001,9.642,1790.825,2.049,0.189,0.138,3.294
NOR,Norway,2002,9.381,1833.396,2.120,0.193,0.138,-2.178
NOR,Norway,2003,9.622,1877.315,2.271,0.198,0.138,3.166
NOR,Norway,2004,9.638,1921.572,2.276,0.156,0.138,0.770
NOR,Norway,2005,9.361,1964.851,2.090,0.169,0.138,-2.210
NOR,Norway,2006,9.411,2008.710,2.197,0.173,0.139,1.340
NOR,Norway,2007,9.685,2054.315,2.352,0.185,0.139,3.981
NOR,Norway,2008,9.373,2099.007,2.279,0.175,0.139,-2.002
NOR,Norway,2009,8.926,2142.105,2.148,0.174,0.139,-3.567
NOR,Norway,2010,9.339,2187.764,2.064,0.154,0.139,5.942
NOR,Norway,2011,9.040,2232.539,1.946,0.151,0.139,-1.936
NOR,Norway,2012,8.819,2276.797,1.661,0.145,0.138,-1.155
NOR,Norway,2013,8.767,2321.336,1.655,0.144,0.138,0.635
NOR,Norway,2014,8.754,2366.311,1.616,0.142,0.137,0.979
NOR,Norway,2015,8.772,2411.834,1.620,0.129,0.137,1.218
NOR,Norway,2016,8.539,2456.542,1.590,0.131,0.137,-1.790
NOR,Norway,2017,8.376,2500.739,1.560,0.145,0.136,-1.143
NOR,Norway,2018,8.372,2545.211,1.572,0.137,0.136,0.622
NOR,Norway,2019,8.016,2588.077,1.480,0.135,0.135,-3.611
NOR,Norway,2020,7.673,2629.352,1.495,0.135,0.135,-3.712
NOR,Norway,2021,7.592,2670.410,1.517,0.129,0.134,-0.526
NOR,Norway,2022,7.483,2711.243,1.509,0.130,0.133,-0.548
NOR,Norway,2023,7.043,2750.112,1.497,0.108,0.133,-4.810
NOR,Norway,2024,6.668,2787.295,1.506,0.107,0.132,-4.338
OMN,Oman,2000,10.510,316.369,10.931,0.251,0.076,8.644
OMN,Oman,2001,9.744,338.881,11.492,0.271,0.079,-6.140
OMN,Oman,2002,11.544,365.860,11.616,0.329,0.082,19.844
OMN,Oman,2003,14.622,400.423,12.806,0.472,0.085,28.112
OMN,Oman,2004,12.162,429.671,12.031,0.481,0.088,-15.380
OMN,Oman,2005,12.942,461.506,11.381,0.476,0.090,8.849
OMN,Oman,2006,16.085,501.956,10.180,0.619,0.092,27.059
OMN,Oman,2007,17.629,547.264,9.282,0.639,0.094,12.012
OMN,Oman,2008,18.060,594.700,9.160,0.638,0.095,4.695
OMN,Oman,2009,16.577,639.204,8.786,0.620,0.097,-6.180
OMN,Oman,2010,18.651,690.633,8.496,0.676,0.098,15.561
OMN,Oman,2011,18.625,747.938,7.901,0.671,0.099,11.425
OMN,Oman,2012,17.791,811.043,7.180,0.704,0.100,10.121
OMN,Oman,2013,17.107,876.630,6.973,0.609,0.102,3.933
OMN,Oman,2014,16.537,942.820,6.746,0.515,0.104,0.919
OMN,Oman,2015,16.221,1010.703,6.749,0.512,0.105,2.558
OMN,Oman,2016,15.086,1076.943,6.660,0.524,0.107,-2.421
OMN,Oman,2017,14.622,1143.287,6.358,0.433,0.108,0.157
OMN,Oman,2018,15.372,1213.965,6.348,0.472,0.110,6.533
OMN,Oman,2019,15.690,1286.000,6.363,0.486,0.111,1.920
OMN,Oman,2020,15.886,1357.845,6.398,0.563,0.112,-0.263
OMN,Oman,2021,16.674,1432.886,6.577,0.583,0.113,4.449
OMN,Oman,2022,16.488,1510.880,6.757,0.598,0.115,3.934
OMN,Oman,2023,15.806,1590.691,6.327,0.560,0.116,2.329
OMN,Oman,2024,15.651,1673.353,6.225,0.535,0.117,3.573
PAK,Pakistan,2000,0.671,1861.453,0.737,0.026,0.505,4.578
PAK,Pakistan,2001,0.662,1966.854,0.722,0.028,0.513,1.406
PAK,Pakistan,2002,0.677,2077.420,0.730,0.027,0.521,4.901
PAK,Pakistan,2003,0.677,2190.562,0.739,0.031,0.528,2.329
PAK,Pakistan,2004,0.728,2315.199,0.740,0.033,0.536,10.160
PAK,Pakistan,2005,0.741,2445.146,0.742,0.038,0.543,4.261
PAK,Pakistan,2006,0.768,2583.058,0.771,0.044,0.551,6.129
PAK,Pakistan,2007,0.804,2731.407,0.764,0.051,0.559,7.568
PAK,Pakistan,2008,0.780,2879.308,0.771,0.055,0.566,-0.302
PAK,Pakistan,2009,0.763,3027.663,0.768,0.060,0.574,0.307
PAK,Pakistan,2010,0.740,3175.167,0.748,0.056,0.582,-0.574
PAK,Pakistan,2011,0.734,3324.655,0.759,0.054,0.589,1.345
PAK,Pakistan,2012,0.725,3475.210,0.762,0.055,0.597,0.714
PAK,Pakistan,2013,0.702,3623.394,0.782,0.057,0.605,-1.576
PAK,Pakistan,2014,0.704,3774.203,0.795,0.057,0.613,1.772
PAK,Pakistan,2015,0.667,3919.099,0.802,0.058,0.621,-3.921
PAK,Pakistan,2016,0.803,4095.840,0.813,0.066,0.630,21.978
PAK,Pakistan,2017,0.949,4307.820,0.825,0.066,0.640,19.939
PAK,Pakistan,2018,0.897,4511.320,0.836,0.068,0.650,-4.001
PAK,Pakistan,2019,0.827,4702.146,0.844,0.067,0.659,-6.228
PAK,Pakistan,2020,0.917,4917.656,0.863,0.071,0.670,12.935
PAK,Pakistan,2021,1.017,5161.208,0.876,0.079,0.682,13.012
PAK,Pakistan,2022,0.870,5373.177,0.876,0.069,0.692,-12.967
PAK,Pakistan,2023,0.755,5560.039,0.900,0.064,0.702,-11.845
PAK,Pakistan,2024,0.716,5739.839,0.910,0.057,0.711,-3.778
PLW,Palau,2000,10.874,6.218,4.176,0.000,0.001,3.636
PLW,Palau,2001,10.966,6.430,3.992,0.000,0.001,1.754
PLW,Palau,2002,10.883,6.643,2.052,0.000,0.001,0.000
PLW,Palau,2003,10.797,6.855,2.269,0.000,0.001,0.000
PLW,Palau,2004,10.711,7.068,2.375,0.000,0.001,0.000
PLW,Palau,2005,11.267,7.291,3.862,0.000,0.001,5.172
PLW,Palau,2006,11.581,7.519,3.793,0.000,0.001,1.639
PLW,Palau,2007,13.083,7.771,2.937,0.000,0.000,11.290
PLW,Palau,2008,10.782,7.977,3.071,0.000,0.000,-18.841
PLW,Palau,2009,10.365,8.171,4.005,0.000,0.000,-5.357
PLW,Palau,2010,11.338,8.380,3.285,0.000,0.000,7.547
PLW,Palau,2011,11.742,8.592,2.964,0.000,0.000,1.754
PLW,Palau,2012,12.563,8.816,3.283,0.000,0.000,5.172
PLW,Palau,2013,12.856,9.043,1.747,0.000,0.000,1.639
PLW,Palau,2014,12.392,9.263,1.799,0.000,0.000,-3.226
PLW,Palau,2015,11.327,9.464,2.081,0.000,0.000,-8.333
PLW,Palau,2016,11.717,9.673,2.008,0.000,0.000,3.636
PLW,Palau,2017,12.119,9.889,2.085,0.000,0.000,3.509
PLW,Palau,2018,11.910,10.102,1.931,0.000,0.000,-1.695
PLW,Palau,2019,12.130,10.318,2.006,0.000,0.000,1.724
PLW,Palau,2020,11.722,10.527,2.055,0.000,0.000,-3.390
PLW,Palau,2021,11.933,10.739,2.054,0.000,0.000,1.754
PLW,Palau,2022,12.215,10.956,2.172,0.000,0.000,2.222
PLW,Palau,2023,12.180,11.173,2.031,0.000,0.000,-0.472
PLW,Palau,2024,12.760,11.399,2.117,0.000,0.000,4.574
PSE,Palestine,2000,0.527,11.886,,0.000,0.000,21.448
PSE,Palestine,2001,0.415,13.231,,0.000,0.000,-18.985
PSE,Palestine,2002,0.347,14.385,,0.000,0.000,-14.169
PSE,Palestine,2003,0.375,15.660,,0.000,0.000,10.476
PSE,Palestine,2004,0.630,17.851,,0.000,0.000,71.839
PSE,Palestine,2005,0.769,20.588,,0.000,0.000,24.916
PSE,Palestine,2006,0.622,22.856,,0.000,0.000,-17.135
PSE,Palestine,2007,0.623,25.183,,0.000,0.000,2.585
PSE,Palestine,2008,0.536,27.235,,0.000,0.000,-11.811
PSE,Palestine,2009,0.533,29.323,,0.000,0.000,1.786
PSE,Palestine,2010,0.506,31.357,,0.000,0.000,-2.632
PSE,Palestine,2011,0.546,33.603,,0.000,0.000,10.450
PSE,Palestine,2012,0.521,35.797,,0.000,0.000,-2.284
PSE,Palestine,2013,0.565,38.234,,0.000,0.000,11.018
PSE,Palestine,2014,0.642,41.070,,0.000,0.000,16.391
PSE,Palestine,2015,0.664,44.071,,0.000,0.000,5.814
PSE,Palestine,2016,0.698,47.306,,0.000,0.000,7.814
PSE,Palestine,2017,0.688,50.571,,0.000,0.000,0.906
PSE,Palestine,2018,0.610,53.527,,0.000,0.000,-9.428
PSE,Palestine,2019,0.658,56.792,,0.000,0.000,10.409
PSE,Palestine,2020,0.656,60.119,,0.000,0.000,1.908
PSE,Palestine,2021,0.701,63.754,,0.000,0.000,9.251
PSE,Palestine,2022,0.886,68.456,,0.000,0.000,29.366
PSE,Palestine,2023,0.879,73.211,,0.000,0.000,1.134
PSE,Palestine,2024,0.870,77.991,,0.000,0.000,0.519
PAN,Panama,2000,1.872,144.744,1.063,0.104,0.088,1.511
PAN,Panama,2001,2.251,151.653,1.144,0.099,0.088,22.598
PAN,Panama,2002,1.825,157.363,1.130,0.066,0.087,-17.359
PAN,Panama,2003,1.859,163.292,1.108,0.066,0.086,3.830
PAN,Panama,2004,1.693,168.796,1.085,0.069,0.086,-7.153
PAN,Panama,2005,2.035,175.538,1.100,0.061,0.085,22.478
PAN,Panama,2006,2.158,182.820,1.093,0.055,0.085,8.009
PAN,Panama,2007,2.075,189.954,1.067,0.060,0.084,-2.038
PAN,Panama,2008,1.945,196.763,1.094,0.059,0.084,-4.548
PAN,Panama,2009,2.259,204.814,1.093,0.071,0.083,18.244
PAN,Panama,2010,2.497,213.874,1.088,0.159,0.083,12.524
PAN,Panama,2011,2.680,223.774,1.117,0.192,0.082,9.268
PAN,Panama,2012,2.538,233.314,1.109,0.205,0.082,-3.627
PAN,Panama,2013,2.686,243.587,1.099,0.207,0.081,7.686
PAN,Panama,2014,2.746,254.276,1.050,0.204,0.080,4.039
PAN,Panama,2015,2.690,264.928,1.010,0.187,0.080,-0.342
PAN,Panama,2016,2.565,275.262,1.005,0.182,0.079,-2.988
PAN,Panama,2017,2.334,284.830,0.982,0.187,0.079,-7.411
PAN,Panama,2018,2.188,293.951,0.987,0.154,0.078,-4.671
PAN,Panama,2019,2.940,306.400,0.962,0.131,0.078,36.484
PAN,Panama,2020,1.527,312.957,0.954,0.064,0.077,-47.325
PAN,Panama,2021,2.335,323.102,0.950,0.114,0.076,54.706
PAN,Panama,2022,2.660,334.809,0.946,0.123,0.076,15.405
PAN,Panama,2023,2.916,347.811,0.942,0.121,0.075,11.059
PAN,Panama,2024,2.805,360.476,0.937,0.120,0.075,-2.597
PNG,Papua New Guinea,2000,0.531,65.507,0.569,0.000,0.085,15.280
PNG,Papua New Guinea,2001,0.582,68.843,0.462,0.000,0.085,13.550
PNG,Papua New Guinea,2002,0.619,72.509,0.495,0.000,0.085,9.896
PNG,Papua New Guinea,2003,0.662,76.562,0.445,0.000,0.085,10.565
PNG,Papua New Guinea,2004,0.741,81.249,0.471,0.000,0.086,15.632
PNG,Papua New Guinea,2005,0.763,86.233,0.590,0.000,0.086,6.331
PNG,Papua New Guinea,2006,0.749,91.284,0.651,0.000,0.088,1.347
PNG,Papua New Guinea,2007,0.945,97.865,0.505,0.000,0.088,30.294
PNG,Papua New Guinea,2008,0.772,103.410,0.598,0.000,0.089,-15.750
PNG,Papua New Guinea,2009,0.711,108.674,0.376,0.000,0.090,-5.049
PNG,Papua New Guinea,2010,0.618,113.389,0.323,0.000,0.090,-10.445
PNG,Papua New Guinea,2011,0.674,118.688,0.313,0.000,0.090,12.380
PNG,Papua New Guinea,2012,0.541,123.060,0.307,0.000,0.090,-17.476
PNG,Papua New Guinea,2013,0.546,127.592,0.309,0.000,0.090,3.648
PNG,Papua New Guinea,2014,0.719,133.717,0.382,0.000,0.090,35.149
PNG,Papua New Guinea,2015,0.722,140.033,0.439,0.000,0.090,3.124
PNG,Papua New Guinea,2016,0.784,147.057,0.428,0.000,0.091,11.206
PNG,Papua New Guinea,2017,0.714,153.607,0.420,0.000,0.091,-6.747
PNG,Papua New Guinea,2018,0.809,161.203,0.397,0.000,0.091,15.966
PNG,Papua New Guinea,2019,0.789,168.786,0.398,0.000,0.091,-0.173
PNG,Papua New Guinea,2020,0.806,176.697,0.385,0.000,0.091,4.326
PNG,Papua New Guinea,2021,0.786,184.570,0.382,0.000,0.091,-0.477
PNG,Papua New Guinea,2022,0.827,193.006,0.375,0.000,0.091,7.150
PNG,Papua New Guinea,2023,0.804,201.364,0.367,0.000,0.091,-0.928
PNG,Papua New Guinea,2024,0.789,209.709,0.361,0.000,0.091,-0.147
PRY,Paraguay,2000,0.704,69.726,3.361,0.046,0.172,-17.649
PRY,Paraguay,2001,0.711,73.413,3.514,0.037,0.174,2.639
PRY,Paraguay,2002,0.732,77.266,3.322,0.034,0.174,4.502
PRY,Paraguay,2003,0.756,81.292,3.568,0.040,0.175,4.480
PRY,Paraguay,2004,0.753,85.350,3.285,0.038,0.176,0.786
PRY,Paraguay,2005,0.692,89.122,3.389,0.040,0.176,-7.026
PRY,Paraguay,2006,0.709,93.023,3.503,0.040,0.176,3.394
PRY,Paraguay,2007,0.727,97.064,3.768,0.036,0.177,3.607
PRY,Paraguay,2008,0.761,101.333,3.647,0.039,0.177,5.651
PRY,Paraguay,2009,0.798,105.858,3.784,0.047,0.178,5.982
PRY,Paraguay,2010,0.873,110.869,3.937,0.043,0.178,10.738
PRY,Paraguay,2011,0.893,116.061,3.949,0.034,0.179,3.606
PRY,Paraguay,2012,0.875,121.220,4.089,0.048,0.179,-0.624
PRY,Paraguay,2013,0.864,126.389,4.113,0.036,0.179,0.193
PRY,Paraguay,2014,0.898,131.840,4.287,0.042,0.180,5.459
PRY,Paraguay,2015,0.982,137.886,4.152,0.056,0.180,10.901
PRY,Paraguay,2016,1.150,145.072,4.058,0.061,0.181,18.874
PRY,Paraguay,2017,1.253,153.012,4.108,0.042,0.181,10.477
PRY,Paraguay,2018,1.323,161.515,3.860,0.062,0.181,7.105
PRY,Paraguay,2019,1.269,169.784,3.917,0.067,0.181,-2.766
PRY,Paraguay,2020,1.127,177.227,4.013,0.050,0.181,-9.974
PRY,Paraguay,2021,1.225,185.414,3.888,0.052,0.180,9.984
PRY,Paraguay,2022,1.114,192.948,3.710,0.051,0.180,-7.983
PRY,Paraguay,2023,1.117,200.593,3.652,0.051,0.179,1.491
PRY,Paraguay,2024,1.145,208.530,3.590,0.050,0.179,3.806
PER,Peru,2000,1.078,1087.318,1.005,0.067,0.337,-2.993
PER,Peru,2001,0.937,1112.578,0.991,0.061,0.337,-11.917
PER,Peru,2002,0.938,1138.170,0.999,0.073,0.336,1.313
PER,Peru,2003,0.903,1163.084,1.009,0.076,0.338,-2.648
PER,Peru,2004,1.023,1191.588,0.987,0.083,0.338,14.407
PER,Peru,2005,1.079,1221.909,1.019,0.085,0.338,6.376
PER,Peru,2006,0.999,1250.208,1.009,0.096,0.337,-6.668
PER,Peru,2007,1.212,1284.775,1.021,0.105,0.336,22.148
PER,Peru,2008,1.239,1320.348,0.969,0.112,0.335,2.909
PER,Peru,2009,1.364,1359.771,0.988,0.112,0.335,10.827
PER,Peru,2010,1.461,1402.276,0.998,0.115,0.334,7.816
PER,Peru,2011,1.444,1444.603,1.009,0.118,0.333,-0.419
PER,Peru,2012,1.540,1490.112,0.997,0.126,0.332,7.517
PER,Peru,2013,1.433,1532.830,0.996,0.132,0.331,-6.133
PER,Peru,2014,1.640,1582.218,0.998,0.152,0.331,15.615
PER,Peru,2015,1.615,1631.422,0.985,0.146,0.330,-0.372
PER,Peru,2016,1.707,1684.120,0.974,0.139,0.330,7.100
PER,Peru,2017,1.747,1738.846,0.960,0.133,0.329,3.850
PER,Peru,2018,1.756,1794.859,0.951,0.141,0.328,2.352
PER,Peru,2019,1.808,1853.528,0.939,0.149,0.327,4.739
PER,Peru,2020,1.438,1900.764,0.927,0.085,0.326,-19.485
PER,Peru,2021,1.808,1960.726,0.933,0.159,0.325,26.939
PER,Peru,2022,1.935,2025.511,0.932,0.173,0.324,8.043
PER,Peru,2023,1.952,2091.576,0.928,0.171,0.323,1.976
PER,Peru,2024,2.053,2161.823,0.926,0.170,0.322,6.330
PHL,Philippines,2000,0.898,1489.228,0.760,0.058,0.739,6.199
PHL,Philippines,2001,0.857,1559.027,0.750,0.040,0.734,-2.334
PHL,Philippines,2002,0.837,1628.519,0.746,0.060,0.731,-0.440
PHL,Philippines,2003,0.820,1698.020,0.733,0.056,0.728,0.013
PHL,Philippines,2004,0.833,1770.018,0.737,0.055,0.723,3.594
PHL,Philippines,2005,0.822,1842.352,0.724,0.061,0.720,0.466
PHL,Philippines,2006,0.733,1907.998,0.720,0.047,0.717,-9.247
PHL,Philippines,2007,0.769,1978.008,0.732,0.052,0.715,6.649
PHL,Philippines,2008,0.826,2054.613,0.741,0.052,0.712,9.420
PHL,Philippines,2009,0.801,2130.194,0.748,0.057,0.710,-1.337
PHL,Philippines,2010,0.854,2212.439,0.727,0.059,0.707,8.819
PHL,Philippines,2011,0.845,2295.420,0.733,0.058,0.705,0.893
PHL,Philippines,2012,0.873,2382.896,0.721,0.066,0.703,5.418
PHL,Philippines,2013,0.929,2477.721,0.725,0.069,0.700,8.401
PHL,Philippines,2014,0.964,2577.795,0.711,0.072,0.698,5.535
PHL,Philippines,2015,1.054,2688.842,0.698,0.080,0.695,10.964
PHL,Philippines,2016,1.126,2809.057,0.700,0.075,0.693,8.257
PHL,Philippines,2017,1.235,2942.633,0.720,0.084,0.691,11.113
PHL,Philippines,2018,1.278,3082.490,0.714,0.088,0.690,4.702
PHL,Philippines,2019,1.287,3225.091,0.705,0.087,0.688,1.962
PHL,Philippines,2020,1.173,3356.548,0.701,0.072,0.687,-7.815
PHL,Philippines,2021,1.240,3496.818,0.705,0.083,0.685,6.703
PHL,Philippines,2022,1.325,3647.781,0.689,0.088,0.682,7.624
PHL,Philippines,2023,1.401,3808.761,0.683,0.087,0.681,6.636
PHL,Philippines,2024,1.510,3983.639,0.681,0.087,0.679,8.633
POL,Poland,2000,8.294,21388.738,1.934,0.160,1.446,-3.614
POL,Poland,2001,8.191,21702.004,1.863,0.130,1.425,-1.273
POL,Poland,2002,8.000,22007.857,1.811,0.122,1.402,-2.367
POL,Poland,2003,8.343,22326.590,1.719,0.120,1.378,4.211
POL,Poland,2004,8.479,22650.211,1.669,0.133,1.354,1.534
POL,Poland,2005,8.461,22972.789,1.662,0.133,1.332,-0.323
POL,Poland,2006,8.836,23309.174,1.657,0.157,1.310,4.281
POL,Poland,2007,8.830,23644.910,1.588,0.185,1.289,-0.194
POL,Poland,2008,8.670,23974.338,1.527,0.176,1.268,-1.878
POL,Poland,2009,8.312,24290.225,1.422,0.151,1.248,-4.111
POL,Poland,2010,8.768,24624.250,1.423,0.163,1.232,5.743
POL,Poland,2011,8.726,24957.656,1.391,0.193,1.215,-0.186
POL,Poland,2012,8.518,25283.436,1.432,0.167,1.199,-2.288
POL,Poland,2013,8.410,25605.193,1.393,0.154,1.184,-1.234
POL,Poland,2014,8.086,25914.607,1.304,0.169,1.169,-3.836
POL,Poland,2015,8.168,26227.156,1.283,0.166,1.155,1.013
POL,Poland,2016,8.449,26550.459,1.269,0.171,1.142,3.440
POL,Poland,2017,8.796,26886.963,1.258,0.183,1.129,4.084
POL,Poland,2018,8.779,27222.682,1.281,0.200,1.118,-0.234
POL,Poland,2019,8.304,27540.125,1.263,0.201,1.107,-5.443
POL,Poland,2020,7.914,27842.229,1.217,0.201,1.098,-4.833
POL,Poland,2021,8.693,28172.920,1.241,0.194,1.089,9.464
POL,Poland,2022,8.203,28487.812,1.211,0.200,1.079,-4.778
POL,Poland,2023,7.307,28771.057,1.154,0.170,1.069,-10.051
POL,Poland,2024,7.080,29043.918,1.155,0.173,1.059,-3.665
PRT,Portugal,2000,6.370,1483.780,1.231,0.370,0.125,-2.055
PRT,Portugal,2001,6.296,1548.967,1.169,0.350,0.126,-0.483
PRT,Portugal,2002,6.682,1618.550,1.168,0.376,0.127,6.743
PRT,Portugal,2003,6.168,1683.032,1.142,0.346,0.128,-7.330
PRT,Portugal,2004,6.421,1750.334,1.103,0.382,0.129,4.374
PRT,Portugal,2005,6.630,1819.974,1.057,0.389,0.129,3.473
PRT,Portugal,2006,6.163,1884.830,1.084,0.380,0.129,-6.869
PRT,Portugal,2007,5.915,1947.210,1.066,0.395,0.130,-3.818
PRT,Portugal,2008,5.681,2007.220,1.008,0.380,0.130,-3.800
PRT,Portugal,2009,5.403,2064.367,0.985,0.305,0.130,-4.770
PRT,Portugal,2010,5.000,2117.257,0.967,0.319,0.129,-7.449
PRT,Portugal,2011,4.905,2169.041,0.970,0.266,0.129,-2.092
PRT,Portugal,2012,4.749,2218.972,0.918,0.243,0.128,-3.576
PRT,Portugal,2013,4.604,2267.119,0.883,0.269,0.128,-3.576
PRT,Portugal,2014,4.607,2315.061,0.891,0.298,0.127,-0.423
PRT,Portugal,2015,5.037,2367.294,0.897,0.282,0.126,8.950
PRT,Portugal,2016,4.863,2417.605,0.916,0.222,0.126,-3.680
PRT,Portugal,2017,5.340,2472.770,0.967,0.245,0.125,9.648
PRT,Portugal,2018,4.972,2524.110,0.972,0.218,0.125,-6.934
PRT,Portugal,2019,4.600,2571.694,0.987,0.215,0.124,-7.318
PRT,Portugal,2020,4.025,2613.432,0.999,0.223,0.124,-12.284
PRT,Portugal,2021,3.878,2653.732,1.011,0.203,0.123,-3.446
PRT,Portugal,2022,3.909,2694.454,1.013,0.214,0.122,1.049
PRT,Portugal,2023,3.607,2732.076,1.027,0.199,0.122,-7.614
PRT,Portugal,2024,3.409,2767.615,1.039,0.199,0.121,-5.537
QAT,Qatar,2000,62.646,624.244,42.768,0.868,0.068,11.237
QAT,Qatar,2001,67.727,670.158,34.355,0.836,0.071,13.631
QAT,Qatar,2002,63.518,715.333,31.703,0.851,0.074,-1.611
QAT,Qatar,2003,62.618,761.964,35.006,0.839,0.078,3.224
QAT,Qatar,2004,61.344,809.403,30.933,0.799,0.081,1.734
QAT,Qatar,2005,57.767,857.085,25.221,0.792,0.084,0.511
QAT,Qatar,2006,61.421,916.838,21.643,0.695,0.087,25.316
QAT,Qatar,2007,49.255,976.368,18.549,0.840,0.090,-0.373
QAT,Qatar,2008,43.359,1038.239,15.483,1.117,0.093,3.932
QAT,Qatar,2009,41.175,1103.544,13.575,1.074,0.096,5.551
QAT,Qatar,2010,43.090,1177.195,11.654,0.916,0.099,12.780
QAT,Qatar,2011,45.175,1259.005,12.212,1.139,0.102,11.077
QAT,Qatar,2012,49.152,1352.743,11.630,1.181,0.105,14.581
QAT,Qatar,2013,44.982,1444.176,11.426,1.057,0.109,-2.459
QAT,Qatar,2014,41.310,1535.818,10.443,1.107,0.112,0.228
QAT,Qatar,2015,38.441,1629.128,9.630,1.145,0.115,1.821
QAT,Qatar,2016,35.154,1720.506,9.031,1.041,0.118,-2.071
QAT,Qatar,2017,39.035,1826.163,8.401,0.895,0.119,15.625
QAT,Qatar,2018,37.166,1928.784,8.171,0.819,0.121,-2.873
QAT,Qatar,2019,36.252,2030.214,7.772,0.650,0.122,-1.161
QAT,Qatar,2020,36.145,2131.543,7.709,0.576,0.122,-0.099
QAT,Qatar,2021,37.082,2235.929,7.703,0.646,0.123,3.016
QAT,Qatar,2022,37.890,2345.523,7.608,0.670,0.125,4.990
QAT,Qatar,2023,40.128,2465.068,7.558,0.651,0.126,9.079
QAT,Qatar,2024,41.271,2590.880,7.378,0.636,0.127,5.243
ROU,Romania,2000,4.228,6771.363,1.010,0.120,0.484,4.846
ROU,Romania,2001,4.513,6870.291,0.999,0.126,0.478,6.139
ROU,Romania,2002,4.551,6969.360,1.047,0.121,0.473,0.142
ROU,Romania,2003,4.803,7073.067,1.050,0.123,0.467,4.682
ROU,Romania,2004,4.823,7176.299,1.048,0.140,0.461,-0.458
ROU,Romania,2005,4.777,7277.636,1.055,0.150,0.454,-1.837
ROU,Romania,2006,4.958,7381.926,1.093,0.174,0.448,2.914
ROU,Romania,2007,5.199,7490.423,1.105,0.194,0.442,4.034
ROU,Romania,2008,5.164,7597.420,1.122,0.200,0.437,-1.382
ROU,Romania,2009,4.267,7685.226,1.082,0.150,0.432,-17.936
ROU,Romania,2010,4.135,7769.714,1.085,0.136,0.427,-3.779
ROU,Romania,2011,4.555,7862.104,1.038,0.152,0.422,9.354
ROU,Romania,2012,4.457,7951.952,1.052,0.156,0.417,-2.752
ROU,Romania,2013,3.927,8030.748,1.050,0.134,0.413,-12.301
ROU,Romania,2014,3.973,8110.083,1.086,0.147,0.408,0.685
ROU,Romania,2015,3.928,8188.129,1.104,0.168,0.404,-1.625
ROU,Romania,2016,3.873,8264.716,1.137,0.161,0.401,-1.870
ROU,Romania,2017,4.034,8344.148,1.136,0.168,0.397,3.715
ROU,Romania,2018,4.076,8424.022,1.155,0.179,0.394,0.557
ROU,Romania,2019,3.933,8500.713,1.172,0.196,0.391,-3.986
ROU,Romania,2020,3.813,8574.659,1.121,0.201,0.388,-3.578
ROU,Romania,2021,4.026,8652.161,1.143,0.206,0.384,4.807
ROU,Romania,2022,3.818,8725.347,1.147,0.194,0.381,-5.568
ROU,Romania,2023,3.550,8793.213,1.149,0.195,0.377,-7.269
ROU,Romania,2024,3.605,8861.765,1.138,0.196,0.373,1.010
RUS,Russia,2000,10.091,83559.172,2.097,0.103,8.275,-0.904
RUS,Russia,2001,10.389,85077.258,2.154,0.109,8.203,2.533
RUS,Russia,2002,10.335,86585.578,2.196,0.117,8.129,-0.642
RUS,Russia,2003,10.556,88124.586,2.287,0.128,8.051,2.034
RUS,Russia,2004,10.644,89669.945,2.310,0.144,7.971,0.412
RUS,Russia,2005,10.816,91233.930,2.367,0.154,7.895,1.205
RUS,Russia,2006,11.266,92857.352,2.410,0.170,7.820,3.801
RUS,Russia,2007,11.291,94481.672,2.468,0.192,7.749,0.055
RUS,Russia,2008,11.492,96134.398,2.499,0.164,7.677,1.749
RUS,Russia,2009,10.741,97679.641,2.450,0.137,7.610,-6.504
RUS,Russia,2010,11.346,99312.781,2.554,0.158,7.548,5.689
RUS,Russia,2011,11.698,100997.773,2.601,0.174,7.479,3.174
RUS,Russia,2012,11.782,102697.875,2.661,0.182,7.424,0.897
RUS,Russia,2013,11.324,104335.422,2.665,0.189,7.369,-3.680
RUS,Russia,2014,11.298,105972.734,2.685,0.183,7.317,-0.014
RUS,Russia,2015,11.254,107607.977,2.717,0.159,7.277,-0.126
RUS,Russia,2016,11.177,109237.305,2.769,0.140,7.246,-0.362
RUS,Russia,2017,11.362,110898.312,2.849,0.140,7.216,1.945
RUS,Russia,2018,11.677,112608.234,2.961,0.137,7.187,2.944
RUS,Russia,2019,11.632,114312.680,3.074,0.139,7.159,-0.319
RUS,Russia,2020,11.149,115944.586,3.016,0.141,7.132,-4.257
RUS,Russia,2021,11.482,117619.117,3.172,0.152,7.105,2.612
RUS,Russia,2022,11.509,119294.578,3.189,0.155,7.077,0.056
RUS,Russia,2023,11.916,121027.703,3.213,0.167,7.051,3.442
RUS,Russia,2024,12.295,122808.227,3.274,0.174,7.027,2.734
RWA,Rwanda,2000,0.063,14.041,0.338,0.003,0.032,2.533
RWA,Rwanda,2001,0.063,14.560,0.348,0.004,0.032,0.750
RWA,Rwanda,2002,0.061,15.072,0.352,0.005,0.031,-1.436
RWA,Rwanda,2003,0.059,15.577,0.365,0.005,0.031,-1.194
RWA,Rwanda,2004,0.058,16.093,0.368,0.004,0.030,2.043
RWA,Rwanda,2005,0.057,16.607,0.355,0.004,0.030,-0.359
RWA,Rwanda,2006,0.055,17.121,0.367,0.004,0.029,0.039
RWA,Rwanda,2007,0.057,17.663,0.371,0.004,0.029,5.460
RWA,Rwanda,2008,0.054,18.194,0.377,0.004,0.028,-1.972
RWA,Rwanda,2009,0.055,18.749,0.376,0.003,0.028,4.394
RWA,Rwanda,2010,0.056,19.330,0.386,0.003,0.028,4.712
RWA,Rwanda,2011,0.061,19.974,0.371,0.003,0.027,10.737
RWA,Rwanda,2012,0.066,20.692,0.367,0.003,0.027,11.675
RWA,Rwanda,2013,0.070,21.471,0.366,0.003,0.027,8.404
RWA,Rwanda,2014,0.073,22.301,0.362,0.003,0.027,6.543
RWA,Rwanda,2015,0.083,23.268,0.383,0.006,0.026,16.507
RWA,Rwanda,2016,0.088,24.320,0.368,0.009,0.026,8.814
RWA,Rwanda,2017,0.096,25.489,0.361,0.011,0.026,11.191
RWA,Rwanda,2018,0.105,26.802,0.367,0.011,0.026,12.255
RWA,Rwanda,2019,0.111,28.216,0.366,0.012,0.026,7.647
RWA,Rwanda,2020,0.107,29.610,0.372,0.012,0.026,-1.357
RWA,Rwanda,2021,0.127,31.309,0.360,0.017,0.026,21.856
RWA,Rwanda,2022,0.143,33.266,0.346,0.023,0.026,15.195
RWA,Rwanda,2023,0.144,35.282,0.339,0.022,0.026,3.004
RWA,Rwanda,2024,0.143,37.316,0.333,0.022,0.026,0.870
SHN,Saint Helena,2000,1.818,0.158,0.326,0.000,0.000,0.000
SHN,Saint Helena,2001,1.843,0.169,0.313,0.000,0.000,0.000
SHN,Saint Helena,2002,1.870,0.180,0.321,0.000,0.000,0.000
SHN,Saint Helena,2003,1.903,0.191,0.331,0.000,0.000,0.000
SHN,Saint Helena,2004,1.291,0.198,0.376,0.000,0.000,-33.333
SHN,Saint Helena,2005,1.973,0.209,0.383,0.000,0.000,50.000
SHN,Saint Helena,2006,2.014,0.220,0.381,0.000,0.000,0.000
SHN,Saint Helena,2007,2.056,0.231,0.390,0.000,0.000,0.000
SHN,Saint Helena,2008,2.076,0.242,0.400,0.000,0.000,0.000
SHN,Saint Helena,2009,2.066,0.253,0.390,0.000,0.000,0.000
SHN,Saint Helena,2010,2.054,0.264,0.384,0.000,0.000,0.000
SHN,Saint Helena,2011,2.041,0.275,0.380,0.000,0.000,0.000
SHN,Saint Helena,2012,2.025,0.286,0.380,0.000,0.000,0.000
SHN,Saint Helena,2013,2.012,0.297,0.397,0.000,0.000,0.000
SHN,Saint Helena,2014,2.001,0.308,0.395,0.000,0.000,0.000
SHN,Saint Helena,2015,1.988,0.319,0.390,0.000,0.000,0.000
SHN,Saint Helena,2016,2.644,0.333,0.391,0.000,0.000,33.333
SHN,Saint Helena,2017,1.988,0.344,0.395,0.000,0.000,-25.000
SHN,Saint Helena,2018,1.996,0.355,0.402,0.000,0.000,0.000
SHN,Saint Helena,2019,2.672,0.370,0.410,0.000,0.000,33.333
SHN,Saint Helena,2020,2.017,0.381,0.416,0.000,0.000,-25.000
SHN,Saint Helena,2021,1.353,0.388,0.423,0.000,0.000,-33.333
SHN,Saint Helena,2022,2.047,0.399,0.423,0.000,0.000,50.000
SHN,Saint Helena,2023,2.064,0.410,0.434,0.000,0.000,-0.200
SHN,Saint Helena,2024,2.165,0.422,0.439,0.000,0.000,3.838
KNA,Saint Kitts and Nevis,2000,3.804,2.636,0.840,0.000,0.000,9.302
KNA,Saint Kitts and Nevis,2001,3.841,2.812,0.841,0.000,0.000,2.128
KNA,Saint Kitts and Nevis,2002,4.217,3.006,0.844,0.000,0.000,10.417
KNA,Saint Kitts and Nevis,2003,4.203,3.200,0.841,0.000,0.000,0.000
KNA,Saint Kitts and Nevis,2004,4.507,3.409,0.855,0.000,0.000,7.547
KNA,Saint Kitts and Nevis,2005,4.180,3.603,0.858,0.000,0.000,-7.018
KNA,Saint Kitts and Nevis,2006,4.325,3.804,0.845,0.000,0.000,3.774
KNA,Saint Kitts and Nevis,2007,4.626,4.021,0.869,0.000,0.000,7.273
KNA,Saint Kitts and Nevis,2008,4.614,4.237,0.899,0.000,0.000,0.000
KNA,Saint Kitts and Nevis,2009,4.683,4.457,0.898,0.000,0.000,1.695
KNA,Saint Kitts and Nevis,2010,4.690,4.676,0.902,0.000,0.000,0.000
KNA,Saint Kitts and Nevis,2011,4.842,4.904,0.889,0.000,0.000,3.333
KNA,Saint Kitts and Nevis,2012,4.750,5.127,0.742,0.000,0.000,-1.613
KNA,Saint Kitts and Nevis,2013,4.746,5.351,0.738,0.000,0.000,0.000
KNA,Saint Kitts and Nevis,2014,4.822,5.578,0.722,0.000,0.000,1.639
KNA,Saint Kitts and Nevis,2015,4.900,5.809,0.738,0.000,0.000,1.613
KNA,Saint Kitts and Nevis,2016,5.057,6.047,0.737,0.000,0.000,3.175
KNA,Saint Kitts and Nevis,2017,5.137,6.289,0.744,0.000,0.000,1.538
KNA,Saint Kitts and Nevis,2018,5.297,6.538,0.759,0.000,0.000,3.030
KNA,Saint Kitts and Nevis,2019,5.538,6.798,0.772,0.000,0.000,4.412
KNA,Saint Kitts and Nevis,2020,5.157,7.040,0.780,0.000,0.000,-7.042
KNA,Saint Kitts and Nevis,2021,5.012,7.274,0.873,0.000,0.000,-3.030
KNA,Saint Kitts and Nevis,2022,5.364,7.525,0.983,0.000,0.000,6.891
KNA,Saint Kitts and Nevis,2023,5.347,7.775,1.029,0.000,0.000,-0.202
KNA,Saint Kitts and Nevis,2024,5.542,8.035,1.098,0.000,0.000,3.842
LCA,Saint Lucia,2000,2.148,5.434,0.414,0.000,0.001,1.087
LCA,Saint Lucia,2001,2.241,5.793,0.401,0.000,0.001,5.376
LCA,Saint Lucia,2002,2.199,6.148,0.393,0.000,0.001,-1.020
LCA,Saint Lucia,2003,2.316,6.526,0.383,0.000,0.001,6.186
LCA,Saint Lucia,2004,2.432,6.925,0.378,0.000,0.001,5.825
LCA,Saint Lucia,2005,2.369,7.317,0.367,0.000,0.001,-1.835
LCA,Saint Lucia,2006,2.484,7.731,0.358,0.000,0.001,5.607
LCA,Saint Lucia,2007,2.512,8.152,0.351,0.000,0.001,1.770
LCA,Saint Lucia,2008,2.518,8.577,0.343,0.000,0.001,0.870
LCA,Saint Lucia,2009,2.502,9.002,0.335,0.000,0.001,0.000
LCA,Saint Lucia,2010,2.830,9.486,0.325,0.000,0.001,13.793
LCA,Saint Lucia,2011,2.815,9.970,0.336,0.000,0.001,0.000
LCA,Saint Lucia,2012,2.823,10.457,0.335,0.000,0.001,0.758
LCA,Saint Lucia,2013,2.811,10.944,0.334,0.000,0.001,0.000
LCA,Saint Lucia,2014,2.798,11.432,0.339,0.000,0.001,0.000
LCA,Saint Lucia,2015,2.744,11.912,0.336,0.000,0.001,-1.504
LCA,Saint Lucia,2016,2.691,12.384,0.335,0.000,0.001,-1.527
LCA,Saint Lucia,2017,2.805,12.879,0.337,0.000,0.001,4.651
LCA,Saint Lucia,2018,2.877,13.388,0.336,0.000,0.001,2.963
LCA,Saint Lucia,2019,2.825,13.890,0.337,0.000,0.001,-1.439
LCA,Saint Lucia,2020,2.734,14.378,0.334,0.000,0.001,-2.920
LCA,Saint Lucia,2021,2.832,14.883,0.334,0.000,0.001,3.759
LCA,Saint Lucia,2022,2.898,15.401,0.336,0.000,0.001,2.465
LCA,Saint Lucia,2023,2.884,15.918,0.336,0.000,0.001,-0.202
LCA,Saint Lucia,2024,2.987,16.455,0.336,0.000,0.001,3.842
SPM,Saint Pierre and Miquelon,2000,8.700,2.422,,,0.000,0.000
SPM,Saint Pierre and Miquelon,2001,8.725,2.477,,,0.000,0.000
SPM,Saint Pierre and Miquelon,2002,9.345,2.535,,,0.000,6.667
SPM,Saint Pierre and Miquelon,2003,9.992,2.598,,,0.000,6.250
SPM,Saint Pierre and Miquelon,2004,9.469,2.656,,,0.000,-5.882
SPM,Saint Pierre and Miquelon,2005,10.146,2.719,,,0.000,6.250
SPM,Saint Pierre and Miquelon,2006,10.221,2.781,,,0.000,0.000
SPM,Saint Pierre and Miquelon,2007,10.255,2.843,,,0.000,0.000
SPM,Saint Pierre and Miquelon,2008,10.273,2.906,,,0.000,0.000
SPM,Saint Pierre and Miquelon,2009,10.289,2.968,,,0.000,0.000
SPM,Saint Pierre and Miquelon,2010,10.301,3.030,,,0.000,0.000
SPM,Saint Pierre and Miquelon,2011,10.926,3.096,,,0.000,5.882
SPM,Saint Pierre and Miquelon,2012,10.957,3.162,,,0.000,0.000
SPM,Saint Pierre and Miquelon,2013,10.994,3.228,,,0.000,0.000
SPM,Saint Pierre and Miquelon,2014,11.021,3.294,,,0.000,0.000
SPM,Saint Pierre and Miquelon,2015,11.045,3.360,,,0.000,0.000
SPM,Saint Pierre and Miquelon,2016,11.071,3.426,,,0.000,0.000
SPM,Saint Pierre and Miquelon,2017,11.092,3.492,,,0.000,0.000
SPM,Saint Pierre and Miquelon,2018,9.883,3.550,,,0.000,-11.111
SPM,Saint Pierre and Miquelon,2019,11.180,3.616,,,0.000,12.500
SPM,Saint Pierre and Miquelon,2020,10.644,3.679,,,0.000,-5.556
SPM,Saint Pierre and Miquelon,2021,9.473,3.734,,,0.000,-11.765
SPM,Saint Pierre and Miquelon,2022,9.268,3.787,,,0.000,-2.869
SPM,Saint Pierre and Miquelon,2023,9.335,3.840,,,0.000,-0.202
SPM,Saint Pierre and Miquelon,2024,9.788,3.896,,,0.000,3.842
VCT,Saint Vincent and the Grenadines,2000,1.258,2.492,0.385,0.000,0.000,-13.333
VCT,Saint Vincent and the Grenadines,2001,1.549,2.667,0.385,0.000,0.000,23.077
VCT,Saint Vincent and the Grenadines,2002,1.648,2.854,0.387,0.000,0.000,6.250
VCT,Saint Vincent and the Grenadines,2003,1.781,3.056,0.387,0.000,0.000,7.843
VCT,Saint Vincent and the Grenadines,2004,1.948,3.276,0.392,0.000,0.000,9.091
VCT,Saint Vincent and the Grenadines,2005,1.955,3.495,0.398,0.000,0.000,0.000
VCT,Saint Vincent and the Grenadines,2006,1.962,3.715,0.406,0.000,0.000,0.000
VCT,Saint Vincent and the Grenadines,2007,2.135,3.953,0.415,0.000,0.000,8.333
VCT,Saint Vincent and the Grenadines,2008,1.980,4.173,0.421,0.000,0.000,-7.692
VCT,Saint Vincent and the Grenadines,2009,2.520,4.452,0.428,0.000,0.000,26.667
VCT,Saint Vincent and the Grenadines,2010,2.032,4.675,0.428,0.000,0.000,-19.737
VCT,Saint Vincent and the Grenadines,2011,1.977,4.891,0.449,0.000,0.000,-3.279
VCT,Saint Vincent and the Grenadines,2012,2.123,5.122,0.449,0.000,0.000,6.780
VCT,Saint Vincent and the Grenadines,2013,1.999,5.338,0.442,0.000,0.000,-6.349
VCT,Saint Vincent and the Grenadines,2014,2.385,5.595,0.446,0.000,0.000,18.644
VCT,Saint Vincent and the Grenadines,2015,2.192,5.829,0.447,0.000,0.000,-8.571
VCT,Saint Vincent and the Grenadines,2016,2.274,6.071,0.448,0.000,0.000,3.125
VCT,Saint Vincent and the Grenadines,2017,2.011,6.284,0.451,0.000,0.000,-12.121
VCT,Saint Vincent and the Grenadines,2018,2.304,6.526,0.455,0.000,0.000,13.793
VCT,Saint Vincent and the Grenadines,2019,2.110,6.745,0.459,0.000,0.000,-9.091
VCT,Saint Vincent and the Grenadines,2020,2.300,6.984,0.459,0.000,0.000,8.333
VCT,Saint Vincent and the Grenadines,2021,2.280,7.218,0.465,0.000,0.000,-1.538
VCT,Saint Vincent and the Grenadines,2022,2.417,7.465,0.470,0.000,0.000,5.203
VCT,Saint Vincent and the Grenadines,2023,2.430,7.711,0.475,0.000,0.000,-0.202
VCT,Saint Vincent and the Grenadines,2024,2.541,7.967,0.478,0.000,0.000,3.842
WSM,Samoa,2000,0.786,2.902,0.864,0.000,0.001,2.632
WSM,Samoa,2001,0.840,3.056,0.926,0.000,0.001,7.692
WSM,Samoa,2002,0.874,3.217,0.921,0.000,0.001,4.762
WSM,Samoa,2003,0.869,3.378,0.927,0.000,0.001,0.000
WSM,Samoa,2004,0.905,3.547,0.933,0.000,0.001,4.545
WSM,Samoa,2005,0.921,3.719,0.930,0.000,0.001,2.174
WSM,Samoa,2006,0.898,3.888,0.928,0.000,0.001,-2.128
WSM,Samoa,2007,0.951,4.067,0.885,0.000,0.001,6.522
WSM,Samoa,2008,0.848,4.228,0.866,0.000,0.001,-10.204
WSM,Samoa,2009,0.880,4.397,0.888,0.000,0.001,4.545
WSM,Samoa,2010,0.968,4.584,0.945,0.000,0.001,10.870
WSM,Samoa,2011,0.978,4.774,0.973,0.000,0.001,1.961
WSM,Samoa,2012,0.970,4.965,0.986,0.000,0.001,0.000
WSM,Samoa,2013,0.961,5.155,0.996,0.000,0.001,0.000
WSM,Samoa,2014,1.007,5.357,0.991,0.000,0.001,5.769
WSM,Samoa,2015,1.126,5.584,1.038,0.000,0.001,12.727
WSM,Samoa,2016,1.170,5.822,0.943,0.000,0.001,4.839
WSM,Samoa,2017,1.142,6.057,0.884,0.000,0.001,-1.538
WSM,Samoa,2018,1.130,6.291,0.799,0.000,0.001,0.000
WSM,Samoa,2019,1.240,6.551,0.694,0.000,0.001,10.938
WSM,Samoa,2020,1.106,6.786,0.632,0.000,0.001,-9.859
WSM,Samoa,2021,1.251,7.053,0.760,0.000,0.001,14.062
WSM,Samoa,2022,1.096,7.289,0.729,0.000,0.001,-11.782
WSM,Samoa,2023,1.084,7.524,0.701,0.000,0.001,-0.472
WSM,Samoa,2024,1.126,7.770,0.738,0.000,0.001,4.574
SMR,San Marino,2000,,,,,,
SMR,San Marino,2001,,,,,,
SMR,San Marino,2002,,,,,,
SMR,San Marino,2003,,,,,,
SMR,San Marino,2004,,,,,,
SMR,San Marino,2005,,,,,,
SMR,San Marino,2006,,,,,,
SMR,San Marino,2007,,,,,,
SMR,San Marino,2008,,,,,,
SMR,San Marino,2009,,,,,,
SMR,San Marino,2010,,,,,,
SMR,San Marino,2011,,,,,,
SMR,San Marino,2012,,,,,,
SMR,San Marino,2013,,,,,,
SMR,San Marino,2014,,,,,,
SMR,San Marino,2015,,,,,,
SMR,San Marino,2016,,,,,,
SMR,San Marino,2017,,,,,,
SMR,San Marino,2018,,,,,,
SMR,San Marino,2019,,,,,,
SMR,San Marino,2020,,,,,,
SMR,San Marino,2021,,,,,,
SMR,San Marino,2022,,,,,,
SMR,San Marino,2023,,,,,,
SMR,San Marino,2024,,,,,,
STP,Sao Tome and Principe,2000,0.356,1.396,0.358,0.000,0.000,7.692
STP,Sao Tome and Principe,2001,0.350,1.447,0.343,0.000,0.000,0.000
STP,Sao Tome and Principe,2002,0.367,1.502,0.344,0.000,0.000,7.143
STP,Sao Tome and Principe,2003,0.405,1.565,0.346,0.000,0.000,13.333
STP,Sao Tome and Principe,2004,0.465,1.638,0.342,0.000,0.000,17.647
STP,Sao Tome and Principe,2005,0.476,1.715,0.342,0.000,0.000,5.000
STP,Sao Tome and Principe,2006,0.487,1.795,0.338,0.000,0.000,4.762
STP,Sao Tome and Principe,2007,0.475,1.876,0.331,0.000,0.000,0.000
STP,Sao Tome and Principe,2008,0.485,1.960,0.329,0.000,0.000,4.545
STP,Sao Tome and Principe,2009,0.515,2.052,0.331,0.000,0.000,8.696
STP,Sao Tome and Principe,2010,0.584,2.158,0.327,0.000,0.000,16.000
STP,Sao Tome and Principe,2011,0.533,2.257,0.323,0.000,0.000,-6.897
STP,Sao Tome and Principe,2012,0.580,2.367,0.317,0.000,0.000,11.111
STP,Sao Tome and Principe,2013,0.569,2.477,0.317,0.000,0.000,0.000
STP,Sao Tome and Principe,2014,0.652,2.605,0.317,0.000,0.000,16.667
STP,Sao Tome and Principe,2015,0.677,2.741,0.314,0.000,0.000,5.714
STP,Sao Tome and Principe,2016,0.719,2.887,0.314,0.000,0.000,8.108
STP,Sao Tome and Principe,2017,0.673,3.026,0.311,0.000,0.000,-5.000
STP,Sao Tome and Principe,2018,0.662,3.166,0.309,0.000,0.000,0.000
STP,Sao Tome and Principe,2019,0.687,3.312,0.313,0.000,0.000,5.263
STP,Sao Tome and Principe,2020,0.657,3.455,0.312,0.000,0.000,-2.500
STP,Sao Tome and Principe,2021,0.644,3.598,0.301,0.000,0.000,0.000
STP,Sao Tome and Principe,2022,0.599,3.734,0.302,0.000,0.000,-5.128
STP,Sao Tome and Principe,2023,0.606,3.873,0.300,0.000,0.000,3.150
STP,Sao Tome and Principe,2024,0.602,4.015,0.295,0.000,0.000,1.388
SAU,Saudi Arabia,2000,19.140,5810.030,4.471,0.530,0.442,30.256
SAU,Saudi Arabia,2001,19.034,6134.403,4.202,0.572,0.449,4.759
SAU,Saudi Arabia,2002,19.370,6481.334,3.870,0.614,0.460,6.954
SAU,Saudi Arabia,2003,18.695,6832.561,4.214,0.605,0.472,1.239
SAU,Saudi Arabia,2004,20.728,7240.264,4.080,0.587,0.487,16.079
SAU,Saudi Arabia,2005,20.050,7652.498,4.159,0.552,0.503,1.112
SAU,Saudi Arabia,2006,20.736,8097.476,4.085,0.569,0.518,7.943
SAU,Saudi Arabia,2007,18.925,8520.789,3.905,0.624,0.533,-4.868
SAU,Saudi Arabia,2008,20.158,8990.221,3.888,0.777,0.548,10.894
SAU,Saudi Arabia,2009,20.810,9494.189,3.549,0.821,0.563,7.358
SAU,Saudi Arabia,2010,22.087,10049.829,3.474,0.822,0.578,10.253
SAU,Saudi Arabia,2011,20.694,10590.064,3.647,0.842,0.592,-2.772
SAU,Saudi Arabia,2012,22.382,11195.777,3.684,0.923,0.607,12.120
SAU,Saudi Arabia,2013,20.808,11778.955,3.549,0.992,0.621,-3.720
SAU,Saudi Arabia,2014,20.177,12364.064,3.493,1.014,0.634,0.331
SAU,Saudi Arabia,2015,20.836,12988.611,3.496,0.975,0.650,6.740
SAU,Saudi Arabia,2016,20.873,13629.786,3.507,0.926,0.665,2.662
SAU,Saudi Arabia,2017,20.937,14274.272,3.443,0.768,0.680,0.517
SAU,Saudi Arabia,2018,21.479,14926.477,3.593,0.815,0.695,1.197
SAU,Saudi Arabia,2019,23.245,15634.811,3.502,0.777,0.710,8.606
SAU,Saudi Arabia,2020,21.089,16288.376,3.438,0.828,0.724,-7.732
SAU,Saudi Arabia,2021,22.197,16983.770,3.401,0.906,0.738,6.400
SAU,Saudi Arabia,2022,20.730,17650.764,3.637,0.918,0.752,-4.084
SAU,Saudi Arabia,2023,20.365,18328.205,3.402,0.885,0.765,1.566
SAU,Saudi Arabia,2024,20.379,19020.340,3.445,0.865,0.778,2.169
SEN,Senegal,2000,0.391,97.853,0.879,0.054,0.053,8.282
SEN,Senegal,2001,0.417,102.111,0.811,0.061,0.053,9.125
SEN,Senegal,2002,0.424,106.548,0.766,0.063,0.053,4.200
SEN,Senegal,2003,0.460,111.475,0.718,0.063,0.052,11.057
SEN,Senegal,2004,0.477,116.714,0.753,0.087,0.052,6.306
SEN,Senegal,2005,0.493,122.253,0.754,0.093,0.052,5.740
SEN,Senegal,2006,0.385,126.682,0.780,0.098,0.052,-20.026
SEN,Senegal,2007,0.441,131.878,0.755,0.104,0.053,17.298
SEN,Senegal,2008,0.393,136.619,0.769,0.098,0.054,-8.770
SEN,Senegal,2009,0.426,141.876,0.778,0.104,0.054,10.914
SEN,Senegal,2010,0.543,148.739,0.781,0.124,0.054,30.522
SEN,Senegal,2011,0.603,156.557,0.779,0.138,0.054,13.938
SEN,Senegal,2012,0.553,163.920,0.743,0.135,0.054,-5.841
SEN,Senegal,2013,0.573,171.772,0.722,0.147,0.054,6.663
SEN,Senegal,2014,0.616,180.497,0.687,0.134,0.054,11.101
SEN,Senegal,2015,0.675,190.342,0.663,0.123,0.054,12.850
SEN,Senegal,2016,0.666,200.355,0.677,0.133,0.055,1.700
SEN,Senegal,2017,0.695,211.112,0.649,0.130,0.055,7.434
SEN,Senegal,2018,0.712,222.442,0.627,0.132,0.055,5.329
SEN,Senegal,2019,0.777,235.154,0.631,0.161,0.055,12.189
SEN,Senegal,2020,0.644,245.974,0.652,0.162,0.055,-14.880
SEN,Senegal,2021,0.715,258.293,0.634,0.169,0.055,13.854
SEN,Senegal,2022,0.801,272.426,0.619,0.176,0.055,14.723
SEN,Senegal,2023,0.779,286.507,0.618,0.171,0.056,-0.360
SEN,Senegal,2024,0.762,300.599,0.615,0.168,0.056,0.071
SRB,Serbia,2000,5.147,1819.039,1.234,0.136,0.164,11.093
SRB,Serbia,2001,5.560,1861.580,1.179,0.156,0.163,7.409
SRB,Serbia,2002,5.972,1907.067,1.184,0.155,0.161,6.924
SRB,Serbia,2003,6.409,1955.715,1.173,0.135,0.160,6.952
SRB,Serbia,2004,6.998,2008.657,1.144,0.146,0.158,8.825
SRB,Serbia,2005,6.640,2058.716,1.055,0.149,0.156,-5.447
SRB,Serbia,2006,7.152,2112.437,1.071,0.169,0.154,7.317
SRB,Serbia,2007,6.970,2164.597,1.087,0.177,0.153,-2.906
SRB,Serbia,2008,6.941,2216.333,1.080,0.188,0.151,-0.811
SRB,Serbia,2009,6.184,2262.253,1.044,0.148,0.149,-11.243
SRB,Serbia,2010,6.178,2307.948,1.035,0.142,0.147,-0.491
SRB,Serbia,2011,6.647,2356.904,1.041,0.140,0.145,7.138
SRB,Serbia,2012,5.975,2400.667,1.026,0.123,0.143,-10.607
SRB,Serbia,2013,6.126,2445.243,1.026,0.108,0.142,1.857
SRB,Serbia,2014,5.165,2482.575,1.013,0.110,0.140,-16.253
SRB,Serbia,2015,6.116,2526.471,1.036,0.114,0.138,17.588
SRB,Serbia,2016,6.342,2571.664,1.033,0.125,0.137,2.952
SRB,Serbia,2017,6.457,2617.337,1.034,0.133,0.135,1.062
SRB,Serbia,2018,6.336,2661.815,1.018,0.147,0.134,-2.615
SRB,Serbia,2019,6.380,2706.259,1.035,0.153,0.133,-0.075
SRB,Serbia,2020,6.566,2751.615,1.082,0.169,0.132,2.051
SRB,Serbia,2021,6.420,2795.501,1.058,0.189,0.131,-3.241
SRB,Serbia,2022,6.547,2839.964,1.042,0.191,0.130,1.313
SRB,Serbia,2023,6.335,2882.871,1.023,0.191,0.128,-3.498
SRB,Serbia,2024,6.238,2924.891,1.024,0.192,0.127,-2.069
SYC,Seychelles,2000,3.825,4.602,0.590,0.000,0.000,4.819
SYC,Seychelles,2001,4.027,4.943,0.584,0.000,0.000,6.897
SYC,Seychelles,2002,4.053,5.291,0.584,0.000,0.000,2.151
SYC,Seychelles,2003,3.914,5.632,0.582,0.000,0.000,-2.105
SYC,Seychelles,2004,4.280,6.009,0.591,0.000,0.000,10.753
SYC,Seychelles,2005,4.268,6.390,0.592,0.000,0.000,0.971
SYC,Seychelles,2006,4.256,6.775,0.603,0.000,0.000,0.962
SYC,Seychelles,2007,4.406,7.178,0.607,0.000,0.000,4.762
SYC,Seychelles,2008,4.473,7.592,0.604,0.000,0.000,2.727
SYC,Seychelles,2009,4.734,8.035,0.604,0.000,0.000,7.080
SYC,Seychelles,2010,4.629,8.475,0.600,0.000,0.000,-0.826
SYC,Seychelles,2011,4.153,8.878,0.596,0.000,0.000,-8.333
SYC,Seychelles,2012,4.195,9.296,0.593,0.000,0.000,3.636
SYC,Seychelles,2013,4.055,9.710,0.589,0.000,0.000,-0.877
SYC,Seychelles,2014,4.376,10.168,0.590,0.000,0.000,10.619
SYC,Seychelles,2015,4.646,10.666,0.589,0.000,0.001,8.800
SYC,Seychelles,2016,5.037,11.219,0.591,0.000,0.001,11.029
SYC,Seychelles,2017,5.116,11.794,0.589,0.000,0.001,3.974
SYC,Seychelles,2018,5.191,12.392,0.580,0.000,0.001,3.822
SYC,Seychelles,2019,5.014,12.982,0.582,0.000,0.001,-1.227
SYC,Seychelles,2020,4.965,13.579,0.582,0.000,0.001,1.242
SYC,Seychelles,2021,4.975,14.191,0.581,0.000,0.001,2.454
SYC,Seychelles,2022,5.010,14.820,0.580,0.000,0.001,2.786
SYC,Seychelles,2023,5.012,15.461,0.580,0.000,0.001,1.967
SYC,Seychelles,2024,5.003,16.113,0.580,0.000,0.001,1.756
SLE,Sierra Leone,2000,0.061,21.508,0.648,0.000,0.057,54.167
SLE,Sierra Leone,2001,0.080,21.881,0.637,0.000,0.059,37.838
SLE,Sierra Leone,2002,0.101,22.383,0.659,0.000,0.061,34.314
SLE,Sierra Leone,2003,0.104,22.922,0.690,0.000,0.063,7.299
SLE,Sierra Leone,2004,0.097,23.442,0.724,0.000,0.064,-3.401
SLE,Sierra Leone,2005,0.079,23.875,0.753,0.000,0.066,-16.901
SLE,Sierra Leone,2006,0.102,24.450,0.841,0.000,0.067,33.051
SLE,Sierra Leone,2007,0.085,24.937,0.718,0.000,0.068,-15.287
SLE,Sierra Leone,2008,0.086,25.443,0.693,0.000,0.068,3.759
SLE,Sierra Leone,2009,0.083,25.945,0.712,0.000,0.068,-0.725
SLE,Sierra Leone,2010,0.088,26.491,0.702,0.000,0.069,8.759
SLE,Sierra Leone,2011,0.112,27.205,0.721,0.000,0.069,30.872
SLE,Sierra Leone,2012,0.127,28.037,0.776,0.000,0.069,16.410
SLE,Sierra Leone,2013,0.157,29.088,0.748,0.000,0.069,26.432
SLE,Sierra Leone,2014,0.164,30.217,0.762,0.000,0.068,7.317
SLE,Sierra Leone,2015,0.154,31.301,0.711,0.000,0.068,-3.931
SLE,Sierra Leone,2016,0.158,32.441,0.721,0.000,0.068,5.106
SLE,Sierra Leone,2017,0.148,33.536,0.695,0.000,0.067,-3.859
SLE,Sierra Leone,2018,0.137,34.573,0.767,0.000,0.067,-5.351
SLE,Sierra Leone,2019,0.145,35.691,0.629,0.000,0.067,7.774
SLE,Sierra Leone,2020,0.150,36.878,0.624,0.000,0.066,6.230
SLE,Sierra Leone,2021,0.183,38.361,0.690,0.000,0.066,24.974
SLE,Sierra Leone,2022,0.174,39.805,0.624,0.000,0.066,-2.696
SLE,Sierra Leone,2023,0.163,41.185,0.615,0.000,0.065,-4.377
SLE,Sierra Leone,2024,0.166,42.620,0.627,0.000,0.065,3.901
SGP,Singapore,2000,9.261,1155.417,0.478,0.000,0.058,-24.048
SGP,Singapore,2001,9.359,1193.942,0.538,0.000,0.059,3.095
SGP,Singapore,2002,9.696,1234.150,0.590,0.000,0.060,4.369
SGP,Singapore,2003,9.553,1273.684,0.656,0.000,0.061,-1.677
SGP,Singapore,2004,9.826,1314.684,0.725,0.000,0.062,3.708
SGP,Singapore,2005,9.278,1354.284,0.733,0.000,0.063,-3.415
SGP,Singapore,2006,9.212,1394.884,0.725,0.000,0.063,2.525
SGP,Singapore,2007,8.942,1435.984,0.720,0.000,0.064,1.232
SGP,Singapore,2008,8.363,1476.184,0.666,0.000,0.065,-2.190
SGP,Singapore,2009,8.212,1516.984,0.636,0.000,0.066,1.493
SGP,Singapore,2010,8.745,1561.384,0.721,0.000,0.067,8.824
SGP,Singapore,2011,9.069,1608.384,0.717,0.000,0.067,5.856
SGP,Singapore,2012,8.709,1654.484,0.709,0.000,0.068,-1.915
SGP,Singapore,2013,8.727,1701.484,0.808,0.000,0.069,1.952
SGP,Singapore,2014,8.721,1749.084,0.830,0.000,0.070,1.277
SGP,Singapore,2015,8.941,1798.484,0.854,0.000,0.071,3.782
SGP,Singapore,2016,8.803,1847.584,0.804,0.000,0.072,-0.607
SGP,Singapore,2017,8.940,1897.684,0.881,0.000,0.072,2.037
SGP,Singapore,2018,8.927,1947.984,0.875,0.000,0.073,0.399
SGP,Singapore,2019,8.643,1996.984,0.894,0.000,0.074,-2.584
SGP,Singapore,2020,8.309,2043.684,0.863,0.000,0.075,-4.694
SGP,Singapore,2021,9.033,2093.784,0.922,0.000,0.076,7.281
SGP,Singapore,2022,8.661,2142.718,0.943,0.000,0.076,-2.328
SGP,Singapore,2023,8.821,2193.786,0.999,0.000,0.077,4.360
SGP,Singapore,2024,9.245,2247.705,0.995,0.000,0.078,5.584
SXM,Sint Maarten (Dutch part),2000,17.943,46.736,,0.000,0.002,165.338
SXM,Sint Maarten (Dutch part),2001,18.298,47.299,,0.000,0.002,1.829
SXM,Sint Maarten (Dutch part),2002,17.507,47.842,,0.000,0.002,-3.592
SXM,Sint Maarten (Dutch part),2003,17.317,48.384,,0.000,0.002,0.067
SXM,Sint Maarten (Dutch part),2004,17.958,48.954,,0.000,0.002,4.920
SXM,Sint Maarten (Dutch part),2005,17.594,49.518,,0.000,0.002,-0.887
SXM,Sint Maarten (Dutch part),2006,18.131,50.107,,0.000,0.002,4.220
SXM,Sint Maarten (Dutch part),2007,20.185,50.769,,0.000,0.002,12.577
SXM,Sint Maarten (Dutch part),2008,19.208,51.406,,0.000,0.002,-3.815
SXM,Sint Maarten (Dutch part),2009,19.449,52.058,,0.000,0.002,2.323
SXM,Sint Maarten (Dutch part),2010,13.278,52.507,,0.000,0.002,-31.118
SXM,Sint Maarten (Dutch part),2011,16.705,53.080,,0.000,0.002,27.572
SXM,Sint Maarten (Dutch part),2012,19.972,53.779,,0.000,0.002,22.180
SXM,Sint Maarten (Dutch part),2013,19.918,54.494,,0.000,0.002,2.094
SXM,Sint Maarten (Dutch part),2014,19.770,55.219,,0.000,0.002,1.538
SXM,Sint Maarten (Dutch part),2015,19.840,55.963,,0.000,0.002,2.525
SXM,Sint Maarten (Dutch part),2016,19.529,56.711,,0.000,0.002,0.493
SXM,Sint Maarten (Dutch part),2017,18.033,57.414,,0.000,0.002,-5.882
SXM,Sint Maarten (Dutch part),2018,17.243,58.099,,0.000,0.002,-2.604
SXM,Sint Maarten (Dutch part),2019,17.046,58.788,,0.000,0.002,0.535
SXM,Sint Maarten (Dutch part),2020,15.897,59.440,,0.000,0.002,-5.319
SXM,Sint Maarten (Dutch part),2021,16.385,60.122,,0.000,0.002,4.494
SXM,Sint Maarten (Dutch part),2022,16.424,60.814,,0.000,0.002,1.613
SXM,Sint Maarten (Dutch part),2023,16.157,61.505,,0.000,0.002,-0.202
SXM,Sint Maarten (Dutch part),2024,16.546,62.223,,0.000,0.002,3.842
SVK,Slovakia,2000,7.656,3136.763,1.243,0.221,0.176,-4.413
SVK,Slovakia,2001,8.044,3180.036,1.247,0.225,0.175,5.064
SVK,Slovakia,2002,7.816,3222.070,1.226,0.217,0.174,-2.863
SVK,Slovakia,2003,7.879,3264.429,1.248,0.171,0.173,0.774
SVK,Slovakia,2004,7.972,3307.285,1.251,0.226,0.171,1.174
SVK,Slovakia,2005,7.971,3350.143,1.228,0.234,0.170,0.002
SVK,Slovakia,2006,7.930,3392.782,1.249,0.258,0.169,-0.508
SVK,Slovakia,2007,7.631,3433.814,1.264,0.276,0.167,-3.770
SVK,Slovakia,2008,7.701,3475.240,1.250,0.298,0.166,0.959
SVK,Slovakia,2009,6.997,3512.921,1.234,0.225,0.165,-9.038
SVK,Slovakia,2010,7.134,3551.385,1.192,0.159,0.164,2.079
SVK,Slovakia,2011,7.048,3589.430,1.185,0.234,0.163,-1.090
SVK,Slovakia,2012,6.654,3625.391,1.112,0.203,0.162,-5.477
SVK,Slovakia,2013,6.584,3661.013,1.094,0.210,0.161,-0.945
SVK,Slovakia,2014,6.225,3694.721,1.032,0.234,0.160,-5.372
SVK,Slovakia,2015,6.370,3729.249,1.053,0.241,0.159,2.432
SVK,Slovakia,2016,6.445,3764.227,1.070,0.247,0.159,1.302
SVK,Slovakia,2017,6.657,3800.411,1.078,0.251,0.158,3.449
SVK,Slovakia,2018,6.648,3836.595,1.047,0.247,0.156,0.000
SVK,Slovakia,2019,6.211,3870.448,1.048,0.258,0.155,-6.442
SVK,Slovakia,2020,5.715,3901.624,1.060,0.265,0.153,-7.908
SVK,Slovakia,2021,6.477,3936.875,1.098,0.267,0.152,13.071
SVK,Slovakia,2022,5.772,3968.465,1.057,0.272,0.150,-10.388
SVK,Slovakia,2023,5.576,3999.231,1.038,0.235,0.148,-2.606
SVK,Slovakia,2024,5.283,4028.322,1.054,0.235,0.147,-5.445
SVN,Slovenia,2000,7.580,547.443,1.813,0.247,0.048,-2.328
SVN,Slovenia,2001,8.197,563.752,1.823,0.254,0.048,8.296
SVN,Slovenia,2002,8.321,580.323,1.921,0.223,0.048,1.605
SVN,Slovenia,2003,8.170,596.601,1.950,0.227,0.048,-1.767
SVN,Slovenia,2004,8.382,613.312,1.906,0.237,0.048,2.658
SVN,Slovenia,2005,8.484,630.254,1.912,0.244,0.047,1.384
SVN,Slovenia,2006,8.579,647.438,1.912,0.255,0.047,1.429
SVN,Slovenia,2007,8.614,664.787,1.833,0.270,0.047,0.960
SVN,Slovenia,2008,9.029,683.072,1.855,0.293,0.047,5.392
SVN,Slovenia,2009,7.963,699.281,1.791,0.207,0.047,-11.349
SVN,Slovenia,2010,8.053,715.747,1.706,0.175,0.047,1.580
SVN,Slovenia,2011,7.987,732.111,1.659,0.149,0.047,-0.615
SVN,Slovenia,2012,7.678,747.876,1.609,0.154,0.047,-3.661
SVN,Slovenia,2013,7.361,763.013,1.540,0.190,0.046,-3.985
SVN,Slovenia,2014,6.592,776.581,1.389,0.203,0.046,-10.362
SVN,Slovenia,2015,6.631,790.240,1.434,0.178,0.046,0.666
SVN,Slovenia,2016,7.019,804.708,1.404,0.167,0.046,5.925
SVN,Slovenia,2017,7.097,819.345,1.421,0.199,0.046,1.169
SVN,Slovenia,2018,7.037,833.908,1.376,0.217,0.045,-0.504
SVN,Slovenia,2019,6.745,847.961,1.367,0.229,0.045,-3.504
SVN,Slovenia,2020,6.123,860.834,1.345,0.226,0.045,-8.397
SVN,Slovenia,2021,6.187,873.910,1.265,0.222,0.045,1.578
SVN,Slovenia,2022,6.017,886.638,1.196,0.232,0.044,-2.664
SVN,Slovenia,2023,5.670,898.650,1.160,0.215,0.044,-5.623
SVN,Slovenia,2024,6.018,911.402,1.106,0.215,0.044,6.152
SLB,Solomon Islands,2000,0.516,4.441,0.370,0.000,0.003,3.333
SLB,Solomon Islands,2001,0.530,4.679,0.360,0.000,0.003,4.839
SLB,Solomon Islands,2002,0.536,4.924,0.360,0.000,0.003,3.077
SLB,Solomon Islands,2003,0.550,5.181,0.364,0.000,0.003,4.478
SLB,Solomon Islands,2004,0.579,5.456,0.371,0.000,0.003,7.143
SLB,Solomon Islands,2005,0.584,5.738,0.376,0.000,0.003,2.667
SLB,Solomon Islands,2006,0.596,6.031,0.381,0.000,0.003,3.896
SLB,Solomon Islands,2007,0.601,6.331,0.384,0.000,0.003,2.500
SLB,Solomon Islands,2008,0.612,6.643,0.391,0.000,0.003,3.659
SLB,Solomon Islands,2009,0.622,6.965,0.391,0.000,0.003,3.529
SLB,Solomon Islands,2010,0.626,7.299,0.391,0.000,0.003,3.409
SLB,Solomon Islands,2011,0.629,7.647,0.389,0.000,0.003,4.396
SLB,Solomon Islands,2012,0.600,7.991,0.387,0.000,0.003,-1.053
SLB,Solomon Islands,2013,0.634,8.369,0.387,0.000,0.004,9.574
SLB,Solomon Islands,2014,0.535,8.698,0.383,0.000,0.004,-12.621
SLB,Solomon Islands,2015,0.464,8.995,0.378,0.000,0.004,-10.000
SLB,Solomon Islands,2016,0.443,9.288,0.373,0.000,0.004,-1.235
SLB,Solomon Islands,2017,0.422,9.578,0.369,0.000,0.004,-1.250
SLB,Solomon Islands,2018,0.413,9.871,0.365,0.000,0.004,1.266
SLB,Solomon Islands,2019,0.408,10.168,0.363,0.000,0.004,1.250
SLB,Solomon Islands,2020,0.394,10.461,0.362,0.000,0.004,-1.235
SLB,Solomon Islands,2021,0.380,10.750,0.361,0.000,0.004,-1.250
SLB,Solomon Islands,2022,0.362,11.033,0.360,0.000,0.004,-2.197
SLB,Solomon Islands,2023,0.352,11.315,0.358,0.000,0.004,-0.472
SLB,Solomon Islands,2024,0.360,11.610,0.357,0.000,0.004,4.574
SOM,Somalia,2000,0.058,20.788,2.536,0.000,0.093,4.511
SOM,Somalia,2001,0.059,21.330,2.475,0.000,0.093,6.475
SOM,Somalia,2002,0.060,21.905,2.424,0.000,0.094,6.081
SOM,Somalia,2003,0.061,22.510,2.381,0.000,0.094,5.096
SOM,Somalia,2004,0.061,23.136,2.327,0.000,0.094,3.636
SOM,Somalia,2005,0.061,23.785,2.293,0.000,0.094,3.509
SOM,Somalia,2006,0.061,24.455,2.165,0.000,0.094,3.390
SOM,Somalia,2007,0.061,25.148,2.018,0.000,0.094,3.279
SOM,Somalia,2008,0.062,25.870,1.994,0.000,0.094,4.233
SOM,Somalia,2009,0.062,26.614,1.972,0.000,0.094,3.046
SOM,Somalia,2010,0.063,27.390,1.943,0.000,0.094,4.434
SOM,Somalia,2011,0.066,28.200,1.952,0.000,0.094,4.245
SOM,Somalia,2012,0.067,29.032,1.951,0.000,0.094,2.715
SOM,Somalia,2013,0.067,29.889,1.892,0.000,0.094,3.084
SOM,Somalia,2014,0.066,30.776,1.833,0.000,0.094,3.419
SOM,Somalia,2015,0.067,31.699,1.764,0.000,0.094,4.132
SOM,Somalia,2016,0.067,32.655,1.707,0.000,0.094,3.571
SOM,Somalia,2017,0.067,33.648,1.644,0.000,0.094,3.831
SOM,Somalia,2018,0.067,34.682,1.604,0.000,0.093,4.059
SOM,Somalia,2019,0.067,35.752,1.568,0.000,0.093,3.546
SOM,Somalia,2020,0.068,36.891,1.525,0.000,0.093,6.507
SOM,Somalia,2021,0.067,38.045,1.456,0.000,0.093,1.286
SOM,Somalia,2022,0.071,39.317,1.418,0.000,0.092,10.159
SOM,Somalia,2023,0.071,40.613,1.377,0.000,0.092,1.967
SOM,Somalia,2024,0.069,41.932,1.330,0.000,0.092,1.756
ZAF,South Africa,2000,8.022,12148.073,1.654,0.078,0.928,0.924
ZAF,South Africa,2001,7.812,12519.675,1.630,0.076,0.935,-1.779
ZAF,South Africa,2002,7.424,12876.177,1.612,0.088,0.940,-4.064
ZAF,South Africa,2003,8.338,13280.583,1.649,0.092,0.946,13.438
ZAF,South Africa,2004,9.171,13729.903,1.645,0.088,0.952,11.107
ZAF,South Africa,2005,8.410,14146.108,1.654,0.102,0.957,-7.370
ZAF,South Africa,2006,8.935,14592.853,1.628,0.107,0.962,7.338
ZAF,South Africa,2007,9.203,15057.887,1.642,0.109,0.968,4.094
ZAF,South Africa,2008,9.678,15552.559,1.665,0.105,0.974,6.373
ZAF,South Africa,2009,9.173,16027.071,1.628,0.108,0.979,-4.075
ZAF,South Africa,2010,8.928,16494.424,1.616,0.096,0.983,-1.509
ZAF,South Africa,2011,8.949,16968.697,1.594,0.088,0.986,1.481
ZAF,South Africa,2012,8.580,17430.135,1.634,0.086,0.988,-2.706
ZAF,South Africa,2013,8.343,17886.322,1.605,0.089,0.991,-1.138
ZAF,South Africa,2014,8.663,18367.961,1.592,0.088,0.994,5.579
ZAF,South Africa,2015,8.065,18825.436,1.540,0.096,0.995,-5.017
ZAF,South Africa,2016,7.982,19282.482,1.498,0.099,0.997,-0.093
ZAF,South Africa,2017,7.634,19722.494,1.512,0.095,0.997,-3.728
ZAF,South Africa,2018,7.742,20176.262,1.469,0.093,0.998,3.126
ZAF,South Africa,2019,7.900,20646.988,1.433,0.092,0.998,3.738
ZAF,South Africa,2020,7.188,21082.285,1.379,0.084,0.998,-7.527
ZAF,South Africa,2021,7.145,21521.750,1.327,0.095,0.998,0.957
ZAF,South Africa,2022,6.874,21950.531,1.302,0.090,0.996,-2.431
ZAF,South Africa,2023,6.907,22387.137,1.283,0.089,0.995,1.824
ZAF,South Africa,2024,6.872,22826.967,1.239,0.088,0.993,0.739
KOR,South Korea,2000,9.408,6858.890,0.638,0.529,0.399,7.177
KOR,South Korea,2001,9.685,7314.521,0.628,0.546,0.412,3.557
KOR,South Korea,2002,10.065,7790.586,0.585,0.573,0.424,4.485
KOR,South Korea,2003,10.212,8275.799,0.585,0.588,0.435,1.922
KOR,South Korea,2004,10.302,8767.188,0.591,0.548,0.447,1.273
KOR,South Korea,2005,10.422,9265.876,0.593,0.487,0.457,1.485
KOR,South Korea,2006,10.488,9769.354,0.603,0.482,0.467,0.960
KOR,South Korea,2007,10.829,10291.063,0.607,0.545,0.478,3.621
KOR,South Korea,2008,11.015,10823.714,0.544,0.539,0.488,2.097
KOR,South Korea,2009,11.078,11361.534,0.555,0.506,0.498,0.970
KOR,South Korea,2010,12.187,11955.873,0.563,0.498,0.510,10.509
KOR,South Korea,2011,12.690,12579.315,0.561,0.503,0.522,4.897
KOR,South Korea,2012,12.660,13207.259,0.570,0.501,0.533,0.722
KOR,South Korea,2013,12.674,13841.840,0.566,0.500,0.545,1.057
KOR,South Korea,2014,12.453,14471.206,0.567,0.503,0.557,-0.822
KOR,South Korea,2015,12.439,15105.384,0.575,0.506,0.568,0.764
KOR,South Korea,2016,12.435,15743.298,0.572,0.520,0.579,0.589
KOR,South Korea,2017,12.713,16397.834,0.579,0.512,0.591,2.606
KOR,South Korea,2018,12.977,17068.004,0.581,0.478,0.602,2.388
KOR,South Korea,2019,12.481,17714.105,0.582,0.482,0.612,-3.591
KOR,South Korea,2020,11.524,18311.740,0.636,0.441,0.621,-7.502
KOR,South Korea,2021,11.882,18927.814,0.704,0.457,0.631,3.086
KOR,South Korea,2022,11.720,19534.691,0.717,0.452,0.639,-1.493
KOR,South Korea,2023,11.385,20123.871,0.704,0.439,0.647,-2.916
KOR,South Korea,2024,11.286,20707.549,0.767,0.398,0.655,-0.933
SSD,South Sudan,2000,0.074,13.490,5.127,0.000,0.155,8.730
SSD,South Sudan,2001,0.081,14.002,4.092,0.000,0.155,15.063
SSD,South Sudan,2002,0.099,14.654,4.366,0.000,0.156,27.451
SSD,South Sudan,2003,0.106,15.382,4.189,0.000,0.157,11.719
SSD,South Sudan,2004,0.127,16.302,4.118,0.000,0.157,26.367
SSD,South Sudan,2005,0.116,17.184,4.099,0.000,0.158,-4.199
SSD,South Sudan,2006,0.121,18.149,3.621,0.000,0.159,9.502
SSD,South Sudan,2007,0.135,19.284,3.745,0.000,0.160,17.476
SSD,South Sudan,2008,0.136,20.481,3.513,0.000,0.161,5.618
SSD,South Sudan,2009,0.135,21.729,3.445,0.000,0.162,4.162
SSD,South Sudan,2010,0.130,22.999,3.028,0.000,0.162,1.749
SSD,South Sudan,2011,0.120,24.237,2.954,0.000,0.163,-2.440
SSD,South Sudan,2012,0.124,25.567,2.939,0.000,0.163,7.383
SSD,South Sudan,2013,0.129,27.011,2.802,0.000,0.163,8.540
SSD,South Sudan,2014,0.133,28.510,2.823,0.000,0.162,3.807
SSD,South Sudan,2015,0.172,30.422,2.874,0.000,0.162,27.628
SSD,South Sudan,2016,0.157,32.126,2.989,0.000,0.162,-10.920
SSD,South Sudan,2017,0.142,33.581,3.025,0.000,0.161,-14.624
SSD,South Sudan,2018,0.172,35.317,3.412,0.000,0.160,19.395
SSD,South Sudan,2019,0.170,37.087,2.861,0.000,0.159,1.899
SSD,South Sudan,2020,0.160,38.794,3.133,0.000,0.158,-3.520
SSD,South Sudan,2021,0.160,40.535,2.951,0.000,0.158,1.931
SSD,South Sudan,2022,0.148,42.169,2.797,0.000,0.157,-6.105
SSD,South Sudan,2023,0.145,43.835,2.692,0.000,0.156,1.967
SSD,South Sudan,2024,0.142,45.531,2.619,0.000,0.154,1.756
ESP,Spain,2000,7.539,8864.125,1.115,0.359,0.585,4.119
ESP,Spain,2001,7.541,9175.155,1.132,0.364,0.591,0.573
ESP,Spain,2002,7.928,9506.185,1.131,0.372,0.597,6.429
ESP,Spain,2003,7.894,9841.724,1.108,0.377,0.603,1.363
ESP,Spain,2004,8.145,10193.862,1.088,0.377,0.608,4.947
ESP,Spain,2005,8.359,10561.310,1.067,0.382,0.614,4.347
ESP,Spain,2006,8.029,10920.179,1.046,0.375,0.619,-2.334
ESP,Spain,2007,8.051,11286.647,1.048,0.370,0.624,2.117
ESP,Spain,2008,7.252,11621.932,1.004,0.311,0.627,-8.509
ESP,Spain,2009,6.351,11918.091,1.055,0.244,0.630,-11.669
ESP,Spain,2010,6.033,12200.677,1.015,0.239,0.631,-4.583
ESP,Spain,2011,6.027,12483.951,0.996,0.203,0.632,0.244
ESP,Spain,2012,5.901,12761.383,0.962,0.186,0.631,-2.063
ESP,Spain,2013,5.380,13013.493,0.924,0.163,0.630,-9.128
ESP,Spain,2014,5.429,13267.150,0.946,0.190,0.629,0.614
ESP,Spain,2015,5.789,13537.398,0.975,0.197,0.629,6.540
ESP,Spain,2016,5.554,13796.953,0.966,0.201,0.628,-3.957
ESP,Spain,2017,5.835,14070.437,0.963,0.202,0.627,5.367
ESP,Spain,2018,5.702,14338.957,0.978,0.205,0.626,-1.815
ESP,Spain,2019,5.285,14589.632,0.960,0.191,0.624,-6.646
ESP,Spain,2020,4.441,14801.396,0.965,0.172,0.622,-15.522
ESP,Spain,2021,4.793,15030.201,0.962,0.177,0.620,8.047
ESP,Spain,2022,4.897,15264.425,0.941,0.161,0.618,2.368
ESP,Spain,2023,4.497,15479.886,0.932,0.156,0.615,-8.011
ESP,Spain,2024,4.599,15700.227,0.931,0.164,0.612,2.265
LKA,Sri Lanka,2000,0.518,186.706,0.463,0.013,0.118,19.198
LKA,Sri Lanka,2001,0.518,196.864,0.444,0.014,0.117,1.675
LKA,Sri Lanka,2002,0.545,207.651,0.445,0.012,0.117,6.193
LKA,Sri Lanka,2003,0.539,218.412,0.459,0.014,0.116,-0.235
LKA,Sri Lanka,2004,0.593,230.320,0.436,0.016,0.116,10.657
LKA,Sri Lanka,2005,0.577,241.990,0.468,0.016,0.115,-2.003
LKA,Sri Lanka,2006,0.565,253.493,0.467,0.016,0.114,-1.429
LKA,Sri Lanka,2007,0.578,265.337,0.456,0.017,0.114,2.962
LKA,Sri Lanka,2008,0.565,276.985,0.494,0.017,0.114,-1.650
LKA,Sri Lanka,2009,0.606,289.558,0.474,0.017,0.114,7.934
LKA,Sri Lanka,2010,0.608,302.254,0.503,0.015,0.113,0.989
LKA,Sri Lanka,2011,0.689,316.730,0.491,0.016,0.113,14.015
LKA,Sri Lanka,2012,0.727,332.120,0.493,0.017,0.112,6.308
LKA,Sri Lanka,2013,0.662,346.263,0.501,0.017,0.112,-8.098
LKA,Sri Lanka,2014,0.792,363.339,0.449,0.017,0.111,20.737
LKA,Sri Lanka,2015,0.883,382.518,0.490,0.017,0.110,12.315
LKA,Sri Lanka,2016,1.020,404.857,0.469,0.017,0.110,16.477
LKA,Sri Lanka,2017,1.004,427.025,0.420,0.017,0.110,-0.766
LKA,Sri Lanka,2018,0.905,447.162,0.459,0.016,0.109,-9.163
LKA,Sri Lanka,2019,0.942,468.267,0.445,0.017,0.109,4.811
LKA,Sri Lanka,2020,0.905,488.680,0.462,0.016,0.108,-3.284
LKA,Sri Lanka,2021,0.917,509.503,0.472,0.016,0.108,2.012
LKA,Sri Lanka,2022,0.805,527.880,0.468,0.022,0.107,-11.747
LKA,Sri Lanka,2023,0.834,547.046,0.471,0.022,0.107,4.294
LKA,Sri Lanka,2024,0.901,567.871,0.480,0.022,0.107,8.659
SDN,Sudan,2000,0.190,154.459,1.908,0.002,0.195,11.322
SDN,Sudan,2001,0.211,160.477,1.896,0.003,0.199,13.719
SDN,Sudan,2002,0.261,168.111,1.909,0.003,0.204,26.856
SDN,Sudan,2003,0.285,176.626,1.924,0.004,0.209,11.551
SDN,Sudan,2004,0.356,187.492,1.910,0.004,0.214,27.605
SDN,Sudan,2005,0.338,198.050,1.901,0.004,0.219,-2.833
SDN,Sudan,2006,0.361,209.595,1.865,0.002,0.223,9.343
SDN,Sudan,2007,0.414,223.159,1.859,0.004,0.227,17.490
SDN,Sudan,2008,0.422,237.338,1.821,0.003,0.232,4.535
SDN,Sudan,2009,0.428,252.143,1.793,0.007,0.236,4.417
SDN,Sudan,2010,0.426,267.213,1.749,0.021,0.240,1.788
SDN,Sudan,2011,0.407,281.925,1.680,0.032,0.246,-2.379
SDN,Sudan,2012,0.427,297.688,1.688,0.036,0.249,7.148
SDN,Sudan,2013,0.460,315.062,1.673,0.036,0.252,10.222
SDN,Sudan,2014,0.337,328.157,1.643,0.035,0.253,-24.631
SDN,Sudan,2015,0.356,342.403,1.616,0.036,0.255,8.795
SDN,Sudan,2016,0.478,362.141,1.581,0.038,0.257,38.541
SDN,Sudan,2017,0.475,382.447,1.544,0.036,0.259,2.882
SDN,Sudan,2018,0.464,402.963,1.504,0.035,0.260,1.033
SDN,Sudan,2019,0.483,424.970,1.476,0.034,0.260,7.268
SDN,Sudan,2020,0.423,444.770,1.460,,0.261,-10.029
SDN,Sudan,2021,0.400,463.978,1.432,,0.261,-2.989
SDN,Sudan,2022,0.355,481.506,1.395,,0.261,-8.744
SDN,Sudan,2023,0.354,499.222,1.379,,0.261,1.066
SDN,Sudan,2024,0.353,517.017,1.381,,0.261,0.448
SUR,Suriname,2000,4.601,71.715,1.791,0.057,0.011,3.274
SUR,Suriname,2001,4.857,74.078,1.855,0.061,0.011,7.782
SUR,Suriname,2002,3.143,75.639,1.509,0.059,0.011,-33.961
SUR,Suriname,2003,3.038,77.178,1.647,0.058,0.011,-1.417
SUR,Suriname,2004,3.022,78.731,1.604,0.056,0.011,0.940
SUR,Suriname,2005,3.054,80.317,1.511,0.055,0.011,2.111
SUR,Suriname,2006,3.314,82.057,1.539,0.055,0.010,9.714
SUR,Suriname,2007,3.311,83.815,1.528,0.054,0.010,1.034
SUR,Suriname,2008,3.613,85.756,1.593,0.053,0.011,10.406
SUR,Suriname,2009,3.659,87.745,1.765,0.040,0.011,2.480
SUR,Suriname,2010,4.319,90.120,1.731,0.035,0.011,19.422
SUR,Suriname,2011,4.958,92.878,1.773,0.057,0.011,16.105
SUR,Suriname,2012,4.432,95.372,1.694,0.082,0.011,-9.578
SUR,Suriname,2013,5.538,98.523,1.724,0.091,0.011,26.371
SUR,Suriname,2014,5.563,101.724,1.760,0.048,0.011,1.571
SUR,Suriname,2015,4.666,104.438,1.706,0.048,0.011,-15.224
SUR,Suriname,2016,4.957,107.351,1.708,0.014,0.011,7.367
SUR,Suriname,2017,4.093,109.782,1.657,0.020,0.011,-16.590
SUR,Suriname,2018,3.491,111.875,1.595,0.020,0.011,-13.871
SUR,Suriname,2019,4.345,114.507,1.653,0.033,0.011,25.762
SUR,Suriname,2020,4.772,117.429,1.592,0.033,0.011,10.998
SUR,Suriname,2021,4.284,120.076,1.562,0.032,0.011,-9.406
SUR,Suriname,2022,4.537,122.903,1.525,0.032,0.011,6.822
SUR,Suriname,2023,4.561,125.772,1.490,0.032,0.011,1.450
SUR,Suriname,2024,4.709,128.760,1.450,0.031,0.011,4.155
SWE,Sweden,2000,6.187,4015.083,1.235,0.145,0.309,-1.867
SWE,Sweden,2001,6.270,4070.866,1.230,0.150,0.307,1.621
SWE,Sweden,2002,6.345,4127.500,1.251,0.143,0.305,1.526
SWE,Sweden,2003,6.387,4184.720,1.252,0.135,0.302,1.037
SWE,Sweden,2004,6.274,4241.148,1.283,0.143,0.300,-1.387
SWE,Sweden,2005,5.957,4294.936,1.085,0.146,0.297,-4.679
SWE,Sweden,2006,5.908,4348.586,1.090,0.159,0.295,-0.254
SWE,Sweden,2007,5.780,4401.465,1.050,0.146,0.292,-1.439
SWE,Sweden,2008,5.506,4452.230,1.012,0.151,0.289,-3.997
SWE,Sweden,2009,5.070,4499.374,0.996,0.136,0.286,-7.135
SWE,Sweden,2010,5.654,4552.402,0.948,0.141,0.284,12.484
SWE,Sweden,2011,5.198,4601.516,0.940,0.144,0.281,-7.382
SWE,Sweden,2012,4.896,4648.123,0.926,0.155,0.278,-5.104
SWE,Sweden,2013,4.698,4693.229,0.888,0.146,0.275,-3.221
SWE,Sweden,2014,4.474,4736.614,0.848,0.144,0.271,-3.816
SWE,Sweden,2015,4.420,4779.924,0.820,0.157,0.268,-0.172
SWE,Sweden,2016,4.364,4823.232,0.809,0.157,0.266,-0.004
SWE,Sweden,2017,4.211,4865.588,0.805,0.148,0.263,-2.200
SWE,Sweden,2018,4.113,4907.444,0.790,0.158,0.260,-1.179
SWE,Sweden,2019,3.967,4948.216,0.772,0.132,0.257,-2.589
SWE,Sweden,2020,3.537,4984.838,0.769,0.123,0.255,-10.179
SWE,Sweden,2021,3.703,5023.407,0.762,0.121,0.252,5.313
SWE,Sweden,2022,3.465,5059.749,0.757,0.118,0.249,-5.771
SWE,Sweden,2023,3.479,5096.457,0.751,0.110,0.247,1.008
SWE,Sweden,2024,3.592,5134.554,0.747,0.113,0.244,3.781
CHE,Switzerland,2000,6.072,2188.997,0.811,0.237,0.127,-1.858
CHE,Switzerland,2001,6.239,2234.082,0.811,0.240,0.127,3.357
CHE,Switzerland,2002,5.972,2277.549,0.793,0.230,0.126,-3.588
CHE,Switzerland,2003,6.089,2322.200,0.770,0.223,0.126,2.723
CHE,Switzerland,2004,6.125,2367.431,0.759,0.234,0.125,1.300
CHE,Switzerland,2005,6.159,2413.207,0.764,0.246,0.125,1.205
CHE,Switzerland,2006,6.066,2458.572,0.764,0.245,0.124,-0.898
CHE,Switzerland,2007,5.746,2501.931,0.756,0.247,0.124,-4.421
CHE,Switzerland,2008,5.850,2546.632,0.766,0.240,0.123,3.094
CHE,Switzerland,2009,5.625,2590.158,0.708,0.236,0.122,-2.629
CHE,Switzerland,2010,5.755,2635.192,0.706,0.247,0.122,3.464
CHE,Switzerland,2011,5.177,2676.165,0.691,0.240,0.121,-9.016
CHE,Switzerland,2012,5.281,2718.407,0.685,0.223,0.120,3.097
CHE,Switzerland,2013,5.337,2761.590,0.682,0.224,0.120,2.227
CHE,Switzerland,2014,4.792,2800.834,0.677,0.227,0.119,-9.121
CHE,Switzerland,2015,4.678,2839.590,0.674,0.205,0.118,-1.244
CHE,Switzerland,2016,4.684,2878.815,0.672,0.209,0.118,1.209
CHE,Switzerland,2017,4.523,2917.049,0.669,0.206,0.117,-2.526
CHE,Switzerland,2018,4.338,2953.994,0.669,0.202,0.116,-3.371
CHE,Switzerland,2019,4.293,2990.816,0.663,0.200,0.116,-0.332
CHE,Switzerland,2020,3.975,3025.160,0.662,0.192,0.115,-6.732
CHE,Switzerland,2021,4.123,3061.062,0.671,0.197,0.115,4.540
CHE,Switzerland,2022,3.748,3094.013,0.669,0.190,0.114,-8.222
CHE,Switzerland,2023,3.605,3125.990,0.671,0.170,0.113,-2.953
CHE,Switzerland,2024,3.595,3158.062,0.675,0.169,0.113,0.295
SYR,Syria,2000,3.277,996.815,2.034,0.129,0.144,-1.814
SYR,Syria,2001,3.011,1048.158,1.559,0.134,0.147,-5.839
SYR,Syria,2002,2.331,1088.885,1.256,0.121,0.148,-20.677
SYR,Syria,2003,3.096,1144.262,1.223,0.120,0.149,35.972
SYR,Syria,2004,2.819,1195.953,1.091,0.114,0.150,-6.656
SYR,Syria,2005,2.719,1247.115,1.091,0.109,0.151,-1.025
SYR,Syria,2006,2.752,1301.155,0.999,0.106,0.152,5.626
SYR,Syria,2007,3.207,1368.128,0.948,0.103,0.153,23.931
SYR,Syria,2008,3.147,1436.212,0.844,0.103,0.153,1.660
SYR,Syria,2009,2.879,1499.473,0.896,0.098,0.152,-7.084
SYR,Syria,2010,2.760,1561.530,0.854,0.111,0.151,-1.903
SYR,Syria,2011,2.582,1620.609,0.814,0.090,0.149,-4.801
SYR,Syria,2012,2.036,1666.947,0.596,0.108,0.146,-21.564
SYR,Syria,2013,1.581,1701.204,0.493,0.074,0.142,-26.073
SYR,Syria,2014,1.720,1736.073,0.491,0.037,0.138,1.789
SYR,Syria,2015,1.602,1767.188,0.489,0.038,0.133,-10.766
SYR,Syria,2016,1.519,1796.350,0.484,0.052,0.129,-6.278
SYR,Syria,2017,1.793,1830.824,0.457,0.045,0.125,18.214
SYR,Syria,2018,1.623,1862.595,0.359,0.037,0.121,-7.838
SYR,Syria,2019,1.645,1896.087,0.342,0.041,0.117,5.414
SYR,Syria,2020,1.537,1928.431,0.335,0.047,0.113,-3.425
SYR,Syria,2021,1.503,1960.940,0.304,0.063,0.110,0.507
SYR,Syria,2022,1.399,1992.363,0.282,0.054,0.108,-3.338
SYR,Syria,2023,1.342,2024.037,0.273,0.051,0.105,0.797
SYR,Syria,2024,1.288,2055.815,0.249,0.049,0.103,0.331
TWN,Taiwan,2000,10.161,3636.790,0.525,0.395,0.188,9.091
TWN,Taiwan,2001,10.310,3868.221,0.567,0.405,0.195,1.982
TWN,Taiwan,2002,10.572,4106.789,0.560,0.433,0.202,3.083
TWN,Taiwan,2003,10.992,4355.917,0.568,0.411,0.209,4.427
TWN,Taiwan,2004,11.403,4615.284,0.578,0.420,0.216,4.110
TWN,Taiwan,2005,11.693,4882.172,0.589,0.437,0.223,2.900
TWN,Taiwan,2006,12.069,5158.724,0.589,0.428,0.231,3.621
TWN,Taiwan,2007,12.174,5438.804,0.628,0.412,0.238,1.276
TWN,Taiwan,2008,11.564,5705.779,0.599,0.368,0.244,-4.679
TWN,Taiwan,2009,10.923,5958.807,0.618,0.340,0.250,-5.224
TWN,Taiwan,2010,11.657,6229.525,0.625,0.349,0.256,6.991
TWN,Taiwan,2011,11.892,6506.296,0.611,0.366,0.261,2.236
TWN,Taiwan,2012,11.706,6779.578,0.618,0.343,0.267,-1.261
TWN,Taiwan,2013,11.726,7054.154,0.636,0.343,0.272,0.473
TWN,Taiwan,2014,11.799,7331.113,0.644,0.302,0.277,0.868
TWN,Taiwan,2015,11.741,7607.377,0.643,0.268,0.282,-0.251
TWN,Taiwan,2016,11.880,7887.574,0.651,0.229,0.287,1.424
TWN,Taiwan,2017,12.091,8173.311,0.646,0.227,0.292,1.977
TWN,Taiwan,2018,12.010,8457.461,0.657,0.227,0.297,-0.555
TWN,Taiwan,2019,11.604,8732.165,0.660,0.233,0.301,-3.325
TWN,Taiwan,2020,11.514,9004.629,0.651,0.240,0.305,-0.815
TWN,Taiwan,2021,12.048,9288.450,0.667,0.247,0.309,4.168
TWN,Taiwan,2022,11.699,9562.439,0.668,0.233,0.313,-3.464
TWN,Taiwan,2023,11.456,9829.566,0.659,0.214,0.316,-2.504
TWN,Taiwan,2024,11.301,10091.911,0.666,0.207,0.319,-1.790
TJK,Tajikistan,2000,0.356,394.681,0.513,0.004,0.043,-11.213
TJK,Tajikistan,2001,0.357,396.969,0.511,0.005,0.042,2.277
TJK,Tajikistan,2002,0.287,398.841,0.517,0.007,0.042,-18.143
TJK,Tajikistan,2003,0.311,400.913,0.528,0.012,0.041,10.644
TJK,Tajikistan,2004,0.377,403.474,0.548,0.014,0.040,23.643
TJK,Tajikistan,2005,0.352,405.915,0.571,0.018,0.040,-4.723
TJK,Tajikistan,2006,0.376,408.571,0.589,0.020,0.039,8.839
TJK,Tajikistan,2007,0.449,411.800,0.606,0.021,0.039,21.555
TJK,Tajikistan,2008,0.395,414.697,0.666,0.013,0.039,-10.275
TJK,Tajikistan,2009,0.326,417.142,0.690,0.013,0.038,-15.604
TJK,Tajikistan,2010,0.331,419.677,0.687,0.019,0.038,3.674
TJK,Tajikistan,2011,0.299,422.019,0.695,0.019,0.037,-7.588
TJK,Tajikistan,2012,0.366,424.953,0.725,0.015,0.037,25.274
TJK,Tajikistan,2013,0.354,427.862,0.736,0.023,0.037,-0.893
TJK,Tajikistan,2014,0.547,432.468,0.752,0.067,0.037,58.383
TJK,Tajikistan,2015,0.614,437.775,0.769,0.081,0.037,15.204
TJK,Tajikistan,2016,0.679,443.790,0.785,0.111,0.038,13.367
TJK,Tajikistan,2017,0.757,450.670,0.794,0.170,0.038,14.355
TJK,Tajikistan,2018,0.868,458.751,0.787,0.204,0.038,17.463
TJK,Tajikistan,2019,0.914,467.465,0.786,0.218,0.039,7.837
TJK,Tajikistan,2020,0.967,476.888,0.784,0.215,0.039,8.138
TJK,Tajikistan,2021,0.942,486.273,0.771,0.212,0.039,-0.414
TJK,Tajikistan,2022,1.033,496.793,0.773,0.211,0.040,12.112
TJK,Tajikistan,2023,0.988,507.058,0.768,0.207,0.040,-2.439
TJK,Tajikistan,2024,1.014,517.798,0.765,0.203,0.040,4.632
TZA,Tanzania,2000,0.075,89.521,0.911,0.010,0.265,4.599
TZA,Tanzania,2001,0.086,92.562,0.906,0.010,0.266,18.236
TZA,Tanzania,2002,0.096,96.048,0.959,0.011,0.267,14.628
TZA,Tanzania,2003,0.099,99.735,1.011,0.013,0.269,5.784
TZA,Tanzania,2004,0.111,103.956,0.967,0.013,0.272,14.484
TZA,Tanzania,2005,0.137,109.312,0.989,0.014,0.276,26.877
TZA,Tanzania,2006,0.146,115.188,0.933,0.013,0.279,9.717
TZA,Tanzania,2007,0.138,120.894,0.937,0.015,0.283,-2.895
TZA,Tanzania,2008,0.141,126.883,0.957,0.016,0.286,4.951
TZA,Tanzania,2009,0.133,132.690,0.945,0.017,0.289,-3.025
TZA,Tanzania,2010,0.161,139.885,0.971,0.020,0.293,23.877
TZA,Tanzania,2011,0.183,148.325,0.985,0.020,0.295,17.323
TZA,Tanzania,2012,0.219,158.692,0.971,0.021,0.298,22.833
TZA,Tanzania,2013,0.230,169.944,0.987,0.019,0.300,8.526
TZA,Tanzania,2014,0.218,180.941,0.980,0.022,0.303,-2.258
TZA,Tanzania,2015,0.246,193.724,0.992,0.023,0.306,16.233
TZA,Tanzania,2016,0.251,207.253,0.976,0.029,0.309,5.842
TZA,Tanzania,2017,0.243,220.767,0.932,0.029,0.311,-0.118
TZA,Tanzania,2018,0.248,235.000,0.911,0.030,0.313,5.325
TZA,Tanzania,2019,0.274,251.191,0.925,0.043,0.316,13.755
TZA,Tanzania,2020,0.262,267.143,0.941,0.041,0.318,-1.473
TZA,Tanzania,2021,0.281,284.821,0.932,0.040,0.320,10.815
TZA,Tanzania,2022,0.304,304.523,0.907,0.045,0.322,11.453
TZA,Tanzania,2023,0.305,324.833,0.911,0.044,0.323,3.082
TZA,Tanzania,2024,0.292,344.851,0.904,0.043,0.325,-1.434
THA,Thailand,2000,2.656,2402.358,1.312,0.243,0.959,0.070
THA,Thailand,2001,2.706,2574.625,1.324,0.274,0.957,2.937
THA,Thailand,2002,2.873,2759.290,1.300,0.307,0.955,7.197
THA,Thailand,2003,2.946,2950.378,1.352,0.270,0.953,3.478
THA,Thailand,2004,3.168,3157.709,1.369,0.279,0.952,8.500
THA,Thailand,2005,3.246,3372.034,1.394,0.307,0.951,3.374
THA,Thailand,2006,3.242,3587.858,1.400,0.319,0.950,0.700
THA,Thailand,2007,3.339,3811.941,1.459,0.328,0.950,3.826
THA,Thailand,2008,3.316,4036.190,1.463,0.288,0.949,0.074
THA,Thailand,2009,3.359,4265.026,1.496,0.274,0.949,2.046
THA,Thailand,2010,3.514,4506.045,1.566,0.270,0.950,5.324
THA,Thailand,2011,3.549,4750.923,1.537,0.264,0.950,1.601
THA,Thailand,2012,3.778,5013.271,1.539,0.270,0.949,7.134
THA,Thailand,2013,3.776,5277.024,1.512,0.271,0.948,0.536
THA,Thailand,2014,3.881,5549.512,1.426,0.281,0.947,3.311
THA,Thailand,2015,3.928,5826.611,1.362,0.284,0.946,1.692
THA,Thailand,2016,4.009,6110.656,1.374,0.325,0.945,2.507
THA,Thailand,2017,3.982,6394.004,1.355,0.315,0.943,-0.246
THA,Thailand,2018,4.039,6682.309,1.306,0.315,0.942,1.750
THA,Thailand,2019,3.941,6964.186,1.252,0.312,0.940,-2.229
THA,Thailand,2020,3.796,7236.109,1.293,0.306,0.940,-3.531
THA,Thailand,2021,3.724,7503.251,1.304,0.295,0.938,-1.758
THA,Thailand,2022,3.800,7775.825,1.324,0.293,0.936,2.033
THA,Thailand,2023,3.692,8040.558,1.302,0.268,0.933,-2.876
THA,Thailand,2024,3.736,8308.318,1.337,0.247,0.930,1.143
TGO,Togo,2000,0.278,27.427,0.672,0.067,0.036,-28.051
TGO,Togo,2001,0.236,28.586,0.629,0.081,0.036,-12.953
TGO,Togo,2002,0.263,29.909,0.650,0.098,0.036,14.113
TGO,Togo,2003,0.350,31.713,0.655,0.144,0.036,36.467
TGO,Togo,2004,0.330,33.457,0.631,0.142,0.036,-3.369
TGO,Togo,2005,0.318,35.179,0.710,0.145,0.036,-1.281
TGO,Togo,2006,0.269,36.679,0.663,0.122,0.036,-12.842
TGO,Togo,2007,0.264,38.196,0.625,0.105,0.036,1.083
TGO,Togo,2008,0.257,39.719,0.635,0.079,0.036,0.397
TGO,Togo,2009,0.414,42.255,0.653,0.089,0.036,66.515
TGO,Togo,2010,0.410,44.850,0.636,0.087,0.036,2.368
TGO,Togo,2011,0.385,47.354,0.671,0.096,0.036,-3.536
TGO,Togo,2012,0.333,49.570,0.657,0.091,0.036,-11.514
TGO,Togo,2013,0.241,51.205,0.677,0.070,0.036,-26.196
TGO,Togo,2014,0.215,52.696,0.645,0.063,0.036,-8.844
TGO,Togo,2015,0.254,54.494,0.677,0.115,0.036,20.647
TGO,Togo,2016,0.318,56.787,0.669,0.114,0.035,27.485
TGO,Togo,2017,0.261,58.699,0.669,0.104,0.035,-16.603
TGO,Togo,2018,0.273,60.732,0.680,0.083,0.035,6.373
TGO,Togo,2019,0.310,63.096,0.689,0.121,0.035,16.219
TGO,Togo,2020,0.353,65.847,0.726,0.111,0.035,16.397
TGO,Togo,2021,0.330,68.468,0.722,0.116,0.035,-4.765
TGO,Togo,2022,0.339,71.206,0.743,0.117,0.035,4.522
TGO,Togo,2023,0.325,73.877,0.742,0.115,0.035,-2.470
TGO,Togo,2024,0.328,76.631,0.756,0.113,0.035,3.091
TON,Tonga,2000,0.963,1.971,0.914,0.000,0.001,-10.000
TON,Tonga,2001,0.887,2.063,0.911,0.000,0.001,-7.407
TON,Tonga,2002,0.917,2.158,0.909,0.000,0.001,4.000
TON,Tonga,2003,1.122,2.275,0.907,0.000,0.001,23.077
TON,Tonga,2004,1.081,2.389,0.903,0.000,0.001,-3.125
TON,Tonga,2005,1.075,2.503,0.901,0.000,0.001,0.000
TON,Tonga,2006,1.207,2.631,0.898,0.000,0.001,12.903
TON,Tonga,2007,1.064,2.744,0.896,0.000,0.001,-11.429
TON,Tonga,2008,0.993,2.851,0.897,0.000,0.001,-6.452
TON,Tonga,2009,1.128,2.972,0.899,0.000,0.001,13.793
TON,Tonga,2010,1.092,3.089,0.901,0.000,0.001,-3.030
TON,Tonga,2011,0.988,3.195,0.901,0.000,0.001,-9.375
TON,Tonga,2012,0.989,3.301,0.911,0.000,0.001,0.000
TON,Tonga,2013,1.026,3.411,0.917,0.000,0.001,3.448
TON,Tonga,2014,0.997,3.517,0.927,0.000,0.001,-3.333
TON,Tonga,2015,1.001,3.624,0.939,0.000,0.001,0.000
TON,Tonga,2016,1.319,3.763,0.951,0.000,0.001,31.034
TON,Tonga,2017,1.356,3.906,0.959,0.000,0.001,2.632
TON,Tonga,2018,1.249,4.038,0.961,0.000,0.001,-7.692
TON,Tonga,2019,1.525,4.199,0.966,0.000,0.001,22.222
TON,Tonga,2020,1.317,4.338,0.970,0.000,0.001,-13.636
TON,Tonga,2021,1.320,4.477,0.976,0.000,0.001,0.000
TON,Tonga,2022,1.395,4.624,0.986,0.000,0.001,5.263
TON,Tonga,2023,1.394,4.770,0.993,0.000,0.001,-0.472
TON,Tonga,2024,1.464,4.922,1.002,0.000,0.001,4.574
TTO,Trinidad and Tobago,2000,18.450,756.395,3.145,0.228,0.048,7.837
TTO,Trinidad and Tobago,2001,20.172,783.135,3.262,0.210,0.048,9.814
TTO,Trinidad and Tobago,2002,21.533,811.817,3.412,0.220,0.049,7.266
TTO,Trinidad and Tobago,2003,24.180,844.187,3.658,0.222,0.050,12.856
TTO,Trinidad and Tobago,2004,24.297,876.876,3.867,0.219,0.051,0.984
TTO,Trinidad and Tobago,2005,28.257,915.081,4.451,0.192,0.052,16.876
TTO,Trinidad and Tobago,2006,31.433,957.788,4.892,0.250,0.053,11.786
TTO,Trinidad and Tobago,2007,33.371,1003.352,4.814,0.251,0.054,6.687
TTO,Trinidad and Tobago,2008,32.390,1047.794,4.605,0.261,0.056,-2.461
TTO,Trinidad and Tobago,2009,32.209,1092.212,4.634,0.234,0.057,-0.056
TTO,Trinidad and Tobago,2010,33.961,1139.304,4.689,0.210,0.058,6.022
TTO,Trinidad and Tobago,2011,33.723,1186.348,4.587,0.217,0.059,-0.104
TTO,Trinidad and Tobago,2012,32.881,1232.507,4.301,0.169,0.060,-1.880
TTO,Trinidad and Tobago,2013,32.421,1278.306,4.219,0.203,0.061,-0.779
TTO,Trinidad and Tobago,2014,32.978,1325.172,4.148,0.210,0.062,2.329
TTO,Trinidad and Tobago,2015,31.860,1370.706,4.096,0.210,0.063,-2.842
TTO,Trinidad and Tobago,2016,27.743,1410.573,3.802,0.179,0.063,-12.444
TTO,Trinidad and Tobago,2017,27.882,1450.870,3.845,0.165,0.064,1.077
TTO,Trinidad and Tobago,2018,27.410,1491.177,3.782,0.161,0.065,0.026
TTO,Trinidad and Tobago,2019,27.446,1531.932,3.770,0.163,0.065,1.109
TTO,Trinidad and Tobago,2020,23.661,1566.975,3.658,0.152,0.065,-14.014
TTO,Trinidad and Tobago,2021,24.460,1603.364,3.560,0.173,0.066,3.840
TTO,Trinidad and Tobago,2022,25.063,1640.857,3.551,0.169,0.066,3.034
TTO,Trinidad and Tobago,2023,23.644,1676.392,3.514,0.168,0.066,-5.220
TTO,Trinidad and Tobago,2024,22.932,1710.969,3.421,0.167,0.066,-2.700
TUN,Tunisia,2000,1.990,408.942,0.832,0.291,0.057,3.885
TUN,Tunisia,2001,2.053,429.203,0.831,0.286,0.057,4.242
TUN,Tunisia,2002,2.044,449.583,0.827,0.286,0.058,0.590
TUN,Tunisia,2003,2.089,470.624,0.809,0.305,0.058,3.246
TUN,Tunisia,2004,2.178,492.768,0.823,0.350,0.059,5.240
TUN,Tunisia,2005,2.196,515.284,0.856,0.341,0.059,1.679
TUN,Tunisia,2006,2.215,538.199,0.899,0.349,0.059,1.772
TUN,Tunisia,2007,2.368,562.924,0.898,0.370,0.060,7.900
TUN,Tunisia,2008,2.414,588.378,0.966,0.372,0.061,2.944
TUN,Tunisia,2009,2.380,613.731,0.946,0.368,0.062,-0.392
TUN,Tunisia,2010,2.591,641.631,0.892,0.376,0.062,10.043
TUN,Tunisia,2011,2.428,668.060,0.846,0.314,0.063,-5.271
TUN,Tunisia,2012,2.561,696.254,0.831,0.363,0.063,6.678
TUN,Tunisia,2013,2.583,725.027,0.810,0.373,0.063,2.054
TUN,Tunisia,2014,2.650,754.902,0.785,0.429,0.064,3.828
TUN,Tunisia,2015,2.752,786.282,0.759,0.429,0.064,5.041
TUN,Tunisia,2016,2.686,817.254,0.740,0.406,0.064,-1.304
TUN,Tunisia,2017,2.719,848.931,0.712,0.377,0.065,2.278
TUN,Tunisia,2018,2.645,880.053,0.702,0.361,0.065,-1.753
TUN,Tunisia,2019,2.575,910.631,0.688,0.371,0.065,-1.745
TUN,Tunisia,2020,2.409,939.476,0.683,0.325,0.065,-5.670
TUN,Tunisia,2021,2.617,971.003,0.706,0.380,0.065,9.298
TUN,Tunisia,2022,2.540,1001.788,0.685,0.347,0.065,-2.353
TUN,Tunisia,2023,2.601,1033.525,0.680,0.345,0.065,3.095
TUN,Tunisia,2024,2.661,1066.189,0.684,0.343,0.065,2.917
TUR,Turkey,2000,3.560,4346.808,0.817,0.241,0.501,10.271
TUR,Turkey,2001,3.274,4563.681,0.819,0.236,0.506,-6.895
TUR,Turkey,2002,3.346,4788.000,0.725,0.240,0.510,3.434
TUR,Turkey,2003,3.536,5027.849,0.725,0.245,0.514,6.923
TUR,Turkey,2004,3.613,5275.692,0.662,0.260,0.518,3.333
TUR,Turkey,2005,3.861,5543.402,0.679,0.286,0.523,8.016
TUR,Turkey,2006,4.075,5828.832,0.756,0.309,0.528,6.619
TUR,Turkey,2007,4.473,6145.330,0.800,0.334,0.535,10.885
TUR,Turkey,2008,4.369,6457.958,0.784,0.361,0.541,-1.223
TUR,Turkey,2009,4.396,6776.526,0.818,0.387,0.547,1.900
TUR,Turkey,2010,4.345,7095.236,0.880,0.424,0.554,0.045
TUR,Turkey,2011,4.638,7439.451,0.905,0.440,0.562,8.002
TUR,Turkey,2012,4.769,7798.095,0.964,0.433,0.571,4.192
TUR,Turkey,2013,4.589,8148.729,0.999,0.461,0.580,-2.234
TUR,Turkey,2014,4.706,8516.001,1.029,0.459,0.590,4.745
TUR,Turkey,2015,4.845,8903.704,1.029,0.444,0.600,5.563
TUR,Turkey,2016,4.967,9309.257,1.042,0.469,0.611,4.604
TUR,Turkey,2017,5.183,9739.878,1.065,0.488,0.622,6.182
TUR,Turkey,2018,5.021,10163.696,1.138,0.484,0.632,-1.580
TUR,Turkey,2019,4.763,10570.265,1.152,0.401,0.642,-4.070
TUR,Turkey,2020,4.836,10986.592,1.182,0.494,0.653,2.401
TUR,Turkey,2021,5.276,11443.970,1.214,0.534,0.665,9.860
TUR,Turkey,2022,5.095,11887.572,1.227,0.483,0.676,-3.012
TUR,Turkey,2023,5.580,12374.517,1.244,0.487,0.689,9.770
TUR,Turkey,2024,5.865,12887.552,1.278,0.482,0.702,5.358
TKM,Turkmenistan,2000,8.589,1265.833,3.518,0.040,0.144,-1.094
TKM,Turkmenistan,2001,7.279,1299.868,3.490,0.039,0.144,-13.534
TKM,Turkmenistan,2002,6.317,1329.998,3.949,0.038,0.145,-11.469
TKM,Turkmenistan,2003,8.341,1370.566,4.644,0.037,0.147,34.638
TKM,Turkmenistan,2004,9.954,1419.921,4.610,0.044,0.149,21.662
TKM,Turkmenistan,2005,9.487,1467.850,4.304,0.051,0.151,-2.890
TKM,Turkmenistan,2006,9.617,1517.349,4.369,0.070,0.152,3.278
TKM,Turkmenistan,2007,9.379,1566.532,4.152,0.069,0.153,-0.640
TKM,Turkmenistan,2008,11.120,1625.971,4.473,0.073,0.155,20.852
TKM,Turkmenistan,2009,9.623,1678.433,3.633,0.077,0.156,-11.737
TKM,Turkmenistan,2010,10.636,1737.617,3.533,0.079,0.157,12.812
TKM,Turkmenistan,2011,11.464,1802.772,3.835,0.130,0.158,10.089
TKM,Turkmenistan,2012,11.524,1869.711,4.011,0.154,0.160,2.737
TKM,Turkmenistan,2013,10.833,1934.051,4.144,0.171,0.161,-3.883
TKM,Turkmenistan,2014,10.337,1996.850,4.123,0.182,0.163,-2.394
TKM,Turkmenistan,2015,10.150,2059.942,4.131,0.203,0.166,0.466
TKM,Turkmenistan,2016,9.763,2122.032,3.881,0.210,0.167,-1.586
TKM,Turkmenistan,2017,9.675,2184.989,3.711,0.211,0.169,1.394
TKM,Turkmenistan,2018,9.211,2246.291,3.594,0.155,0.171,-2.629
TKM,Turkmenistan,2019,9.150,2308.545,3.535,0.135,0.172,1.554
TKM,Turkmenistan,2020,9.051,2371.450,3.438,0.104,0.173,1.045
TKM,Turkmenistan,2021,12.929,2463.144,3.357,0.108,0.174,45.765
TKM,Turkmenistan,2022,14.116,2565.207,3.304,0.111,0.175,11.309
TKM,Turkmenistan,2023,12.957,2660.627,3.190,0.109,0.176,-6.508
TKM,Turkmenistan,2024,10.809,2741.633,3.134,0.107,0.176,-15.107
TCA,Turks and Caicos Islands,2000,5.666,0.843,0.428,0.000,0.000,7.407
TCA,Turks and Caicos Islands,2001,5.794,0.956,0.434,0.000,0.000,6.897
TCA,Turks and Caicos Islands,2002,7.286,1.107,0.453,0.000,0.000,32.258
TCA,Turks and Caicos Islands,2003,7.076,1.260,0.202,0.000,0.000,2.439
TCA,Turks and Caicos Islands,2004,7.046,1.422,0.327,0.000,0.000,4.762
TCA,Turks and Caicos Islands,2005,7.782,1.608,0.354,0.000,0.000,15.909
TCA,Turks and Caicos Islands,2006,8.597,1.825,0.333,0.000,0.000,15.686
TCA,Turks and Caicos Islands,2007,9.616,2.077,0.328,0.000,0.000,16.949
TCA,Turks and Caicos Islands,2008,9.610,2.341,0.357,0.000,0.000,4.348
TCA,Turks and Caicos Islands,2009,9.605,2.616,0.349,0.000,0.000,4.167
TCA,Turks and Caicos Islands,2010,9.479,2.898,0.316,0.000,0.000,2.667
TCA,Turks and Caicos Islands,2011,9.139,3.180,0.338,0.000,0.000,0.000
TCA,Turks and Caicos Islands,2012,8.775,3.462,0.334,0.000,0.000,0.000
TCA,Turks and Caicos Islands,2013,8.487,3.748,0.328,0.000,0.000,1.299
TCA,Turks and Caicos Islands,2014,8.774,4.056,0.275,0.000,0.000,7.692
TCA,Turks and Caicos Islands,2015,8.602,4.371,0.270,0.000,0.000,2.381
TCA,Turks and Caicos Islands,2016,8.505,4.697,0.221,0.000,0.000,3.488
TCA,Turks and Caicos Islands,2017,8.809,5.049,0.200,0.000,0.000,7.865
TCA,Turks and Caicos Islands,2018,8.636,5.408,0.192,0.000,0.000,2.083
TCA,Turks and Caicos Islands,2019,8.398,5.771,0.170,0.000,0.000,1.020
TCA,Turks and Caicos Islands,2020,8.086,6.130,0.149,0.000,0.000,-1.010
TCA,Turks and Caicos Islands,2021,8.095,6.496,0.134,0.000,0.000,2.041
TCA,Turks and Caicos Islands,2022,7.970,6.862,0.122,0.000,0.000,-0.228
TCA,Turks and Caicos Islands,2023,7.893,7.227,0.111,0.000,0.000,-0.202
TCA,Turks and Caicos Islands,2024,8.136,7.606,0.097,0.000,0.000,3.842
TUV,Tuvalu,2000,0.766,0.059,0.662,0.000,0.000,0.000
TUV,Tuvalu,2001,0.763,0.066,0.659,0.000,0.000,0.000
TUV,Tuvalu,2002,1.140,0.077,0.670,0.000,0.000,50.000
TUV,Tuvalu,2003,1.131,0.088,0.666,0.000,0.000,0.000
TUV,Tuvalu,2004,1.117,0.099,0.658,0.000,0.000,0.000
TUV,Tuvalu,2005,1.103,0.110,0.651,0.000,0.000,0.000
TUV,Tuvalu,2006,1.091,0.121,0.643,0.000,0.000,0.000
TUV,Tuvalu,2007,1.077,0.132,0.639,0.000,0.000,0.000
TUV,Tuvalu,2008,0.708,0.139,0.635,0.000,0.000,-33.333
TUV,Tuvalu,2009,1.049,0.150,0.631,0.000,0.000,50.000
TUV,Tuvalu,2010,1.034,0.161,0.622,0.000,0.000,0.000
TUV,Tuvalu,2011,1.017,0.172,0.615,0.000,0.000,0.000
TUV,Tuvalu,2012,1.003,0.183,0.609,0.000,0.000,0.000
TUV,Tuvalu,2013,0.664,0.191,0.607,0.000,0.000,-33.333
TUV,Tuvalu,2014,0.666,0.198,0.612,0.000,0.000,0.000
TUV,Tuvalu,2015,0.667,0.205,0.617,0.000,0.000,0.000
TUV,Tuvalu,2016,0.669,0.213,0.621,0.000,0.000,0.000
TUV,Tuvalu,2017,0.673,0.220,0.626,0.000,0.000,0.000
TUV,Tuvalu,2018,1.020,0.231,0.635,0.000,0.000,50.000
TUV,Tuvalu,2019,1.037,0.242,0.649,0.000,0.000,0.000
TUV,Tuvalu,2020,1.055,0.253,0.662,0.000,0.000,0.000
TUV,Tuvalu,2021,1.076,0.264,0.679,0.000,0.000,0.000
TUV,Tuvalu,2022,1.098,0.275,0.695,0.000,0.000,0.000
TUV,Tuvalu,2023,1.112,0.286,0.711,0.000,0.000,-0.473
TUV,Tuvalu,2024,1.183,0.297,0.726,0.000,0.000,4.570
UGA,Uganda,2000,0.057,37.084,0.597,0.004,0.127,8.460
UGA,Uganda,2001,0.057,38.501,0.588,0.005,0.127,4.131
UGA,Uganda,2002,0.056,39.944,0.592,0.006,0.127,1.797
UGA,Uganda,2003,0.057,41.457,0.616,0.005,0.127,4.866
UGA,Uganda,2004,0.059,43.064,0.605,0.005,0.127,6.263
UGA,Uganda,2005,0.072,45.082,0.624,0.006,0.127,25.534
UGA,Uganda,2006,0.083,47.469,0.583,0.006,0.127,18.291
UGA,Uganda,2007,0.091,50.176,0.614,0.005,0.127,13.375
UGA,Uganda,2008,0.091,52.955,0.740,0.006,0.128,2.708
UGA,Uganda,2009,0.095,55.951,0.731,0.006,0.129,7.790
UGA,Uganda,2010,0.110,59.521,0.747,0.010,0.130,19.141
UGA,Uganda,2011,0.115,63.349,0.737,0.012,0.131,7.231
UGA,Uganda,2012,0.106,66.976,0.753,0.012,0.132,-5.245
UGA,Uganda,2013,0.106,70.730,0.748,0.010,0.133,3.516
UGA,Uganda,2014,0.112,74.820,0.751,0.011,0.134,8.926
UGA,Uganda,2015,0.121,79.348,0.758,0.009,0.135,10.732
UGA,Uganda,2016,0.124,84.166,0.767,0.010,0.136,6.379
UGA,Uganda,2017,0.135,89.572,0.745,0.009,0.137,12.222
UGA,Uganda,2018,0.133,95.121,0.743,0.009,0.138,2.635
UGA,Uganda,2019,0.134,100.882,0.748,0.011,0.139,3.831
UGA,Uganda,2020,0.125,106.453,0.752,0.013,0.140,-3.295
UGA,Uganda,2021,0.136,112.686,0.765,0.015,0.142,11.863
UGA,Uganda,2022,0.130,118.814,0.749,0.014,0.143,-1.670
UGA,Uganda,2023,0.128,125.050,0.733,0.014,0.144,1.756
UGA,Uganda,2024,0.127,131.384,0.741,0.013,0.146,1.571
UKR,Ukraine,2000,5.764,24991.529,1.604,0.046,1.840,-4.344
UKR,Ukraine,2001,6.188,25295.404,1.606,0.050,1.819,6.376
UKR,Ukraine,2002,6.079,25591.305,1.659,0.058,1.798,-2.624
UKR,Ukraine,2003,6.359,25898.551,1.681,0.075,1.775,3.834
UKR,Ukraine,2004,6.474,26209.176,1.654,0.089,1.752,1.100
UKR,Ukraine,2005,6.588,26522.689,1.686,0.101,1.730,0.929
UKR,Ukraine,2006,7.044,26855.744,1.662,0.116,1.708,6.233
UKR,Ukraine,2007,7.157,27192.572,1.705,0.131,1.687,1.133
UKR,Ukraine,2008,6.963,27518.555,1.701,0.134,1.665,-3.220
UKR,Ukraine,2009,5.954,27796.148,1.622,0.056,1.642,-14.844
UKR,Ukraine,2010,6.336,28090.514,1.575,0.062,1.619,6.042
UKR,Ukraine,2011,6.659,28398.891,1.681,0.084,1.597,4.760
UKR,Ukraine,2012,6.588,28703.320,1.678,0.071,1.576,-1.280
UKR,Ukraine,2013,6.450,29000.861,1.723,0.074,1.557,-2.263
UKR,Ukraine,2014,5.606,29258.564,1.605,0.072,1.537,-13.389
UKR,Ukraine,2015,4.889,29482.414,1.385,0.072,1.516,-13.137
UKR,Ukraine,2016,5.132,29716.520,1.456,0.080,1.498,4.582
UKR,Ukraine,2017,4.914,29939.807,1.344,0.078,1.480,-4.621
UKR,Ukraine,2018,5.130,30171.707,1.379,0.082,1.463,3.857
UKR,Ukraine,2019,4.942,30393.895,1.404,0.088,1.446,-4.188
UKR,Ukraine,2020,4.635,30600.994,1.441,0.091,1.431,-6.790
UKR,Ukraine,2021,4.755,30811.631,1.400,0.098,1.415,1.707
UKR,Ukraine,2022,3.485,30954.672,1.317,0.071,1.396,-32.091
UKR,Ukraine,2023,3.692,31093.998,1.452,0.088,1.377,-2.597
UKR,Ukraine,2024,3.764,31236.496,1.384,0.088,1.359,2.277
ARE,United Arab Emirates,2000,32.138,1575.376,7.074,0.808,0.133,44.233
ARE,United Arab Emirates,2001,27.365,1677.272,6.333,0.749,0.137,-9.246
ARE,United Arab Emirates,2002,21.536,1762.485,5.577,0.799,0.140,-16.372
ARE,United Arab Emirates,2003,25.547,1869.591,5.705,0.852,0.144,25.692
ARE,United Arab Emirates,2004,25.394,1982.059,5.287,0.896,0.148,5.007
ARE,United Arab Emirates,2005,24.711,2097.332,5.226,0.934,0.152,2.494
ARE,United Arab Emirates,2006,24.500,2220.056,5.181,1.119,0.156,6.463
ARE,United Arab Emirates,2007,23.842,2354.159,4.634,1.204,0.160,9.273
ARE,United Arab Emirates,2008,24.598,2509.189,4.171,1.457,0.164,15.605
ARE,United Arab Emirates,2009,25.210,2678.277,3.864,1.179,0.169,9.068
ARE,United Arab Emirates,2010,26.786,2864.126,3.937,1.075,0.174,9.912
ARE,United Arab Emirates,2011,27.574,3062.644,4.100,0.917,0.179,6.817
ARE,United Arab Emirates,2012,27.787,3270.967,4.126,0.820,0.184,4.939
ARE,United Arab Emirates,2013,27.348,3485.155,4.132,0.807,0.189,2.815
ARE,United Arab Emirates,2014,26.045,3699.686,3.885,1.421,0.194,0.160
ARE,United Arab Emirates,2015,25.943,3924.731,3.969,0.954,0.199,4.901
ARE,United Arab Emirates,2016,25.235,4152.628,3.925,0.756,0.205,1.268
ARE,United Arab Emirates,2017,21.279,4349.121,3.701,0.761,0.209,-13.780
ARE,United Arab Emirates,2018,21.837,4553.226,3.670,0.743,0.214,3.874
ARE,United Arab Emirates,2019,21.760,4757.284,3.758,0.693,0.218,-0.023
ARE,United Arab Emirates,2020,22.783,4972.550,3.571,0.637,0.223,5.493
ARE,United Arab Emirates,2021,21.675,5184.723,3.465,0.619,0.227,-1.437
ARE,United Arab Emirates,2022,20.221,5391.827,3.649,0.599,0.231,-2.389
ARE,United Arab Emirates,2023,19.773,5602.252,3.474,0.577,0.236,1.604
ARE,United Arab Emirates,2024,20.131,5824.240,3.407,0.557,0.240,5.495
GBR,United Kingdom,2000,9.635,69119.633,1.698,0.107,3.209,1.315
GBR,United Kingdom,2001,9.749,69697.602,1.636,0.099,3.178,1.571
GBR,United Kingdom,2002,9.410,70257.875,1.550,0.101,3.147,-3.062
GBR,United Kingdom,2003,9.556,70829.492,1.465,0.098,3.112,2.025
GBR,United Kingdom,2004,9.530,71402.922,1.382,0.099,3.081,0.317
GBR,United Kingdom,2005,9.412,71973.266,1.267,0.098,3.048,-0.539
GBR,United Kingdom,2006,9.301,72541.109,1.164,0.097,3.012,-0.437
GBR,United Kingdom,2007,9.093,73100.672,1.079,0.099,2.976,-1.458
GBR,United Kingdom,2008,8.785,73645.602,0.988,0.084,2.939,-2.615
GBR,United Kingdom,2009,7.905,74139.711,0.931,0.060,2.902,-9.327
GBR,United Kingdom,2010,8.125,74651.617,0.846,0.060,2.864,3.602
GBR,United Kingdom,2011,7.396,75121.328,0.804,0.065,2.822,-8.242
GBR,United Kingdom,2012,7.622,75608.812,0.781,0.058,2.782,3.782
GBR,United Kingdom,2013,7.418,76086.422,0.742,0.063,2.743,-2.024
GBR,United Kingdom,2014,6.765,76525.227,0.721,0.065,2.705,-8.125
GBR,United Kingdom,2015,6.461,76947.688,0.708,0.067,2.667,-3.725
GBR,United Kingdom,2016,6.062,77347.117,0.697,0.069,2.631,-5.452
GBR,United Kingdom,2017,5.838,77734.484,0.702,0.066,2.594,-3.020
GBR,United Kingdom,2018,5.689,78114.219,0.695,0.065,2.559,-1.972
GBR,United Kingdom,2019,5.435,78478.969,0.681,0.066,2.525,-3.944
GBR,United Kingdom,2020,4.844,78805.227,0.661,0.058,2.493,-10.552
GBR,United Kingdom,2021,5.059,79147.594,0.664,0.062,2.461,4.935
GBR,United Kingdom,2022,4.563,79458.711,0.655,0.059,2.428,-9.127
GBR,United Kingdom,2023,4.482,79766.547,0.641,0.051,2.397,-1.058
GBR,United Kingdom,2024,4.526,80079.445,0.634,0.052,2.367,1.650
USA,United States,2000,21.398,302659.188,2.841,0.147,20.292,3.843
USA,United States,2001,20.767,308562.719,2.730,0.146,20.213,-1.986
USA,United States,2002,20.718,314510.531,2.639,0.150,20.133,0.750
USA,United States,2003,20.718,320516.969,2.637,0.150,20.041,0.986
USA,United States,2004,20.874,326628.531,2.614,0.157,19.951,1.750
USA,United States,2005,20.719,332755.438,2.613,0.156,19.865,0.251
USA,United States,2006,20.237,338800.781,2.628,0.157,19.763,-1.331
USA,United States,2007,20.280,344922.312,2.630,0.151,19.667,1.261
USA,United States,2008,19.409,350841.531,2.658,0.136,19.567,-3.305
USA,United States,2009,17.811,356327.656,2.508,0.096,19.454,-7.317
USA,United States,2010,18.225,361996.875,2.431,0.101,19.339,3.338
USA,United States,2011,17.634,367535.844,2.434,0.103,19.205,-2.298
USA,United States,2012,16.812,372867.344,2.364,0.111,19.061,-3.746
USA,United States,2013,17.099,378340.781,2.337,0.114,18.927,2.663
USA,United States,2014,17.119,383872.125,2.362,0.122,18.800,1.059
USA,United States,2015,16.461,389240.656,2.315,0.122,18.673,-2.945
USA,United States,2016,15.935,394486.031,2.228,0.120,18.554,-2.294
USA,United States,2017,15.639,399681.406,2.255,0.121,18.433,-0.952
USA,United States,2018,16.001,405042.656,2.321,0.116,18.319,3.192
USA,United States,2019,15.500,410278.562,2.366,0.121,18.205,-2.338
USA,United States,2020,13.817,414968.500,2.242,0.120,18.090,-10.427
USA,United States,2021,14.758,419988.625,2.321,0.121,17.980,7.040
USA,United States,2022,14.802,425044.062,2.348,0.123,17.870,0.703
USA,United States,2023,14.319,429962.469,2.385,0.118,17.759,-2.710
USA,United States,2024,14.197,434866.562,2.369,0.108,17.651,-0.290
URY,Uruguay,2000,1.616,315.937,6.269,0.098,0.161,-21.113
URY,Uruguay,2001,1.539,320.977,6.249,0.141,0.159,-4.481
URY,Uruguay,2002,1.394,325.546,6.486,0.138,0.157,-9.351
URY,Uruguay,2003,1.383,330.083,6.649,0.143,0.156,-0.702
URY,Uruguay,2004,1.698,335.658,6.837,0.084,0.155,22.856
URY,Uruguay,2005,1.746,341.395,6.884,0.083,0.153,2.924
URY,Uruguay,2006,2.010,348.006,7.119,0.084,0.152,15.232
URY,Uruguay,2007,1.809,353.965,6.987,0.083,0.151,-9.851
URY,Uruguay,2008,2.489,362.183,7.512,0.082,0.151,37.885
URY,Uruguay,2009,2.414,370.173,7.402,0.139,0.151,-2.766
URY,Uruguay,2010,1.905,376.495,7.061,0.109,0.150,-20.881
URY,Uruguay,2011,2.310,384.182,7.105,0.125,0.149,21.586
URY,Uruguay,2012,2.580,392.786,6.931,0.106,0.148,11.944
URY,Uruguay,2013,2.239,400.277,6.986,0.100,0.147,-12.942
URY,Uruguay,2014,1.991,406.961,7.364,0.098,0.147,-10.775
URY,Uruguay,2015,2.001,413.699,7.557,0.107,0.146,0.813
URY,Uruguay,2016,1.930,420.220,7.650,0.087,0.145,-3.232
URY,Uruguay,2017,1.815,426.371,7.537,0.096,0.144,-5.665
URY,Uruguay,2018,1.936,432.941,7.344,0.095,0.143,6.818
URY,Uruguay,2019,1.886,439.349,7.313,0.086,0.142,-2.464
URY,Uruguay,2020,1.906,445.826,7.256,0.097,0.141,1.066
URY,Uruguay,2021,2.305,453.655,7.577,0.105,0.140,20.880
URY,Uruguay,2022,2.212,461.156,7.421,0.106,0.139,-4.194
URY,Uruguay,2023,2.251,468.783,7.241,0.106,0.138,1.681
URY,Uruguay,2024,2.354,476.757,7.367,0.106,0.137,4.541
UZB,Uzbekistan,2000,4.982,3916.464,1.178,0.060,0.312,-0.088
UZB,Uzbekistan,2001,5.031,4042.687,1.346,0.067,0.315,2.222
UZB,Uzbekistan,2002,5.220,4175.263,1.578,0.067,0.318,5.034
UZB,Uzbekistan,2003,5.068,4305.559,1.414,0.070,0.321,-1.720
UZB,Uzbekistan,2004,4.960,4434.658,1.325,0.082,0.323,-0.918
UZB,Uzbekistan,2005,4.614,4556.260,1.579,0.086,0.326,-5.808
UZB,Uzbekistan,2006,4.678,4681.159,1.647,0.088,0.329,2.711
UZB,Uzbekistan,2007,4.573,4804.981,1.483,0.094,0.331,-0.862
UZB,Uzbekistan,2008,4.669,4933.368,1.633,0.103,0.333,3.686
UZB,Uzbekistan,2009,3.910,5042.598,1.389,0.104,0.335,-14.921
UZB,Uzbekistan,2010,3.793,5150.266,1.487,0.103,0.336,-1.430
UZB,Uzbekistan,2011,4.051,5267.021,1.536,0.097,0.338,8.439
UZB,Uzbekistan,2012,4.062,5385.881,1.627,0.095,0.340,1.804
UZB,Uzbekistan,2013,3.781,5498.276,1.596,0.100,0.342,-5.440
UZB,Uzbekistan,2014,3.557,5605.771,1.542,0.103,0.343,-4.359
UZB,Uzbekistan,2015,3.362,5709.145,1.521,0.101,0.345,-3.835
UZB,Uzbekistan,2016,3.511,5818.982,1.541,0.101,0.346,6.253
UZB,Uzbekistan,2017,3.422,5927.865,1.560,0.114,0.347,-0.869
UZB,Uzbekistan,2018,3.161,6030.195,1.596,0.118,0.349,-6.018
UZB,Uzbekistan,2019,3.275,6138.143,1.598,0.122,0.350,5.489
UZB,Uzbekistan,2020,3.220,6246.281,1.528,0.115,0.352,0.178
UZB,Uzbekistan,2021,3.597,6369.443,1.538,0.131,0.353,13.892
UZB,Uzbekistan,2022,3.409,6488.548,1.516,0.097,0.354,-3.293
UZB,Uzbekistan,2023,3.446,6611.421,1.464,0.096,0.354,3.162
UZB,Uzbekistan,2024,3.829,6750.655,1.446,0.094,0.356,13.316
VUT,Vanuatu,2000,0.452,2.407,1.862,0.000,0.005,4.545
VUT,Vanuatu,2001,0.422,2.488,1.733,0.000,0.005,-4.348
VUT,Vanuatu,2002,0.393,2.565,1.694,0.000,0.005,-4.545
VUT,Vanuatu,2003,0.383,2.642,1.726,0.000,0.005,0.000
VUT,Vanuatu,2004,0.356,2.715,1.715,0.000,0.005,-4.762
VUT,Vanuatu,2005,0.348,2.788,1.717,0.000,0.005,0.000
VUT,Vanuatu,2006,0.339,2.862,1.711,0.000,0.005,0.000
VUT,Vanuatu,2007,0.348,2.939,1.929,0.000,0.005,5.000
VUT,Vanuatu,2008,0.388,3.026,1.913,0.000,0.005,14.286
VUT,Vanuatu,2009,0.520,3.147,1.761,0.000,0.005,37.500
VUT,Vanuatu,2010,0.523,3.272,1.768,0.000,0.005,3.030
VUT,Vanuatu,2011,0.542,3.404,1.775,0.000,0.005,5.882
VUT,Vanuatu,2012,0.471,3.521,1.758,0.000,0.005,-11.111
VUT,Vanuatu,2013,0.432,3.631,1.740,0.000,0.005,-6.250
VUT,Vanuatu,2014,0.605,3.789,1.727,0.000,0.005,43.333
VUT,Vanuatu,2015,0.496,3.920,1.540,0.000,0.005,-16.279
VUT,Vanuatu,2016,0.552,4.071,1.264,0.000,0.005,13.889
VUT,Vanuatu,2017,0.500,4.210,1.138,0.000,0.005,-7.317
VUT,Vanuatu,2018,0.617,4.386,1.124,0.000,0.004,26.316
VUT,Vanuatu,2019,0.565,4.551,1.104,0.000,0.004,-6.250
VUT,Vanuatu,2020,0.687,4.756,1.086,0.000,0.004,24.444
VUT,Vanuatu,2021,0.707,4.972,1.069,0.000,0.004,5.357
VUT,Vanuatu,2022,0.605,5.161,1.047,0.000,0.004,-12.408
VUT,Vanuatu,2023,0.588,5.350,1.029,0.000,0.004,-0.473
VUT,Vanuatu,2024,0.601,5.547,1.012,0.000,0.004,4.574
VAT,Vatican,2000,,,,,,
VAT,Vatican,2001,,,,,,
VAT,Vatican,2002,,,,,,
VAT,Vatican,2003,,,,,,
VAT,Vatican,2004,,,,,,
VAT,Vatican,2005,,,,,,
VAT,Vatican,2006,,,,,,
VAT,Vatican,2007,,,,,,
VAT,Vatican,2008,,,,,,
VAT,Vatican,2009,,,,,,
VAT,Vatican,2010,,,,,,
VAT,Vatican,2011,,,,,,
VAT,Vatican,2012,,,,,,
VAT,Vatican,2013,,,,,,
VAT,Vatican,2014,,,,,,
VAT,Vatican,2015,,,,,,
VAT,Vatican,2016,,,,,,
VAT,Vatican,2017,,,,,,
VAT,Vatican,2018,,,,,,
VAT,Vatican,2019,,,,,,
VAT,Vatican,2020,,,,,,
VAT,Vatican,2021,,,,,,
VAT,Vatican,2022,,,,,,
VAT,Vatican,2023,,,,,,
VAT,Vatican,2024,,,,,,
VEN,Venezuela,2000,5.826,4424.800,2.933,0.160,0.644,-0.156
VEN,Venezuela,2001,5.229,4555.418,2.898,0.158,0.647,-8.596
VEN,Venezuela,2002,6.457,4719.651,2.665,0.124,0.650,25.735
VEN,Venezuela,2003,5.962,4874.015,2.616,0.133,0.652,-6.009
VEN,Venezuela,2004,5.423,5016.857,2.686,0.084,0.654,-7.464
VEN,Venezuela,2005,5.541,5165.266,2.710,0.096,0.656,3.897
VEN,Venezuela,2006,5.724,5321.107,2.654,0.180,0.657,5.008
VEN,Venezuela,2007,5.576,5475.274,2.663,0.128,0.659,-1.074
VEN,Venezuela,2008,5.552,5631.032,2.721,0.125,0.661,1.032
VEN,Venezuela,2009,5.351,5783.208,2.575,0.122,0.662,-2.300
VEN,Venezuela,2010,6.580,5972.790,2.367,0.107,0.662,24.581
VEN,Venezuela,2011,5.781,6141.502,2.350,0.115,0.661,-11.008
VEN,Venezuela,2012,5.950,6317.347,2.453,0.116,0.661,4.228
VEN,Venezuela,2013,6.634,6515.799,2.430,0.117,0.661,12.856
VEN,Venezuela,2014,5.817,6691.792,2.374,0.104,0.660,-11.318
VEN,Venezuela,2015,5.440,6858.120,2.281,0.107,0.658,-5.491
VEN,Venezuela,2016,4.964,7010.853,2.153,0.075,0.655,-8.174
VEN,Venezuela,2017,4.551,7149.946,2.030,0.070,0.650,-8.931
VEN,Venezuela,2018,3.732,7261.186,1.901,0.027,0.643,-20.025
VEN,Venezuela,2019,3.643,7366.617,1.787,0.021,0.636,-5.222
VEN,Venezuela,2020,2.844,7447.518,1.693,0.020,0.627,-23.266
VEN,Venezuela,2021,3.361,7542.420,1.645,0.035,0.619,17.307
VEN,Venezuela,2022,3.843,7650.844,1.712,0.037,0.611,14.247
VEN,Venezuela,2023,4.226,7770.432,1.754,0.037,0.605,10.297
VEN,Venezuela,2024,4.085,7886.474,1.677,0.036,0.597,-2.965
VNM,Vietnam,2000,0.699,1093.844,0.961,0.073,0.541,11.096
VNM,Vietnam,2001,0.782,1154.827,0.950,0.084,0.547,13.067
VNM,Vietnam,2002,0.883,1224.358,0.953,0.105,0.551,14.016
VNM,Vietnam,2003,0.971,1301.619,0.972,0.118,0.556,11.118
VNM,Vietnam,2004,1.107,1390.558,1.037,0.128,0.563,15.115
VNM,Vietnam,2005,1.182,1486.400,1.074,0.148,0.568,7.761
VNM,Vietnam,2006,1.213,1586.056,1.094,0.149,0.573,3.979
VNM,Vietnam,2007,1.213,1687.489,1.101,0.168,0.579,1.783
VNM,Vietnam,2008,1.342,1801.788,1.070,0.180,0.584,12.685
VNM,Vietnam,2009,1.440,1926.282,1.087,0.223,0.592,8.919
VNM,Vietnam,2010,1.596,2065.845,1.080,0.272,0.598,12.105
VNM,Vietnam,2011,1.725,2218.409,1.081,0.319,0.603,9.315
VNM,Vietnam,2012,1.612,2362.697,1.059,0.314,0.608,-5.425
VNM,Vietnam,2013,1.672,2514.156,1.051,0.335,0.612,4.971
VNM,Vietnam,2014,1.964,2694.204,1.043,0.357,0.622,18.875
VNM,Vietnam,2015,2.299,2907.595,1.002,0.369,0.630,18.519
VNM,Vietnam,2016,2.351,3128.622,0.977,0.392,0.636,3.578
VNM,Vietnam,2017,2.392,3356.317,0.962,0.449,0.642,3.017
VNM,Vietnam,2018,2.655,3611.785,0.971,0.516,0.648,12.198
VNM,Vietnam,2019,3.492,3951.097,0.965,0.582,0.655,32.820
VNM,Vietnam,2020,3.697,4313.696,0.936,0.612,0.662,6.863
VNM,Vietnam,2021,3.176,4627.893,0.958,0.627,0.668,-13.349
VNM,Vietnam,2022,3.237,4950.546,0.945,0.562,0.673,2.691
VNM,Vietnam,2023,3.462,5297.944,0.942,0.443,0.679,7.669
VNM,Vietnam,2024,3.673,5668.876,0.941,0.441,0.684,6.774
WLF,Wallis and Futuna,2000,1.485,0.231,,,0.000,0.000
WLF,Wallis and Futuna,2001,1.718,0.256,,0.000,0.000,16.667
WLF,Wallis and Futuna,2002,1.704,0.282,,0.000,0.000,0.000
WLF,Wallis and Futuna,2003,1.702,0.308,,0.000,0.000,0.000
WLF,Wallis and Futuna,2004,1.719,0.333,,0.000,0.000,0.000
WLF,Wallis and Futuna,2005,1.753,0.359,,0.000,0.000,0.000
WLF,Wallis and Futuna,2006,1.789,0.385,,0.000,0.000,0.000
WLF,Wallis and Futuna,2007,1.829,0.410,,0.000,0.000,0.000
WLF,Wallis and Futuna,2008,1.871,0.436,,0.000,0.000,0.000
WLF,Wallis and Futuna,2009,1.909,0.462,,0.000,0.000,0.000
WLF,Wallis and Futuna,2010,1.945,0.487,,0.000,0.000,0.000
WLF,Wallis and Futuna,2011,1.982,0.513,,0.000,0.000,0.000
WLF,Wallis and Futuna,2012,2.018,0.539,,0.000,0.000,0.000
WLF,Wallis and Futuna,2013,2.052,0.564,,0.000,0.000,0.000
WLF,Wallis and Futuna,2014,2.080,0.590,,0.000,0.000,0.000
WLF,Wallis and Futuna,2015,2.105,0.616,,0.000,0.000,0.000
WLF,Wallis and Futuna,2016,2.127,0.641,,0.000,0.000,0.000
WLF,Wallis and Futuna,2017,2.147,0.667,,0.000,0.000,0.000
WLF,Wallis and Futuna,2018,2.169,0.692,,0.000,0.000,0.000
WLF,Wallis and Futuna,2019,2.190,0.718,,0.000,0.000,0.000
WLF,Wallis and Futuna,2020,2.518,0.747,,0.000,0.000,14.286
WLF,Wallis and Futuna,2021,2.529,0.777,,0.000,0.000,0.000
WLF,Wallis and Futuna,2022,2.549,0.806,,0.000,0.000,0.000
WLF,Wallis and Futuna,2023,2.560,0.835,,0.000,0.000,-0.471
WLF,Wallis and Futuna,2024,2.699,0.866,,0.000,0.000,4.573
YEM,Yemen,2000,0.807,283.110,0.685,0.033,0.039,6.998
YEM,Yemen,2001,0.850,300.304,0.645,0.034,0.041,8.606
YEM,Yemen,2002,0.802,317.012,0.627,0.034,0.043,-2.832
YEM,Yemen,2003,0.867,335.621,0.702,0.032,0.045,11.384
YEM,Yemen,2004,0.910,355.730,0.670,0.031,0.047,8.058
YEM,Yemen,2005,0.956,377.527,0.752,0.030,0.050,8.395
YEM,Yemen,2006,1.015,401.433,0.872,0.027,0.053,9.676
YEM,Yemen,2007,0.974,425.109,0.870,0.030,0.055,-0.961
YEM,Yemen,2008,0.977,449.646,0.772,0.035,0.057,3.635
YEM,Yemen,2009,1.037,476.543,0.781,0.034,0.060,9.616
YEM,Yemen,2010,0.965,502.360,0.786,0.029,0.062,-4.011
YEM,Yemen,2011,0.820,524.985,0.680,0.042,0.063,-12.366
YEM,Yemen,2012,0.720,545.453,0.591,0.040,0.064,-9.536
YEM,Yemen,2013,0.931,572.734,0.621,0.045,0.066,33.290
YEM,Yemen,2014,0.880,599.326,0.567,0.043,0.067,-2.525
YEM,Yemen,2015,0.453,613.449,0.357,0.033,0.066,-46.891
YEM,Yemen,2016,0.313,623.492,0.317,0.018,0.066,-28.883
YEM,Yemen,2017,0.278,632.706,0.353,0.023,0.065,-8.262
YEM,Yemen,2018,0.338,644.210,0.370,0.022,0.065,24.854
YEM,Yemen,2019,0.336,655.998,0.379,0.022,0.065,2.468
YEM,Yemen,2020,0.298,666.755,0.362,0.019,0.065,-8.744
YEM,Yemen,2021,0.286,677.363,0.351,0.020,0.064,-1.386
YEM,Yemen,2022,0.272,687.767,0.332,0.021,0.064,-1.925
YEM,Yemen,2023,0.257,697.908,0.294,0.020,0.063,-2.524
YEM,Yemen,2024,0.249,708.031,0.285,0.019,0.062,-0.178
ZMB,Zambia,2000,0.178,169.546,1.338,0.015,0.192,0.366
ZMB,Zambia,2001,0.183,171.432,1.325,0.008,0.192,5.689
ZMB,Zambia,2002,0.184,173.393,1.396,0.009,0.193,3.993
ZMB,Zambia,2003,0.189,175.467,1.444,0.013,0.193,5.789
ZMB,Zambia,2004,0.186,177.571,1.391,0.014,0.194,1.433
ZMB,Zambia,2005,0.191,179.814,1.412,0.015,0.195,6.578
ZMB,Zambia,2006,0.184,182.045,1.287,0.018,0.195,-0.509
ZMB,Zambia,2007,0.183,184.342,1.272,0.017,0.196,2.978
ZMB,Zambia,2008,0.196,186.895,1.237,0.017,0.197,11.119
ZMB,Zambia,2009,0.218,189.835,1.156,0.025,0.199,15.153
ZMB,Zambia,2010,0.223,192.956,1.197,0.031,0.199,6.155
ZMB,Zambia,2011,0.234,196.335,1.114,0.032,0.200,8.277
ZMB,Zambia,2012,0.280,200.512,1.200,0.041,0.200,23.606
ZMB,Zambia,2013,0.287,204.939,1.188,0.046,0.200,5.979
ZMB,Zambia,2014,0.332,210.222,1.138,0.046,0.201,19.354
ZMB,Zambia,2015,0.337,215.744,1.117,0.043,0.201,4.528
ZMB,Zambia,2016,0.353,221.722,1.075,0.046,0.201,8.246
ZMB,Zambia,2017,0.428,229.181,1.005,0.049,0.201,24.775
ZMB,Zambia,2018,0.482,237.839,0.996,0.059,0.201,16.074
ZMB,Zambia,2019,0.478,246.685,1.006,0.052,0.201,2.178
ZMB,Zambia,2020,0.524,256.676,0.956,0.057,0.201,12.935
ZMB,Zambia,2021,0.477,266.026,0.950,0.054,0.201,-6.413
ZMB,Zambia,2022,0.543,276.965,1.013,0.044,0.201,16.996
ZMB,Zambia,2023,0.571,288.795,0.994,0.042,0.201,8.153
ZMB,Zambia,2024,0.565,300.839,0.992,0.041,0.201,1.797
ZWE,Zimbabwe,2000,1.162,575.608,0.998,0.034,0.116,-12.144
ZWE,Zimbabwe,2001,1.045,588.117,1.038,0.027,0.116,-9.452
ZWE,Zimbabwe,2002,0.984,600.013,0.932,0.020,0.116,-4.900
ZWE,Zimbabwe,2003,0.867,610.622,0.892,0.013,0.117,-10.813
ZWE,Zimbabwe,2004,0.762,620.051,0.901,0.016,0.117,-11.131
ZWE,Zimbabwe,2005,0.857,630.750,0.895,0.019,0.117,13.468
ZWE,Zimbabwe,2006,0.820,641.115,0.861,0.022,0.117,-3.113
ZWE,Zimbabwe,2007,0.768,650.950,0.872,0.012,0.117,-5.116
ZWE,Zimbabwe,2008,0.596,658.670,0.860,0.012,0.116,-21.505
ZWE,Zimbabwe,2009,0.628,666.920,0.890,0.021,0.116,6.861
ZWE,Zimbabwe,2010,0.655,675.674,0.917,0.023,0.115,6.112
ZWE,Zimbabwe,2011,0.762,686.037,0.928,0.028,0.115,18.382
ZWE,Zimbabwe,2012,0.815,697.295,0.894,0.041,0.114,8.629
ZWE,Zimbabwe,2013,0.833,708.966,0.864,0.033,0.113,3.677
ZWE,Zimbabwe,2014,0.841,720.912,0.804,0.035,0.112,2.354
ZWE,Zimbabwe,2015,0.835,732.929,0.842,0.041,0.111,0.591
ZWE,Zimbabwe,2016,0.725,743.517,0.763,0.032,0.110,-11.888
ZWE,Zimbabwe,2017,0.664,753.348,0.780,0.032,0.109,-7.156
ZWE,Zimbabwe,2018,0.746,764.557,0.787,0.037,0.108,14.024
ZWE,Zimbabwe,2019,0.672,774.824,0.762,0.031,0.107,-8.408
ZWE,Zimbabwe,2020,0.547,783.315,0.729,0.032,0.106,-17.298
ZWE,Zimbabwe,2021,0.647,793.538,0.750,0.034,0.105,20.398
ZWE,Zimbabwe,2022,0.761,805.769,0.787,0.024,0.104,19.653
ZWE,Zimbabwe,2023,0.823,819.213,0.796,0.024,0.103,9.904
ZWE,Zimbabwe,2024,0.824,832.914,0.800,0.023,0.102,1.918
