iso_code,country,year,value
AFG,Afghanistan,2000,3521418059.923445
AFG,Afghanistan,2001,2813571753.8725324
AFG,Afghanistan,2002,3825701438.9996333
AFG,Afghanistan,2003,4520946818.545814
AFG,Afghanistan,2004,5224896718.67782
AFG,Afghanistan,2005,6203256538.709669
AFG,Afghanistan,2006,6971758282.293506
AFG,Afghanistan,2007,9747886187.393929
AFG,Afghanistan,2008,10109297047.543194
AFG,Afghanistan,2009,12416152732.056717
AFG,Afghanistan,2010,15856668555.833595
AFG,Afghanistan,2011,17805098206.314083
AFG,Afghanistan,2012,19907329777.587166
AFG,Afghanistan,2013,20146416757.598675
AFG,Afghanistan,2014,20497128555.69723
AFG,Afghanistan,2015,19134221644.732494
AFG,Afghanistan,2016,18116572395.077213
AFG,Afghanistan,2017,18753456497.815865
AFG,Afghanistan,2018,18053222687.412624
AFG,Afghanistan,2019,18799444490.11278
AFG,Afghanistan,2020,19955929052.149597
AFG,Afghanistan,2021,14266499429.874573
AFG,Afghanistan,2022,14502158192.090395
AFE,Africa Eastern and Southern,2000,287201651448.6776
AFE,Africa Eastern and Southern,2001,260992227336.28116
AFE,Africa Eastern and Southern,2002,267815037918.23975
AFE,Africa Eastern and Southern,2003,355716369427.6711
AFE,Africa Eastern and Southern,2004,442696185471.3294
AFE,Africa Eastern and Southern,2005,516661066465.53375
AFE,Africa Eastern and Southern,2006,580240749509.2242
AFE,Africa Eastern and Southern,2007,665598701583.95
AFE,Africa Eastern and Southern,2008,713502105052.1711
AFE,Africa Eastern and Southern,2009,715485327250.4055
AFE,Africa Eastern and Southern,2010,849409658737.6615
AFE,Africa Eastern and Southern,2011,945439147816.6128
AFE,Africa Eastern and Southern,2012,952675592818.5546
AFE,Africa Eastern and Southern,2013,963347276805.0762
AFE,Africa Eastern and Southern,2014,979689662429.07
AFE,Africa Eastern and Southern,2015,899295676086.8356
AFE,Africa Eastern and Southern,2016,829829959319.292
AFE,Africa Eastern and Southern,2017,940105480733.6758
AFE,Africa Eastern and Southern,2018,1012719339457.7202
AFE,Africa Eastern and Southern,2019,1006527294483.0852
AFE,Africa Eastern and Southern,2020,929074086484.0929
AFE,Africa Eastern and Southern,2021,1086772164579.8655
AFE,Africa Eastern and Southern,2022,1183962133998.8745
AFE,Africa Eastern and Southern,2023,1236163044999.9653
AFW,Africa Western and Central,2000,142140083285.94757
AFW,Africa Western and Central,2001,149451860838.10855
AFW,Africa Western and Central,2002,178692437188.28018
AFW,Africa Western and Central,2003,206982053949.06894
AFW,Africa Western and Central,2004,256100640349.77148
AFW,Africa Western and Central,2005,312409315139.6122
AFW,Africa Western and Central,2006,397088785487.80707
AFW,Africa Western and Central,2007,465683513908.3415
AFW,Africa Western and Central,2008,567937963599.4514
AFW,Africa Western and Central,2009,508552578501.96185
AFW,Africa Western and Central,2010,598697706331.0016
AFW,Africa Western and Central,2011,682233324561.0428
AFW,Africa Western and Central,2012,737799647336.1948
AFW,Africa Western and Central,2013,834160608935.9955
AFW,Africa Western and Central,2014,894585438237.9581
AFW,Africa Western and Central,2015,769367317617.821
AFW,Africa Western and Central,2016,692181085843.4884
AFW,Africa Western and Central,2017,685750159763.1329
AFW,Africa Western and Central,2018,768189587833.6237
AFW,Africa Western and Central,2019,823933630796.516
AFW,Africa Western and Central,2020,787146719022.4213
AFW,Africa Western and Central,2021,845993047006.8054
AFW,Africa Western and Central,2022,877140805320.3569
AFW,Africa Western and Central,2023,796586157553.094
ALB,Albania,2000,3480355258.0412197
ALB,Albania,2001,3922100793.5403037
ALB,Albania,2002,4348068242.195123
ALB,Albania,2003,5611496257.142313
ALB,Albania,2004,7184685781.518761
ALB,Albania,2005,8052077248.146379
ALB,Albania,2006,8896075004.635162
ALB,Albania,2007,10677324852.882233
ALB,Albania,2008,12881352893.68551
ALB,Albania,2009,12044205549.65712
ALB,Albania,2010,11926926615.801525
ALB,Albania,2011,12890760315.146019
ALB,Albania,2012,12319834195.331005
ALB,Albania,2013,12776224496.97176
ALB,Albania,2014,13228147516.116798
ALB,Albania,2015,11386853113.0189
ALB,Albania,2016,11861199830.83956
ALB,Albania,2017,13019726211.736889
ALB,Albania,2018,15156424015.197748
ALB,Albania,2019,15401826127.253857
ALB,Albania,2020,15162734205.246202
ALB,Albania,2021,17930565118.81762
ALB,Albania,2022,18916378860.54883
ALB,Albania,2023,22977677860.797855
DZA,Algeria,2000,54790398570.328224
DZA,Algeria,2001,59413400923.63635
DZA,Algeria,2002,61516103406.16878
DZA,Algeria,2003,73482264190.92455
DZA,Algeria,2004,91913680985.17082
DZA,Algeria,2005,107046618669.707
DZA,Algeria,2006,123084258693.00974
DZA,Algeria,2007,142482739809.84927
DZA,Algeria,2008,180383848331.13458
DZA,Algeria,2009,150317292079.35913
DZA,Algeria,2010,177785053939.53052
DZA,Algeria,2011,218331946925.30356
DZA,Algeria,2012,227143746075.93402
DZA,Algeria,2013,229701430292.1566
DZA,Algeria,2014,238942664192.59
DZA,Algeria,2015,187493855609.34464
DZA,Algeria,2016,180763839522.15082
DZA,Algeria,2017,189880896903.0733
DZA,Algeria,2018,194554483655.52774
DZA,Algeria,2019,193459662090.67682
DZA,Algeria,2020,164873415325.20148
DZA,Algeria,2021,186265418570.69662
DZA,Algeria,2022,225560256621.7572
DZA,Algeria,2023,239899491127.74237
ASM,American Samoa,2002,512000000.0
ASM,American Samoa,2003,524000000.0
ASM,American Samoa,2004,509000000.0
ASM,American Samoa,2005,500000000.0
ASM,American Samoa,2006,493000000.0
ASM,American Samoa,2007,518000000.0
ASM,American Samoa,2008,560000000.0
ASM,American Samoa,2009,675000000.0
ASM,American Samoa,2010,573000000.0
ASM,American Samoa,2011,570000000.0
ASM,American Samoa,2012,640000000.0
ASM,American Samoa,2013,638000000.0
ASM,American Samoa,2014,643000000.0
ASM,American Samoa,2015,673000000.0
ASM,American Samoa,2016,671000000.0
ASM,American Samoa,2017,612000000.0
ASM,American Samoa,2018,639000000.0
ASM,American Samoa,2019,647000000.0
ASM,American Samoa,2020,721000000.0
ASM,American Samoa,2021,750000000.0
ASM,American Samoa,2022,871000000.0
AND,Andorra,2000,1432606188.693242
AND,Andorra,2001,1548265808.0580215
AND,Andorra,2002,1764279824.297522
AND,Andorra,2003,2366941808.944043
AND,Andorra,2004,2900245324.492212
AND,Andorra,2005,3161084091.1167426
AND,Andorra,2006,3459337986.4494796
AND,Andorra,2007,3957625367.2195907
AND,Andorra,2008,4102319399.0234303
AND,Andorra,2009,3688976340.754897
AND,Andorra,2010,3449925738.860686
AND,Andorra,2011,3629133574.2778273
AND,Andorra,2012,3188652765.361844
AND,Andorra,2013,3193512950.024186
AND,Andorra,2014,3271685596.6632113
AND,Andorra,2015,2789881258.503616
AND,Andorra,2016,2896610479.7307653
AND,Andorra,2017,3000162081.1197567
AND,Andorra,2018,3218419896.9641023
AND,Andorra,2019,3155149347.806392
AND,Andorra,2020,2891001149.361105
AND,Andorra,2021,3324683011.5903006
AND,Andorra,2022,3380602042.8428345
AND,Andorra,2023,3727673593.0192156
AGO,Angola,2000,9129594970.153011
AGO,Angola,2001,8936079117.731356
AGO,Angola,2002,15285592370.373981
AGO,Angola,2003,17812704586.43969
AGO,Angola,2004,23552057679.499435
AGO,Angola,2005,36970900883.810905
AGO,Angola,2006,52381025141.42681
AGO,Angola,2007,65266415494.25839
AGO,Angola,2008,88538665084.86345
AGO,Angola,2009,70307196181.65387
AGO,Angola,2010,83799474069.73146
AGO,Angola,2011,111789747670.5905
AGO,Angola,2012,128052915766.34274
AGO,Angola,2013,132339109040.23174
AGO,Angola,2014,135966802586.7132
AGO,Angola,2015,90496420506.59566
AGO,Angola,2016,52761617225.925285
AGO,Angola,2017,73690154990.73123
AGO,Angola,2018,79450688259.36636
AGO,Angola,2019,70897962732.02774
AGO,Angola,2020,48501561203.568634
AGO,Angola,2021,66505129987.72355
AGO,Angola,2022,104399746853.40141
AGO,Angola,2023,84722957642.37566
ATG,Antigua and Barbuda,2000,900551851.8518518
ATG,Antigua and Barbuda,2001,877514814.8148148
ATG,Antigua and Barbuda,2002,897988888.8888888
ATG,Antigua and Barbuda,2003,947955555.5555555
ATG,Antigua and Barbuda,2004,1026181481.4814814
ATG,Antigua and Barbuda,2005,1143714814.8148148
ATG,Antigua and Barbuda,2006,1303548148.148148
ATG,Antigua and Barbuda,2007,1487300000.0
ATG,Antigua and Barbuda,2008,1557540740.7407405
ATG,Antigua and Barbuda,2009,1386444444.4444444
ATG,Antigua and Barbuda,2010,1298255555.5555556
ATG,Antigua and Barbuda,2011,1281337037.037037
ATG,Antigua and Barbuda,2012,1327107407.4074073
ATG,Antigua and Barbuda,2013,1325425925.9259257
ATG,Antigua and Barbuda,2014,1378829629.6296296
ATG,Antigua and Barbuda,2015,1437755555.5555553
ATG,Antigua and Barbuda,2016,1489692592.5925925
ATG,Antigua and Barbuda,2017,1531151851.8518515
ATG,Antigua and Barbuda,2018,1661529629.6296296
ATG,Antigua and Barbuda,2019,1725351851.8518517
ATG,Antigua and Barbuda,2020,1410796296.2962961
ATG,Antigua and Barbuda,2021,1601366666.6666665
ATG,Antigua and Barbuda,2022,1867733333.3333333
ATG,Antigua and Barbuda,2023,2033085185.185185
ARB,Arab World,2000,760659530858.8258
ARB,Arab World,2001,741974816657.2614
ARB,Arab World,2002,743726477660.1875
ARB,Arab World,2003,826976496725.0271
ARB,Arab World,2004,983700787595.348
ARB,Arab World,2005,1205595865007.2478
ARB,Arab World,2006,1434109187806.894
ARB,Arab World,2007,1668426022116.8896
ARB,Arab World,2008,2109171849559.7715
ARB,Arab World,2009,1822783841737.6716
ARB,Arab World,2010,2154252309110.1936
ARB,Arab World,2011,2559855182439.7764
ARB,Arab World,2012,2793775680472.1484
ARB,Arab World,2013,2857872049304.9116
ARB,Arab World,2014,2905075942181.625
ARB,Arab World,2015,2544136348540.1826
ARB,Arab World,2016,2499965913229.877
ARB,Arab World,2017,2571053716382.9434
ARB,Arab World,2018,2865543585777.9526
ARB,Arab World,2019,2898668715645.555
ARB,Arab World,2020,2576553324185.614
ARB,Arab World,2021,2969116805615.582
ARB,Arab World,2022,3613682354462.2393
ARB,Arab World,2023,3491516939569.8794
ARG,Argentina,2000,284203750000.0
ARG,Argentina,2001,268696750000.0
ARG,Argentina,2002,97724004251.8602
ARG,Argentina,2003,127586973492.17664
ARG,Argentina,2004,164657930452.78662
ARG,Argentina,2005,198737095012.28165
ARG,Argentina,2006,232557260817.3077
ARG,Argentina,2007,287530508430.568
ARG,Argentina,2008,361558037110.41925
ARG,Argentina,2009,332976484577.6189
ARG,Argentina,2010,423627422092.4897
ARG,Argentina,2011,530158122010.44244
ARG,Argentina,2012,545982375701.128
ARG,Argentina,2013,552025140252.2463
ARG,Argentina,2014,526319673731.6383
ARG,Argentina,2015,594749285413.2124
ARG,Argentina,2016,557532320662.9546
ARG,Argentina,2017,643628393281.364
ARG,Argentina,2018,524819892360.1758
ARG,Argentina,2019,447754683615.22455
ARG,Argentina,2020,385740508436.9652
ARG,Argentina,2021,487902572164.3484
ARG,Argentina,2022,631133384439.9445
ARG,Argentina,2023,640591410663.8834
ARM,Armenia,2000,1911563668.8500648
ARM,Armenia,2001,2118467913.378734
ARM,Armenia,2002,2376335048.399756
ARM,Armenia,2003,2807061008.6908445
ARM,Armenia,2004,3576615240.4161587
ARM,Armenia,2005,4900469511.1019125
ARM,Armenia,2006,6384452066.514603
ARM,Armenia,2007,9206301269.791636
ARM,Armenia,2008,11662040713.875309
ARM,Armenia,2009,8647937081.256197
ARM,Armenia,2010,9260285755.624237
ARM,Armenia,2011,10142111824.583546
ARM,Armenia,2012,10619320682.947443
ARM,Armenia,2013,11121464437.04153
ARM,Armenia,2014,11609513246.795767
ARM,Armenia,2015,10553337518.414
ARM,Armenia,2016,10546136235.521862
ARM,Armenia,2017,11527458709.015797
ARM,Armenia,2018,12457940694.73953
ARM,Armenia,2019,13619290539.211607
ARM,Armenia,2020,12641698583.215239
ARM,Armenia,2021,13878908628.937809
ARM,Armenia,2022,19513474648.242935
ARM,Armenia,2023,24212134631.064003
ABW,Aruba,2000,1873452513.9664805
ABW,Aruba,2001,1896456983.2402234
ABW,Aruba,2002,1961843575.4189944
ABW,Aruba,2003,2044111731.8435755
ABW,Aruba,2004,2254830726.2569833
ABW,Aruba,2005,2360017318.435754
ABW,Aruba,2006,2469782681.5642457
ABW,Aruba,2007,2677641340.782123
ABW,Aruba,2008,2843024581.0055866
ABW,Aruba,2009,2553793296.0893855
ABW,Aruba,2010,2453597206.7039104
ABW,Aruba,2011,2637859217.8770947
ABW,Aruba,2012,2615208379.888268
ABW,Aruba,2013,2727849720.670391
ABW,Aruba,2014,2790849720.670391
ABW,Aruba,2015,2962907262.5698323
ABW,Aruba,2016,2983635195.5307264
ABW,Aruba,2017,3092429050.27933
ABW,Aruba,2018,3276184357.541899
ABW,Aruba,2019,3395798882.6815643
ABW,Aruba,2020,2558906303.8809776
ABW,Aruba,2021,3103184101.5135417
ABW,Aruba,2022,3544707788.0566425
AUS,Australia,2000,416167815092.9082
AUS,Australia,2001,379629301675.1082
AUS,Australia,2002,395788696012.0592
AUS,Australia,2003,467739079790.332
AUS,Australia,2004,614659980082.5154
AUS,Australia,2005,695692898676.5597
AUS,Australia,2006,748417562769.6357
AUS,Australia,2007,855007458585.2241
AUS,Australia,2008,1056112427190.3767
AUS,Australia,2009,928762122698.0496
AUS,Australia,2010,1148890200292.4233
AUS,Australia,2011,1398701323029.6284
AUS,Australia,2012,1547649835732.891
AUS,Australia,2013,1577301840200.0142
AUS,Australia,2014,1468597690006.215
AUS,Australia,2015,1351768945139.1135
AUS,Australia,2016,1207580901578.7236
AUS,Australia,2017,1326882104817.0027
AUS,Australia,2018,1429733668185.9053
AUS,Australia,2019,1394671325960.568
AUS,Australia,2020,1330381544909.3044
AUS,Australia,2021,1559033756285.1294
AUS,Australia,2022,1692956646855.7017
AUS,Australia,2023,1723827215334.7063
AUT,Austria,2000,197289625479.9063
AUT,Austria,2001,197508773215.3231
AUT,Austria,2002,214394866675.2396
AUT,Austria,2003,262273631180.05435
AUT,Austria,2004,301457562038.5413
AUT,Austria,2005,316092273276.01544
AUT,Austria,2006,336280064332.4113
AUT,Austria,2007,389185571506.05225
AUT,Austria,2008,432051935642.9452
AUT,Austria,2009,401758735822.2107
AUT,Austria,2010,392275107258.6674
AUT,Austria,2011,431685217367.51056
AUT,Austria,2012,409401816050.5313
AUT,Austria,2013,430190979705.962
AUT,Austria,2014,442584815286.03375
AUT,Austria,2015,381971148530.5428
AUT,Austria,2016,395837353031.499
AUT,Austria,2017,417261151844.9772
AUT,Austria,2018,454991174096.1016
AUT,Austria,2019,444596155845.2542
AUT,Austria,2020,435049316955.73663
AUT,Austria,2021,479295362747.0466
AUT,Austria,2022,470941926750.74115
AUT,Austria,2023,516034144115.9503
AZE,Azerbaijan,2000,5272615722.968918
AZE,Azerbaijan,2001,5707616203.720108
AZE,Azerbaijan,2002,6236087738.282841
AZE,Azerbaijan,2003,7276413079.114511
AZE,Azerbaijan,2004,8680405740.941248
AZE,Azerbaijan,2005,13245421880.834042
AZE,Azerbaijan,2006,20981929497.618767
AZE,Azerbaijan,2007,33049419431.224392
AZE,Azerbaijan,2008,48851293785.44826
AZE,Azerbaijan,2009,44292427184.94917
AZE,Azerbaijan,2010,52909294791.92624
AZE,Azerbaijan,2011,65952796427.94731
AZE,Azerbaijan,2012,69679944504.19719
AZE,Azerbaijan,2013,74160560123.69016
AZE,Azerbaijan,2014,75239785452.10219
AZE,Azerbaijan,2015,53076235354.74602
AZE,Azerbaijan,2016,37866996882.915695
AZE,Azerbaijan,2017,40866627351.98167
AZE,Azerbaijan,2018,47112470051.77007
AZE,Azerbaijan,2019,48174235294.117645
AZE,Azerbaijan,2020,42693000000.0
AZE,Azerbaijan,2021,54825411764.70589
AZE,Azerbaijan,2022,78807470588.2353
AZE,Azerbaijan,2023,72356176470.58824
BHS,"Bahamas, The",2000,8076470000.0
BHS,"Bahamas, The",2001,8317830000.0
BHS,"Bahamas, The",2002,8881160000.0
BHS,"Bahamas, The",2003,8870090000.0
BHS,"Bahamas, The",2004,9055290000.0
BHS,"Bahamas, The",2005,9836200000.0
BHS,"Bahamas, The",2006,10167250000.0
BHS,"Bahamas, The",2007,10618340000.0
BHS,"Bahamas, The",2008,10526000000.0
BHS,"Bahamas, The",2009,9981960000.0
BHS,"Bahamas, The",2010,10095760000.0
BHS,"Bahamas, The",2011,10070450000.0
BHS,"Bahamas, The",2012,10720500000.0
BHS,"Bahamas, The",2013,10395800000.0
BHS,"Bahamas, The",2014,10974100000.0
BHS,"Bahamas, The",2015,11671900000.0
BHS,"Bahamas, The",2016,11745100000.0
BHS,"Bahamas, The",2017,12236700000.0
BHS,"Bahamas, The",2018,12615800000.0
BHS,"Bahamas, The",2019,13016200000.0
BHS,"Bahamas, The",2020,9958200000.0
BHS,"Bahamas, The",2021,11368900000.0
BHS,"Bahamas, The",2022,13136400000.0
BHS,"Bahamas, The",2023,14338500000.0
BHR,Bahrain,2000,9062898936.170212
BHR,Bahrain,2001,8976196808.51064
BHR,Bahrain,2002,9593510638.297873
BHR,Bahrain,2003,11074813829.787233
BHR,Bahrain,2004,13150159574.468084
BHR,Bahrain,2005,15968723404.25532
BHR,Bahrain,2006,18504760638.29787
BHR,Bahrain,2007,21730000000.0
BHR,Bahrain,2008,25710904255.31915
BHR,Bahrain,2009,22938218085.106384
BHR,Bahrain,2010,25713271276.595745
BHR,Bahrain,2011,28776595744.68085
BHR,Bahrain,2012,30749308510.638298
BHR,Bahrain,2013,32539468085.106384
BHR,Bahrain,2014,33387712765.957447
BHR,Bahrain,2015,31125851063.82979
BHR,Bahrain,2016,32250132978.723404
BHR,Bahrain,2017,35423643617.02128
BHR,Bahrain,2018,37802005319.14893
BHR,Bahrain,2019,38653318085.106384
BHR,Bahrain,2020,34621807712.76596
BHR,Bahrain,2021,39288670212.76596
BHR,Bahrain,2022,44383297872.34042
BHR,Bahrain,2023,43205000000.0
BGD,Bangladesh,2000,53369787318.62453
BGD,Bangladesh,2001,53991289844.32913
BGD,Bangladesh,2002,54724081490.510185
BGD,Bangladesh,2003,60158929188.255615
BGD,Bangladesh,2004,65108544250.04247
BGD,Bangladesh,2005,69476001429.86258
BGD,Bangladesh,2006,71795735672.01486
BGD,Bangladesh,2007,79611644984.35574
BGD,Bangladesh,2008,91636997445.24236
BGD,Bangladesh,2009,102475158462.5109
BGD,Bangladesh,2010,115275540861.35988
BGD,Bangladesh,2011,128607482927.46777
BGD,Bangladesh,2012,133310747047.52785
BGD,Bangladesh,2013,149998957327.0292
BGD,Bangladesh,2014,172886611131.25522
BGD,Bangladesh,2015,195146607942.29083
BGD,Bangladesh,2016,265224514652.99173
BGD,Bangladesh,2017,293732447017.3276
BGD,Bangladesh,2018,321362751137.57434
BGD,Bangladesh,2019,351231655150.82745
BGD,Bangladesh,2020,373979442653.34265
BGD,Bangladesh,2021,416271647002.4352
BGD,Bangladesh,2022,460131688909.3012
BGD,Bangladesh,2023,437415331040.9943
BRB,Barbados,2000,3059500000.0
BRB,Barbados,2001,3054500000.0
BRB,Barbados,2002,3106500000.0
BRB,Barbados,2003,3209500000.0
BRB,Barbados,2004,3444500000.0
BRB,Barbados,2005,3819500000.0
BRB,Barbados,2006,4217323400.0
BRB,Barbados,2007,4675767950.0
BRB,Barbados,2008,4790410400.0
BRB,Barbados,2009,4466809600.0
BRB,Barbados,2010,4534772750.0
BRB,Barbados,2011,4662343500.0
BRB,Barbados,2012,4622687600.0
BRB,Barbados,2013,4693452700.0
BRB,Barbados,2014,4711838650.0
BRB,Barbados,2015,4738650450.0
BRB,Barbados,2016,4848210350.0
BRB,Barbados,2017,5000457800.0
BRB,Barbados,2018,5128345200.0
BRB,Barbados,2019,5367139250.0
BRB,Barbados,2020,4779756550.0
BRB,Barbados,2021,4945276000.0
BRB,Barbados,2022,5840673700.0
BRB,Barbados,2023,6393564189.61345
BLR,Belarus,2000,12736780455.15395
BLR,Belarus,2001,12354820143.884892
BLR,Belarus,2002,14594900944.765818
BLR,Belarus,2003,17825444724.487755
BLR,Belarus,2004,23141566292.94622
BLR,Belarus,2005,30210091836.82945
BLR,Belarus,2006,36961894281.34442
BLR,Belarus,2007,45275711995.82495
BLR,Belarus,2008,60752106347.12601
BLR,Belarus,2009,50873167326.04142
BLR,Belarus,2010,57231904542.87547
BLR,Belarus,2011,61762382327.93193
BLR,Belarus,2012,65685890438.89215
BLR,Belarus,2013,75527558966.44727
BLR,Belarus,2014,78812805039.07434
BLR,Belarus,2015,56454889146.60878
BLR,Belarus,2016,47723545321.25899
BLR,Belarus,2017,54725302249.808784
BLR,Belarus,2018,60031173807.719635
BLR,Belarus,2019,64410122847.3508
BLR,Belarus,2020,61371755326.2351
BLR,Belarus,2021,69673747131.86996
BLR,Belarus,2022,73775179924.60303
BLR,Belarus,2023,71857382745.6066
BEL,Belgium,2000,236792460312.4711
BEL,Belgium,2001,236746141604.3704
BEL,Belgium,2002,258383599375.17697
BEL,Belgium,2003,318082528506.5876
BEL,Belgium,2004,369214712443.20557
BEL,Belgium,2005,385714762230.03876
BEL,Belgium,2006,408259840868.82294
BEL,Belgium,2007,470922156309.4525
BEL,Belgium,2008,517328087920.078
BEL,Belgium,2009,483254171097.8122
BEL,Belgium,2010,481420882905.0009
BEL,Belgium,2011,523330354138.1333
BEL,Belgium,2012,496152879924.7267
BEL,Belgium,2013,521791015247.0603
BEL,Belgium,2014,535390200131.0177
BEL,Belgium,2015,462335574841.48413
BEL,Belgium,2016,476062757356.92725
BEL,Belgium,2017,502764720556.3538
BEL,Belgium,2018,543299066998.90155
BEL,Belgium,2019,535865804349.80304
BEL,Belgium,2020,526021513474.2427
BEL,Belgium,2021,600904461226.3469
BEL,Belgium,2022,583613982019.263
BEL,Belgium,2023,632216577075.1093
BLZ,Belize,2000,1134756760.6207051
BLZ,Belize,2001,1168127973.9434898
BLZ,Belize,2002,1240059540.093475
BLZ,Belize,2003,1303381860.756735
BLZ,Belize,2004,1394273990.600035
BLZ,Belize,2005,1468145956.19917
BLZ,Belize,2006,1584207353.220495
BLZ,Belize,2007,1699214298.9143949
BLZ,Belize,2008,1731921564.0667
BLZ,Belize,2009,1681473348.434685
BLZ,Belize,2010,1739070295.44027
BLZ,Belize,2011,1818831938.17757
BLZ,Belize,2012,1899503249.864295
BLZ,Belize,2013,2021757434.18064
BLZ,Belize,2014,2125125606.2572303
BLZ,Belize,2015,2194709309.242045
BLZ,Belize,2016,2240593542.975695
BLZ,Belize,2017,2266664817.08822
BLZ,Belize,2018,2292787335.624515
BLZ,Belize,2019,2386792476.106365
BLZ,Belize,2020,2047727810.06777
BLZ,Belize,2021,2424575179.378305
BLZ,Belize,2022,2830507575.6840954
BLZ,Belize,2023,3281500000.0
BEN,Benin,2000,3519991440.4791317
BEN,Benin,2001,3666222635.138748
BEN,Benin,2002,4194342686.2178025
BEN,Benin,2003,5349258094.482386
BEN,Benin,2004,6190270380.498556
BEN,Benin,2005,6567654954.38903
BEN,Benin,2006,7034111314.888124
BEN,Benin,2007,8169048382.838754
BEN,Benin,2008,9787734526.23965
BEN,Benin,2009,9738626517.003195
BEN,Benin,2010,9535345015.78355
BEN,Benin,2011,10693321363.657408
BEN,Benin,2012,11141358115.899054
BEN,Benin,2013,12517845123.931498
BEN,Benin,2014,13284527846.908115
BEN,Benin,2015,11388160996.773783
BEN,Benin,2016,11821065853.38379
BEN,Benin,2017,12701655836.9467
BEN,Benin,2018,14262408089.926104
BEN,Benin,2019,14390708751.024961
BEN,Benin,2020,15686741883.93395
BEN,Benin,2021,17687623530.335533
BEN,Benin,2022,17425418044.290585
BEN,Benin,2023,19673284686.00226
BMU,Bermuda,2000,3480219000.0
BMU,Bermuda,2001,3680483000.0
BMU,Bermuda,2002,3937228000.0
BMU,Bermuda,2003,4186524999.9999995
BMU,Bermuda,2004,4484703000.0
BMU,Bermuda,2005,4868136000.0
BMU,Bermuda,2006,6144000000.0
BMU,Bermuda,2007,6767000000.0
BMU,Bermuda,2008,6980000000.0
BMU,Bermuda,2009,6656000000.0
BMU,Bermuda,2010,6634526000.0
BMU,Bermuda,2011,6312691000.0
BMU,Bermuda,2012,6378188000.0
BMU,Bermuda,2013,6465756000.0
BMU,Bermuda,2014,6413988000.0
BMU,Bermuda,2015,6654541000.0
BMU,Bermuda,2016,6899911000.0
BMU,Bermuda,2017,7142316000.0
BMU,Bermuda,2018,7225977000.0
BMU,Bermuda,2019,7423465000.0
BMU,Bermuda,2020,6887147000.0
BMU,Bermuda,2021,7286607000.0
BMU,Bermuda,2022,7827980000.0
BTN,Bhutan,2000,460733418.3992761
BTN,Bhutan,2001,496110225.71030724
BTN,Bhutan,2002,559345263.7083086
BTN,Bhutan,2003,651935430.314445
BTN,Bhutan,2004,735348490.4284352
BTN,Bhutan,2005,860391000.2216555
BTN,Bhutan,2006,942879878.5388786
BTN,Bhutan,2007,1255767964.004914
BTN,Bhutan,2008,1317517834.5991557
BTN,Bhutan,2009,1331343797.773081
BTN,Bhutan,2010,1673464261.2798216
BTN,Bhutan,2011,1938441288.7919033
BTN,Bhutan,2012,1939730676.1747937
BTN,Bhutan,2013,1913162477.220792
BTN,Bhutan,2014,2057330872.7315116
BTN,Bhutan,2015,2154921010.655577
BTN,Bhutan,2016,2322730512.468928
BTN,Bhutan,2017,2591358115.158436
BTN,Bhutan,2018,2583335723.321254
BTN,Bhutan,2019,2735683408.576508
BTN,Bhutan,2020,2457604042.409587
BTN,Bhutan,2021,2768802803.1814113
BTN,Bhutan,2022,2898227713.223154
BOL,Bolivia,2000,8397855484.769085
BOL,Bolivia,2001,8141516928.394893
BOL,Bolivia,2002,7905485146.443515
BOL,Bolivia,2003,8082399639.543047
BOL,Bolivia,2004,8773451751.512096
BOL,Bolivia,2005,9549122905.328524
BOL,Bolivia,2006,11451844902.221363
BOL,Bolivia,2007,13120108008.347721
BOL,Bolivia,2008,16674276285.895582
BOL,Bolivia,2009,17339992193.732193
BOL,Bolivia,2010,19649723722.103386
BOL,Bolivia,2011,23963164696.591965
BOL,Bolivia,2012,27084497481.910275
BOL,Bolivia,2013,30659338885.672935
BOL,Bolivia,2014,32996188017.366135
BOL,Bolivia,2015,33000198248.914616
BOL,Bolivia,2016,33941126193.921852
BOL,Bolivia,2017,37508642170.767006
BOL,Bolivia,2018,40287647930.53545
BOL,Bolivia,2019,40895322850.94067
BOL,Bolivia,2020,36629843806.07815
BOL,Bolivia,2021,40406111693.198265
BOL,Bolivia,2022,44008282879.884224
BOL,Bolivia,2023,45849832906.413895
BIH,Bosnia and Herzegovina,2000,5567772768.811885
BIH,Bosnia and Herzegovina,2001,5800615466.266482
BIH,Bosnia and Herzegovina,2002,6728220886.645462
BIH,Bosnia and Herzegovina,2003,8498894359.386289
BIH,Bosnia and Herzegovina,2004,10156541538.39903
BIH,Bosnia and Herzegovina,2005,11222796336.542631
BIH,Bosnia and Herzegovina,2006,12864841905.954311
BIH,Bosnia and Herzegovina,2007,15778734264.37873
BIH,Bosnia and Herzegovina,2008,19112796623.117504
BIH,Bosnia and Herzegovina,2009,17613949091.229362
BIH,Bosnia and Herzegovina,2010,17176315803.729837
BIH,Bosnia and Herzegovina,2011,18644233537.109337
BIH,Bosnia and Herzegovina,2012,17226735995.690475
BIH,Bosnia and Herzegovina,2013,18179108530.526096
BIH,Bosnia and Herzegovina,2014,18558733564.4692
BIH,Bosnia and Herzegovina,2015,16404348871.443703
BIH,Bosnia and Herzegovina,2016,17116926327.624695
BIH,Bosnia and Herzegovina,2017,18326373366.110527
BIH,Bosnia and Herzegovina,2018,20484053868.92458
BIH,Bosnia and Herzegovina,2019,20482608755.378956
BIH,Bosnia and Herzegovina,2020,20226036564.412888
BIH,Bosnia and Herzegovina,2021,23672712242.214893
BIH,Bosnia and Herzegovina,2022,24534663636.17784
BIH,Bosnia and Herzegovina,2023,27054889362.885204
BWA,Botswana,2000,5788329609.157553
BWA,Botswana,2001,5489608299.664453
BWA,Botswana,2002,5438863982.886922
BWA,Botswana,2003,7511582173.377239
BWA,Botswana,2004,8957467706.535404
BWA,Botswana,2005,9918907108.097015
BWA,Botswana,2006,9919158482.410852
BWA,Botswana,2007,10567270655.502705
BWA,Botswana,2008,10730829116.410507
BWA,Botswana,2009,10118459242.318321
BWA,Botswana,2010,12637273429.133932
BWA,Botswana,2011,15110643612.17291
BWA,Botswana,2012,13907464500.148876
BWA,Botswana,2013,14271738933.204172
BWA,Botswana,2014,15470088500.74136
BWA,Botswana,2015,13530748844.504961
BWA,Botswana,2016,15082637184.04962
BWA,Botswana,2017,16105155856.770824
BWA,Botswana,2018,17031943186.13526
BWA,Botswana,2019,16725908148.548136
BWA,Botswana,2020,14960291105.931597
BWA,Botswana,2021,18750946600.142254
BWA,Botswana,2022,20321958850.03632
BWA,Botswana,2023,19395765126.312748
BRA,Brazil,2000,655448231983.5271
BRA,Brazil,2001,559983634798.9812
BRA,Brazil,2002,509795273806.7151
BRA,Brazil,2003,558233745651.8737
BRA,Brazil,2004,669289424806.307
BRA,Brazil,2005,891633839853.1047
BRA,Brazil,2006,1107626541710.7407
BRA,Brazil,2007,1397114486471.384
BRA,Brazil,2008,1695855083552.0544
BRA,Brazil,2009,1666996438681.463
BRA,Brazil,2010,2208837745214.2334
BRA,Brazil,2011,2616156223977.466
BRA,Brazil,2012,2465227803011.568
BRA,Brazil,2013,2472819535742.7266
BRA,Brazil,2014,2456043727198.8545
BRA,Brazil,2015,1802212206904.6777
BRA,Brazil,2016,1795693482652.5151
BRA,Brazil,2017,2063514977334.3206
BRA,Brazil,2018,1916933898038.3572
BRA,Brazil,2019,1873288205186.4495
BRA,Brazil,2020,1476107231194.106
BRA,Brazil,2021,1670647399034.6658
BRA,Brazil,2022,1951923942083.3196
BRA,Brazil,2023,2173665655937.2737
BRN,Brunei Darussalam,2000,6001282104.08228
BRN,Brunei Darussalam,2001,5601018684.249742
BRN,Brunei Darussalam,2002,5843368267.853911
BRN,Brunei Darussalam,2003,6557397070.22741
BRN,Brunei Darussalam,2004,7872202803.408771
BRN,Brunei Darussalam,2005,9531420027.79385
BRN,Brunei Darussalam,2006,11470464771.013
BRN,Brunei Darussalam,2007,12247677993.924765
BRN,Brunei Darussalam,2008,14393434224.759678
BRN,Brunei Darussalam,2009,10732595016.118177
BRN,Brunei Darussalam,2010,13707280259.97628
BRN,Brunei Darussalam,2011,18525128526.376625
BRN,Brunei Darussalam,2012,19048443340.773243
BRN,Brunei Darussalam,2013,18094321616.795853
BRN,Brunei Darussalam,2014,17097802752.872839
BRN,Brunei Darussalam,2015,12930291487.95813
BRN,Brunei Darussalam,2016,11400466356.389812
BRN,Brunei Darussalam,2017,12128183904.450096
BRN,Brunei Darussalam,2018,13566937673.796574
BRN,Brunei Darussalam,2019,13469235364.703175
BRN,Brunei Darussalam,2020,12005799653.983503
BRN,Brunei Darussalam,2021,14006496617.445808
BRN,Brunei Darussalam,2022,16681536466.7183
BRN,Brunei Darussalam,2023,15128292953.509842
BGR,Bulgaria,2000,13245990274.45809
BGR,Bulgaria,2001,14183446025.738909
BGR,Bulgaria,2002,16403043849.82968
BGR,Bulgaria,2003,21144957990.468067
BGR,Bulgaria,2004,26157743368.871613
BGR,Bulgaria,2005,29868657858.008186
BGR,Bulgaria,2006,34380536495.67393
BGR,Bulgaria,2007,44432811756.47305
BGR,Bulgaria,2008,54480684188.44424
BGR,Bulgaria,2009,52023801230.120026
BGR,Bulgaria,2010,50760929302.51474
BGR,Bulgaria,2011,57737040780.015656
BGR,Bulgaria,2012,54288135058.79262
BGR,Bulgaria,2013,55852123989.95043
BGR,Bulgaria,2014,57157782909.93072
BGR,Bulgaria,2015,50811995688.67711
BGR,Bulgaria,2016,53964253211.83995
BGR,Bulgaria,2017,59309748166.11794
BGR,Bulgaria,2018,66370132238.3914
BGR,Bulgaria,2019,68881010245.54976
BGR,Bulgaria,2020,70368758395.14104
BGR,Bulgaria,2021,84041493015.66185
BGR,Bulgaria,2022,90346169914.93486
BGR,Bulgaria,2023,101584384672.78587
BFA,Burkina Faso,2000,2968370087.597594
BFA,Burkina Faso,2001,3190371080.947684
BFA,Burkina Faso,2002,3622350062.9605265
BFA,Burkina Faso,2003,4740768142.674943
BFA,Burkina Faso,2004,5451688537.6095915
BFA,Burkina Faso,2005,6146353173.349286
BFA,Burkina Faso,2006,6547419820.381131
BFA,Burkina Faso,2007,7625722836.768471
BFA,Burkina Faso,2008,9451435490.114674
BFA,Burkina Faso,2009,9450696873.343262
BFA,Burkina Faso,2010,10109619740.699419
BFA,Burkina Faso,2011,12080295977.563232
BFA,Burkina Faso,2012,12561015156.568285
BFA,Burkina Faso,2013,13444300485.841228
BFA,Burkina Faso,2014,13943016076.743608
BFA,Burkina Faso,2015,11832159315.62978
BFA,Burkina Faso,2016,12833363045.336655
BFA,Burkina Faso,2017,14106955615.344177
BFA,Burkina Faso,2018,15890066221.288244
BFA,Burkina Faso,2019,16032813501.663946
BFA,Burkina Faso,2020,17725010530.7894
BFA,Burkina Faso,2021,19643166853.66414
BFA,Burkina Faso,2022,18820219331.22608
BFA,Burkina Faso,2023,20324617838.967648
BDI,Burundi,2000,870486065.8831366
BDI,Burundi,2001,876794723.0685855
BDI,Burundi,2002,825394519.4237278
BDI,Burundi,2003,784654423.6204764
BDI,Burundi,2004,915257323.3960996
BDI,Burundi,2005,1117113079.736455
BDI,Burundi,2006,1273375078.4484448
BDI,Burundi,2007,1356199387.4230778
BDI,Burundi,2008,1611835857.0458813
BDI,Burundi,2009,1781455139.8593144
BDI,Burundi,2010,2032135192.0124843
BDI,Burundi,2011,2235820809.3200555
BDI,Burundi,2012,2333341334.457535
BDI,Burundi,2013,2451606632.292456
BDI,Burundi,2014,2705783329.804834
BDI,Burundi,2015,3104003546.264973
BDI,Burundi,2016,2644487776.500767
BDI,Burundi,2017,2723586962.8403373
BDI,Burundi,2018,2667182199.51333
BDI,Burundi,2019,2576518879.823531
BDI,Burundi,2020,2649680261.442985
BDI,Burundi,2021,2775798697.4602237
BDI,Burundi,2022,3338722827.656905
BDI,Burundi,2023,2642161668.9275384
CPV,Cabo Verde,2000,539227277.6264108
CPV,Cabo Verde,2001,563090490.3773685
CPV,Cabo Verde,2002,620507387.4661741
CPV,Cabo Verde,2003,813260468.8738337
CPV,Cabo Verde,2004,924940011.8368965
CPV,Cabo Verde,2005,972241676.9076619
CPV,Cabo Verde,2006,1107571457.9061399
CPV,Cabo Verde,2007,1649621738.636892
CPV,Cabo Verde,2008,1959620648.3157773
CPV,Cabo Verde,2009,1852334575.1752055
CPV,Cabo Verde,2010,1824751467.9295683
CPV,Cabo Verde,2011,2046817987.2010858
CPV,Cabo Verde,2012,1913081210.4141111
CPV,Cabo Verde,2013,2028910915.1644647
CPV,Cabo Verde,2014,2041930125.4297915
CPV,Cabo Verde,2015,1749857620.3532875
CPV,Cabo Verde,2016,1849789985.9957225
CPV,Cabo Verde,2017,1996741539.9508774
CPV,Cabo Verde,2018,2205099506.9999404
CPV,Cabo Verde,2019,2252177124.324024
CPV,Cabo Verde,2020,1821565613.6861308
CPV,Cabo Verde,2021,2051842609.6455781
CPV,Cabo Verde,2022,2303738020.1514816
CPV,Cabo Verde,2023,2587252076.305599
KHM,Cambodia,2000,3654031716.398547
KHM,Cambodia,2001,3984000517.074414
KHM,Cambodia,2002,4284028482.5121264
KHM,Cambodia,2003,4658246918.321186
KHM,Cambodia,2004,5337833248.014341
KHM,Cambodia,2005,6293046161.7593155
KHM,Cambodia,2006,7274595706.574058
KHM,Cambodia,2007,8639235912.590769
KHM,Cambodia,2008,10351914177.483913
KHM,Cambodia,2009,10401851767.708315
KHM,Cambodia,2010,11242275287.581013
KHM,Cambodia,2011,12829541141.061968
KHM,Cambodia,2012,14054443213.488718
KHM,Cambodia,2013,15227991395.12074
KHM,Cambodia,2014,16702610842.35294
KHM,Cambodia,2015,18049954289.472065
KHM,Cambodia,2016,20016747857.636715
KHM,Cambodia,2017,22177200588.182632
KHM,Cambodia,2018,24571753583.393467
KHM,Cambodia,2019,27089390032.797966
KHM,Cambodia,2020,25872797891.766376
KHM,Cambodia,2021,26961061151.733734
KHM,Cambodia,2022,29504829319.316875
KHM,Cambodia,2023,31772759998.85713
CMR,Cameroon,2000,10566579294.515879
CMR,Cameroon,2001,10953485345.222004
CMR,Cameroon,2002,12417251341.602757
CMR,Cameroon,2003,15970315030.239712
CMR,Cameroon,2004,18826214125.231678
CMR,Cameroon,2005,19509852219.89974
CMR,Cameroon,2006,20910512979.12774
CMR,Cameroon,2007,23928250409.221233
CMR,Cameroon,2008,27715142006.01808
CMR,Cameroon,2009,27932970296.85164
CMR,Cameroon,2010,27507501808.637745
CMR,Cameroon,2011,30630910513.488373
CMR,Cameroon,2012,30155062302.449677
CMR,Cameroon,2013,33728621190.416393
CMR,Cameroon,2014,36386544715.27016
CMR,Cameroon,2015,32210233021.404896
CMR,Cameroon,2016,33814337040.781666
CMR,Cameroon,2017,36098547058.785095
CMR,Cameroon,2018,39955552189.79499
CMR,Cameroon,2019,39667757527.65778
CMR,Cameroon,2020,40773241177.05051
CMR,Cameroon,2021,44993521774.06597
CMR,Cameroon,2022,43644068310.85101
CMR,Cameroon,2023,47945510090.05286
CAN,Canada,2000,744773415931.587
CAN,Canada,2001,738981792355.372
CAN,Canada,2002,760649334098.0055
CAN,Canada,2003,895540646634.787
CAN,Canada,2004,1026690238278.2476
CAN,Canada,2005,1173108598778.6763
CAN,Canada,2006,1319264809590.9731
CAN,Canada,2007,1468820407783.2603
CAN,Canada,2008,1552989690721.6497
CAN,Canada,2009,1374625142157.2915
CAN,Canada,2010,1617343367486.2585
CAN,Canada,2011,1793326630174.5186
CAN,Canada,2012,1828366481521.5952
CAN,Canada,2013,1846597421834.9834
CAN,Canada,2014,1805749878439.9412
CAN,Canada,2015,1556508816217.1401
CAN,Canada,2016,1527994741907.425
CAN,Canada,2017,1649265644244.095
CAN,Canada,2018,1725329192783.024
CAN,Canada,2019,1743725183672.5212
CAN,Canada,2020,1655684730000.1936
CAN,Canada,2021,2007472181464.1519
CAN,Canada,2022,2161483369422.0146
CAN,Canada,2023,2140085567791.4514
CSS,Caribbean small states,2000,17467367619.11133
CSS,Caribbean small states,2001,17638376240.548378
CSS,Caribbean small states,2002,18687788779.52685
CSS,Caribbean small states,2003,19248879362.73341
CSS,Caribbean small states,2004,20281937834.11507
CSS,Caribbean small states,2005,22208371015.041626
CSS,Caribbean small states,2006,25923714993.905876
CSS,Caribbean small states,2007,28067234199.50139
CSS,Caribbean small states,2008,29396279802.381817
CSS,Caribbean small states,2009,28708191270.567104
CSS,Caribbean small states,2010,29715534449.174686
CSS,Caribbean small states,2011,30344564229.33823
CSS,Caribbean small states,2012,32052386052.294262
CSS,Caribbean small states,2013,32390809157.29226
CSS,Caribbean small states,2014,33462282320.523846
CSS,Caribbean small states,2015,34538256117.68588
CSS,Caribbean small states,2016,33451252507.26625
CSS,Caribbean small states,2017,34921587493.33965
CSS,Caribbean small states,2018,36225416548.20062
CSS,Caribbean small states,2019,37621010338.36159
CSS,Caribbean small states,2020,31378030000.78202
CSS,Caribbean small states,2021,36706592898.692474
CSS,Caribbean small states,2022,48138054138.98492
CSS,Caribbean small states,2023,53252637669.89535
CYM,Cayman Islands,2006,4200288282.1015687
CYM,Cayman Islands,2007,4466278030.591674
CYM,Cayman Islands,2008,4585948969.332233
CYM,Cayman Islands,2009,4281714618.0323763
CYM,Cayman Islands,2010,4156841163.777627
CYM,Cayman Islands,2011,4186073160.182533
CYM,Cayman Islands,2012,4291004485.5680346
CYM,Cayman Islands,2013,4405796081.159841
CYM,Cayman Islands,2014,4562853582.324625
CYM,Cayman Islands,2015,4708167255.287269
CYM,Cayman Islands,2016,4909322200.002124
CYM,Cayman Islands,2017,5166281293.187153
CYM,Cayman Islands,2018,5530178498.907827
CYM,Cayman Islands,2019,5941896599.573326
CYM,Cayman Islands,2020,5655357984.242185
CYM,Cayman Islands,2021,6060026509.585386
CYM,Cayman Islands,2022,6600844001.537206
CAF,Central African Republic,2000,916777282.6916586
CAF,Central African Republic,2001,932648604.7519541
CAF,Central African Republic,2002,996068144.8848892
CAF,Central African Republic,2003,1142315522.538636
CAF,Central African Republic,2004,1272360517.3237343
CAF,Central African Republic,2005,1337894378.737431
CAF,Central African Republic,2006,1461859762.3345907
CAF,Central African Republic,2007,1699811294.9493458
CAF,Central African Republic,2008,1993407888.4983778
CAF,Central African Republic,2009,2067381665.2545447
CAF,Central African Republic,2010,2142591540.4006848
CAF,Central African Republic,2011,2437982705.120927
CAF,Central African Republic,2012,2510126512.2283134
CAF,Central African Republic,2013,1691544110.1854331
CAF,Central African Republic,2014,1894813389.403252
CAF,Central African Republic,2015,1695825714.1928205
CAF,Central African Republic,2016,1825018144.6559532
CAF,Central African Republic,2017,2072349972.6817954
CAF,Central African Republic,2018,2220979146.1124053
CAF,Central African Republic,2019,2221301351.439182
CAF,Central African Republic,2020,2326720900.380474
CAF,Central African Republic,2021,2516498412.463837
CAF,Central African Republic,2022,2382618615.016939
CAF,Central African Republic,2023,2555492085.2483063
CEB,Central Europe and the Baltics,2000,428597564395.9415
CEB,Central Europe and the Baltics,2001,468614167274.2405
CEB,Central Europe and the Baltics,2002,528074378315.02216
CEB,Central Europe and the Baltics,2003,634393988542.2975
CEB,Central Europe and the Baltics,2004,763090451335.7031
CEB,Central Europe and the Baltics,2005,886072339096.3014
CEB,Central Europe and the Baltics,2006,1001637213773.6056
CEB,Central Europe and the Baltics,2007,1265565727257.357
CEB,Central Europe and the Baltics,2008,1530718934020.8186
CEB,Central Europe and the Baltics,2009,1289853592526.9795
CEB,Central Europe and the Baltics,2010,1316548010141.4233
CEB,Central Europe and the Baltics,2011,1454732403908.4631
CEB,Central Europe and the Baltics,2012,1359052936743.2288
CEB,Central Europe and the Baltics,2013,1417557275930.6997
CEB,Central Europe and the Baltics,2014,1463823020682.8547
CEB,Central Europe and the Baltics,2015,1293623329358.516
CEB,Central Europe and the Baltics,2016,1316821592128.1628
CEB,Central Europe and the Baltics,2017,1461567745963.704
CEB,Central Europe and the Baltics,2018,1649014249607.3076
CEB,Central Europe and the Baltics,2019,1674815945871.774
CEB,Central Europe and the Baltics,2020,1665817489087.9575
CEB,Central Europe and the Baltics,2021,1908203520080.4954
CEB,Central Europe and the Baltics,2022,1943576044705.412
CEB,Central Europe and the Baltics,2023,2252970882003.431
TCD,Chad,2000,1388506771.587557
TCD,Chad,2001,1710843377.001189
TCD,Chad,2002,1997005708.8157554
TCD,Chad,2003,2742815071.5743995
TCD,Chad,2004,4422855660.82592
TCD,Chad,2005,6649307523.643773
TCD,Chad,2006,7428701453.9150915
TCD,Chad,2007,8650137743.325472
TCD,Chad,2008,10393833765.365057
TCD,Chad,2009,9290728318.988207
TCD,Chad,2010,10668103554.119226
TCD,Chad,2011,12172308851.039494
TCD,Chad,2012,12367362757.134161
TCD,Chad,2013,12953534866.428648
TCD,Chad,2014,13940767218.584887
TCD,Chad,2015,10950392256.954294
TCD,Chad,2016,10097778098.170738
TCD,Chad,2017,10000394381.017702
TCD,Chad,2018,11239167898.339537
TCD,Chad,2019,11314951091.728327
TCD,Chad,2020,10715396042.334282
TCD,Chad,2021,11779981332.159998
TCD,Chad,2022,12396807590.172993
TCD,Chad,2023,13149325358.73826
CHI,Channel Islands,2000,6439703434.710243
CHI,Channel Islands,2001,6232906290.485102
CHI,Channel Islands,2002,6663669064.748201
CHI,Channel Islands,2003,7332244897.959183
CHI,Channel Islands,2004,8553643354.082753
CHI,Channel Islands,2005,8827272727.272726
CHI,Channel Islands,2006,9676172953.081877
CHI,Channel Islands,2007,11514605842.336935
CHI,Channel Islands,2016,9072059721.021658
CHI,Channel Islands,2017,9070980826.69076
CHI,Channel Islands,2018,9940766574.08511
CHI,Channel Islands,2019,9921386549.998047
CHI,Channel Islands,2020,9301349237.210602
CHI,Channel Islands,2021,11138490591.65705
CHI,Channel Islands,2022,11228317318.765242
CHL,Chile,2000,78339750721.73518
CHL,Chile,2001,71574739561.43288
CHL,Chile,2002,70264045939.13216
CHL,Chile,2003,76492579644.06053
CHL,Chile,2004,99075985773.176
CHL,Chile,2005,122294145162.83487
CHL,Chile,2006,153843518171.4301
CHL,Chile,2007,172491076033.86267
CHL,Chile,2008,179894594475.97992
CHL,Chile,2009,171777900623.17734
CHL,Chile,2010,217051209240.29752
CHL,Chile,2011,251382573885.5944
CHL,Chile,2012,267024782480.28046
CHL,Chile,2013,277395018837.36597
CHL,Chile,2014,259560978231.5518
CHL,Chile,2015,242450355827.82703
CHL,Chile,2016,249344863933.46103
CHL,Chile,2017,276154259987.10345
CHL,Chile,2018,295857562991.70905
CHL,Chile,2019,278285058719.4661
CHL,Chile,2020,254042159309.31055
CHL,Chile,2021,315515014838.5395
CHL,Chile,2022,302116539409.02985
CHL,Chile,2023,335533331669.2191
CHN,China,2000,1211331651866.086
CHN,China,2001,1339400897105.11
CHN,China,2002,1470557654799.9465
CHN,China,2003,1660280543846.7896
CHN,China,2004,1955346768721.3936
CHN,China,2005,2285961149879.8496
CHN,China,2006,2752118657184.015
CHN,China,2007,3550327802998.397
CHN,China,2008,4594336785737.672
CHN,China,2009,5101691124285.214
CHN,China,2010,6087191746679.489
CHN,China,2011,7551545703440.755
CHN,China,2012,8532185381680.593
CHN,China,2013,9570471111831.676
CHN,China,2014,10475624944355.225
CHN,China,2015,11061572618578.693
CHN,China,2016,11233313730348.719
CHN,China,2017,12310491333980.889
CHN,China,2018,13894907857880.576
CHN,China,2019,14279968506271.727
CHN,China,2020,14687744162801.033
CHN,China,2021,17820459508852.184
CHN,China,2022,17881783387000.867
CHN,China,2023,17794781986104.457
COL,Colombia,2000,99875074951.02779
COL,Colombia,2001,98200641203.38924
COL,Colombia,2002,97945812802.88817
COL,Colombia,2003,94644969157.0987
COL,Colombia,2004,117092416666.24509
COL,Colombia,2005,145600529605.80283
COL,Colombia,2006,161792958904.86404
COL,Colombia,2007,206229540926.31125
COL,Colombia,2008,242504150472.93076
COL,Colombia,2009,232468663109.59418
COL,Colombia,2010,286498534094.96277
COL,Colombia,2011,334966134804.887
COL,Colombia,2012,370691143018.03864
COL,Colombia,2013,382093697077.68494
COL,Colombia,2014,381240864422.4061
COL,Colombia,2015,293492370193.1657
COL,Colombia,2016,282720100286.22784
COL,Colombia,2017,311866875156.87885
COL,Colombia,2018,334198218098.2756
COL,Colombia,2019,323031701192.83997
COL,Colombia,2020,270348342541.46512
COL,Colombia,2021,318524633225.39514
COL,Colombia,2022,345329875078.5117
COL,Colombia,2023,363540156234.86835
COM,Comoros,2000,351136579.6486322
COM,Comoros,2001,378512024.07755625
COM,Comoros,2002,425964681.04437846
COM,Comoros,2003,546885222.7130651
COM,Comoros,2004,633706110.7956145
COM,Comoros,2005,653845169.1685765
COM,Comoros,2006,698431793.8727758
COM,Comoros,2007,795673152.8670766
COM,Comoros,2008,915659107.9658227
COM,Comoros,2009,905341172.7058296
COM,Comoros,2010,907978730.8878443
COM,Comoros,2011,1023086273.5333631
COM,Comoros,2012,1015843490.8237381
COM,Comoros,2013,1116224106.8372765
COM,Comoros,2014,1149587661.0069265
COM,Comoros,2015,966029600.8622274
COM,Comoros,2016,1012835493.193246
COM,Comoros,2017,1077439756.594511
COM,Comoros,2018,1188797449.3858447
COM,Comoros,2019,1195019531.9010963
COM,Comoros,2020,1225039196.6109135
COM,Comoros,2021,1296089479.9197786
COM,Comoros,2022,1242519407.7760253
COM,Comoros,2023,1352380972.1566217
COD,"Congo, Dem. Rep.",2000,19088046305.7971
COD,"Congo, Dem. Rep.",2001,7438189100.333333
COD,"Congo, Dem. Rep.",2002,8728038525.140335
COD,"Congo, Dem. Rep.",2003,8937567059.877542
COD,"Congo, Dem. Rep.",2004,10297483481.223013
COD,"Congo, Dem. Rep.",2005,11964484465.938799
COD,"Congo, Dem. Rep.",2006,14451901696.38783
COD,"Congo, Dem. Rep.",2007,16737071816.379993
COD,"Congo, Dem. Rep.",2008,19788515590.128376
COD,"Congo, Dem. Rep.",2009,18648372553.09207
COD,"Congo, Dem. Rep.",2010,21565721044.846207
COD,"Congo, Dem. Rep.",2011,25839749199.367085
COD,"Congo, Dem. Rep.",2012,29306235285.259663
COD,"Congo, Dem. Rep.",2013,32679745048.44273
COD,"Congo, Dem. Rep.",2014,35909040925.93747
COD,"Congo, Dem. Rep.",2015,37917706497.17928
COD,"Congo, Dem. Rep.",2016,37134801555.33219
COD,"Congo, Dem. Rep.",2017,38019264794.82634
COD,"Congo, Dem. Rep.",2018,47568210009.81716
COD,"Congo, Dem. Rep.",2019,51775829877.20882
COD,"Congo, Dem. Rep.",2020,48716961860.13249
COD,"Congo, Dem. Rep.",2021,55328482783.539345
COD,"Congo, Dem. Rep.",2022,65801547619.59741
COD,"Congo, Dem. Rep.",2023,66383287002.996895
COG,"Congo, Rep.",2000,3227927697.5792117
COG,"Congo, Rep.",2001,2796704604.038123
COG,"Congo, Rep.",2002,3034250923.977265
COG,"Congo, Rep.",2003,3503723087.7448316
COG,"Congo, Rep.",2004,4656974940.127209
COG,"Congo, Rep.",2005,6650001680.4854355
COG,"Congo, Rep.",2006,8072305029.065143
COG,"Congo, Rep.",2007,8782703436.701883
COG,"Congo, Rep.",2008,11649857673.443577
COG,"Congo, Rep.",2009,9723299915.25312
COG,"Congo, Rep.",2010,13148396211.595518
COG,"Congo, Rep.",2011,15655383576.651531
COG,"Congo, Rep.",2012,17692911296.304386
COG,"Congo, Rep.",2013,17958720699.086823
COG,"Congo, Rep.",2014,17919321082.553932
COG,"Congo, Rep.",2015,12434793867.722769
COG,"Congo, Rep.",2016,10931328149.685734
COG,"Congo, Rep.",2017,11834473047.763565
COG,"Congo, Rep.",2018,14773900277.922077
COG,"Congo, Rep.",2019,13976637328.847435
COG,"Congo, Rep.",2020,11468688140.722488
COG,"Congo, Rep.",2021,14825690210.030796
COG,"Congo, Rep.",2022,15817030156.945892
COG,"Congo, Rep.",2023,15321055818.326313
CRI,Costa Rica,2000,15013629658.65213
CRI,Costa Rica,2001,15976174336.972055
CRI,Costa Rica,2002,16578820687.28809
CRI,Costa Rica,2003,17271760506.948277
CRI,Costa Rica,2004,18610594846.208298
CRI,Costa Rica,2005,20040642476.98167
CRI,Costa Rica,2006,22715540324.694378
CRI,Costa Rica,2007,26884700344.840603
CRI,Costa Rica,2008,30801744881.950214
CRI,Costa Rica,2009,30745714312.990532
CRI,Costa Rica,2010,37658614803.848015
CRI,Costa Rica,2011,42762613699.95236
CRI,Costa Rica,2012,47231655431.138916
CRI,Costa Rica,2013,50949668840.86923
CRI,Costa Rica,2014,52016408951.822464
CRI,Costa Rica,2015,56441920821.08063
CRI,Costa Rica,2016,58847019609.6549
CRI,Costa Rica,2017,60516044657.22544
CRI,Costa Rica,2018,62420164991.537445
CRI,Costa Rica,2019,64417670521.184235
CRI,Costa Rica,2020,62395610760.39118
CRI,Costa Rica,2021,64960725734.19655
CRI,Costa Rica,2022,69243626028.59358
CRI,Costa Rica,2023,86497941439.01744
CIV,Cote d'Ivoire,2000,16577533891.878548
CIV,Cote d'Ivoire,2001,16810537043.840742
CIV,Cote d'Ivoire,2002,18054383320.847363
CIV,Cote d'Ivoire,2003,21251754340.430542
CIV,Cote d'Ivoire,2004,23510575681.368645
CIV,Cote d'Ivoire,2005,24036918703.174747
CIV,Cote d'Ivoire,2006,25281413263.371223
CIV,Cote d'Ivoire,2007,28760090953.30806
CIV,Cote d'Ivoire,2008,34078240293.255936
CIV,Cote d'Ivoire,2009,33886813250.203587
CIV,Cote d'Ivoire,2010,34936307980.063034
CIV,Cote d'Ivoire,2011,36693710801.397644
CIV,Cote d'Ivoire,2012,36302302877.297745
CIV,Cote d'Ivoire,2013,42760235484.609314
CIV,Cote d'Ivoire,2014,48843005613.70906
CIV,Cote d'Ivoire,2015,45815005169.26511
CIV,Cote d'Ivoire,2016,48407761036.82379
CIV,Cote d'Ivoire,2017,52512343996.68996
CIV,Cote d'Ivoire,2018,58522477786.68885
CIV,Cote d'Ivoire,2019,60382894697.35568
CIV,Cote d'Ivoire,2020,63027852805.42045
CIV,Cote d'Ivoire,2021,72794636653.77934
CIV,Cote d'Ivoire,2022,70173140101.43147
CIV,Cote d'Ivoire,2023,78788828906.86345
HRV,Croatia,2000,22128414548.544407
HRV,Croatia,2001,23062561236.644363
HRV,Croatia,2002,26757989560.579838
HRV,Croatia,2003,35256066455.73558
HRV,Croatia,2004,41855195584.65176
HRV,Croatia,2005,45025679589.54658
HRV,Croatia,2006,49601653625.16825
HRV,Croatia,2007,59320099744.95005
HRV,Croatia,2008,68526332324.364395
HRV,Croatia,2009,62093280554.12589
HRV,Croatia,2010,58836405998.53112
HRV,Croatia,2011,62772620898.64712
HRV,Croatia,2012,57411354937.680756
HRV,Croatia,2013,59589170667.56977
HRV,Croatia,2014,59489433514.58493
HRV,Croatia,2015,51011170111.84869
HRV,Croatia,2016,52740059263.424484
HRV,Croatia,2017,56322449844.15793
HRV,Croatia,2018,61861145806.268745
HRV,Croatia,2019,61867157679.32149
HRV,Croatia,2020,58221300897.88384
HRV,Croatia,2021,69602166351.47713
HRV,Croatia,2022,71997070660.48346
HRV,Croatia,2023,82688842717.3926
CUB,Cuba,2000,30565400000.0
CUB,Cuba,2001,31682400000.0
CUB,Cuba,2002,33590500000.0
CUB,Cuba,2003,35901200000.0
CUB,Cuba,2004,38203000000.0
CUB,Cuba,2005,42643836100.0
CUB,Cuba,2006,48835925925.92593
CUB,Cuba,2007,54262870370.37037
CUB,Cuba,2008,56302129629.62962
CUB,Cuba,2009,57481481481.481476
CUB,Cuba,2010,59562962962.96296
CUB,Cuba,2011,68990000000.0
CUB,Cuba,2012,73141000000.0
CUB,Cuba,2013,77148000000.0
CUB,Cuba,2014,80656100000.0
CUB,Cuba,2015,87132800000.0
CUB,Cuba,2016,91370407863.7
CUB,Cuba,2017,96850649691.7406
CUB,Cuba,2018,100050036096.123
CUB,Cuba,2019,103427600000.0
CUB,Cuba,2020,107351800000.0
CUW,Curacao,2011,2930092234.6368713
CUW,Curacao,2012,3012836256.98324
CUW,Curacao,2013,3033568603.3519554
CUW,Curacao,2014,3059406983.2402234
CUW,Curacao,2015,3058779217.8770947
CUW,Curacao,2016,3024690167.5977654
CUW,Curacao,2017,3033433240.2234635
CUW,Curacao,2018,3046364804.4692736
CUW,Curacao,2019,3026124134.0782123
CUW,Curacao,2020,2534327597.765363
CUW,Curacao,2021,2739608133.1843576
CUW,Curacao,2022,3073840325.4328494
CYP,Cyprus,2000,9985844486.333649
CYP,Cyprus,2001,10397897085.610199
CYP,Cyprus,2002,11420227884.615385
CYP,Cyprus,2003,14547325028.31257
CYP,Cyprus,2004,17320552500.0
CYP,Cyprus,2005,18433411267.255314
CYP,Cyprus,2006,20072786350.520638
CYP,Cyprus,2007,23968764029.56474
CYP,Cyprus,2008,27844698989.307163
CYP,Cyprus,2009,26048249356.83584
CYP,Cyprus,2010,25799940416.22122
CYP,Cyprus,2011,27641551807.299408
CYP,Cyprus,2012,25047433100.13009
CYP,Cyprus,2013,23959708956.356323
CYP,Cyprus,2014,23225912184.50475
CYP,Cyprus,2015,19909269064.12042
CYP,Cyprus,2016,21046452116.38089
CYP,Cyprus,2017,22946583374.75689
CYP,Cyprus,2018,25597301190.92315
CYP,Cyprus,2019,25947020102.433212
CYP,Cyprus,2020,25227189744.908283
CYP,Cyprus,2021,29482912835.364185
CYP,Cyprus,2022,29250532020.074577
CYP,Cyprus,2023,32229622669.195114
CZE,Czechia,2000,61828166496.0941
CZE,Czechia,2001,67808032979.54291
CZE,Czechia,2002,82196001050.74744
CZE,Czechia,2003,100090467581.26839
CZE,Czechia,2004,119814434353.57474
CZE,Czechia,2005,137143471328.27435
CZE,Czechia,2006,156264095664.64267
CZE,Czechia,2007,190183800884.0182
CZE,Czechia,2008,236816485762.98788
CZE,Czechia,2009,207434296805.3297
CZE,Czechia,2010,209069940963.17725
CZE,Czechia,2011,229562733398.9475
CZE,Czechia,2012,208857719320.6487
CZE,Czechia,2013,211685616592.9311
CZE,Czechia,2014,209358834156.32904
CZE,Czechia,2015,188033050459.8811
CZE,Czechia,2016,196272068576.3383
CZE,Czechia,2017,218628940951.67508
CZE,Czechia,2018,249000540729.17868
CZE,Czechia,2019,252548179964.8966
CZE,Czechia,2020,245974558654.04294
CZE,Czechia,2021,281791218507.0996
CZE,Czechia,2022,290565654835.8094
CZE,Czechia,2023,330858339871.6861
DNK,Denmark,2000,164158739097.62344
DNK,Denmark,2001,164791442543.37482
DNK,Denmark,2002,178635163717.43066
DNK,Denmark,2003,218096033517.00897
DNK,Denmark,2004,251373002954.38232
DNK,Denmark,2005,264467336457.16953
DNK,Denmark,2006,282884947702.9663
DNK,Denmark,2007,319423424509.06555
DNK,Denmark,2008,353361038818.38336
DNK,Denmark,2009,321241303699.00574
DNK,Denmark,2010,321995279401.5016
DNK,Denmark,2011,344003137611.2712
DNK,Denmark,2012,327148943812.1366
DNK,Denmark,2013,343584391647.92706
DNK,Denmark,2014,352993631617.708
DNK,Denmark,2015,302673070846.85724
DNK,Denmark,2016,313115929314.33856
DNK,Denmark,2017,332121063806.39056
DNK,Denmark,2018,356841216410.0677
DNK,Denmark,2019,346498737961.6352
DNK,Denmark,2020,354762748338.6615
DNK,Denmark,2021,405687998852.6912
DNK,Denmark,2022,400167196948.7074
DNK,Denmark,2023,404198757537.9742
DJI,Djibouti,2000,551230861.8565054
DJI,Djibouti,2001,572417440.8201619
DJI,Djibouti,2002,591122039.6013976
DJI,Djibouti,2003,622044665.5150489
DJI,Djibouti,2004,666072101.7775052
DJI,Djibouti,2005,708633194.7265658
DJI,Djibouti,2006,768873684.032838
DJI,Djibouti,2007,847918929.1079838
DJI,Djibouti,2008,999105339.2677286
DJI,Djibouti,2009,1049110684.724934
DJI,Djibouti,2010,1128611700.361803
DJI,Djibouti,2011,1239144501.7752545
DJI,Djibouti,2012,1353632941.520698
DJI,Djibouti,2013,2042817162.8563871
DJI,Djibouti,2014,2214679081.256576
DJI,Djibouti,2015,2424391785.4389744
DJI,Djibouti,2016,2604955228.701166
DJI,Djibouti,2017,2762581334.2261186
DJI,Djibouti,2018,2913466732.1250725
DJI,Djibouti,2019,3088853638.568318
DJI,Djibouti,2020,3185150981.032067
DJI,Djibouti,2021,3385825228.8699703
DJI,Djibouti,2022,3674298479.076755
DJI,Djibouti,2023,4098530513.5577674
DMA,Dominica,2000,333470370.3703703
DMA,Dominica,2001,340203703.7037037
DMA,Dominica,2002,333196296.2962963
DMA,Dominica,2003,343311111.1111111
DMA,Dominica,2004,367200000.0
DMA,Dominica,2005,364255555.5555555
DMA,Dominica,2006,390251851.8518519
DMA,Dominica,2007,421374074.07407403
DMA,Dominica,2008,458188888.88888884
DMA,Dominica,2009,489074074.07407403
DMA,Dominica,2010,493825925.9259259
DMA,Dominica,2011,501025925.9259259
DMA,Dominica,2012,485996296.29629624
DMA,Dominica,2013,498296296.29629624
DMA,Dominica,2014,520429629.6296296
DMA,Dominica,2015,540737037.037037
DMA,Dominica,2016,576229629.6296296
DMA,Dominica,2017,521551851.8518518
DMA,Dominica,2018,554770370.3703704
DMA,Dominica,2019,611537037.037037
DMA,Dominica,2020,504214814.8148148
DMA,Dominica,2021,555266666.6666666
DMA,Dominica,2022,607159259.2592592
DMA,Dominica,2023,653992592.5925926
DOM,Dominican Republic,2000,24305780628.6677
DOM,Dominican Republic,2001,25601823687.57415
DOM,Dominican Republic,2002,27137440786.256207
DOM,Dominican Republic,2003,21403167848.144363
DOM,Dominican Republic,2004,22322387382.494026
DOM,Dominican Republic,2005,35777560683.93658
DOM,Dominican Republic,2006,37879830084.26267
DOM,Dominican Republic,2007,43965458508.50559
DOM,Dominican Republic,2008,48122601530.3324
DOM,Dominican Republic,2009,48261078913.72663
DOM,Dominican Republic,2010,53860187257.959335
DOM,Dominican Republic,2011,58029773599.45505
DOM,Dominican Republic,2012,60681535652.537346
DOM,Dominican Republic,2013,62682159338.03544
DOM,Dominican Republic,2014,67179955677.279144
DOM,Dominican Republic,2015,71164826836.5281
DOM,Dominican Republic,2016,75704647877.65591
DOM,Dominican Republic,2017,79998046305.79002
DOM,Dominican Republic,2018,85555390139.11797
DOM,Dominican Republic,2019,88941372558.23965
DOM,Dominican Republic,2020,78844656298.17764
DOM,Dominican Republic,2021,94243425938.36469
DOM,Dominican Republic,2022,113537368176.1303
DOM,Dominican Republic,2023,121444279313.93079
EAR,Early-demographic dividend,2000,3377700768682.0024
EAR,Early-demographic dividend,2001,3351139229137.5283
EAR,Early-demographic dividend,2002,3254999167379.127
EAR,Early-demographic dividend,2003,3622987599508.7534
EAR,Early-demographic dividend,2004,4210079741319.676
EAR,Early-demographic dividend,2005,4895873888500.769
EAR,Early-demographic dividend,2006,5596741342074.53
EAR,Early-demographic dividend,2007,6624825302691.111
EAR,Early-demographic dividend,2008,7460093874185.932
EAR,Early-demographic dividend,2009,7172729962646.637
EAR,Early-demographic dividend,2010,8708208712873.159
EAR,Early-demographic dividend,2011,9813800566552.756
EAR,Early-demographic dividend,2012,10261753916720.643
EAR,Early-demographic dividend,2013,10406754465041.848
EAR,Early-demographic dividend,2014,10766609704140.02
EAR,Early-demographic dividend,2015,10237020101449.324
EAR,Early-demographic dividend,2016,10537028724316.621
EAR,Early-demographic dividend,2017,11393447781978.365
EAR,Early-demographic dividend,2018,11524427704062.713
EAR,Early-demographic dividend,2019,11767656585558.125
EAR,Early-demographic dividend,2020,10981013167791.66
EAR,Early-demographic dividend,2021,12771307369960.527
EAR,Early-demographic dividend,2022,14131148776107.223
EAR,Early-demographic dividend,2023,14847823837515.209
EAS,East Asia & Pacific,2000,8377363424939.487
EAS,East Asia & Pacific,2001,7789513198046.97
EAS,East Asia & Pacific,2002,7912759253773.602
EAS,East Asia & Pacific,2003,8702214026618.329
EAS,East Asia & Pacific,2004,9758440010726.342
EAS,East Asia & Pacific,2005,10411320781531.826
EAS,East Asia & Pacific,2006,11034810130882.088
EAS,East Asia & Pacific,2007,12331150790689.783
EAS,East Asia & Pacific,2008,14220148735114.5
EAS,East Asia & Pacific,2009,14630641103929.129
EAS,East Asia & Pacific,2010,17078057240005.152
EAS,East Asia & Pacific,2011,19796933123174.48
EAS,East Asia & Pacific,2012,21174178691967.793
EAS,East Asia & Pacific,2013,21411284057214.535
EAS,East Asia & Pacific,2014,22089701789223.84
EAS,East Asia & Pacific,2015,21995274219766.668
EAS,East Asia & Pacific,2016,22776012762509.473
EAS,East Asia & Pacific,2017,24329094912610.03
EAS,East Asia & Pacific,2018,26487859556590.766
EAS,East Asia & Pacific,2019,27032494942206.605
EAS,East Asia & Pacific,2020,27156482410418.383
EAS,East Asia & Pacific,2021,31148240510250.83
EAS,East Asia & Pacific,2022,30663750183419.105
EAS,East Asia & Pacific,2023,30775659199419.902
TEA,East Asia & Pacific (IDA & IBRD countries),2000,1734140610323.903
TEA,East Asia & Pacific (IDA & IBRD countries),2001,1844983469200.5112
TEA,East Asia & Pacific (IDA & IBRD countries),2002,2041978325525.6536
TEA,East Asia & Pacific (IDA & IBRD countries),2003,2311138073121.4688
TEA,East Asia & Pacific (IDA & IBRD countries),2004,2679766961249.6787
TEA,East Asia & Pacific (IDA & IBRD countries),2005,3104015775227.439
TEA,East Asia & Pacific (IDA & IBRD countries),2006,3738299975924.303
TEA,East Asia & Pacific (IDA & IBRD countries),2007,4726058406128.56
TEA,East Asia & Pacific (IDA & IBRD countries),2008,5979821324679.646
TEA,East Asia & Pacific (IDA & IBRD countries),2009,6483346119173.794
TEA,East Asia & Pacific (IDA & IBRD countries),2010,7890862049222.1045
TEA,East Asia & Pacific (IDA & IBRD countries),2011,9638846002337.576
TEA,East Asia & Pacific (IDA & IBRD countries),2012,10746721177079.785
TEA,East Asia & Pacific (IDA & IBRD countries),2013,11855481580395.459
TEA,East Asia & Pacific (IDA & IBRD countries),2014,12784467992142.23
TEA,East Asia & Pacific (IDA & IBRD countries),2015,13306887306272.543
TEA,East Asia & Pacific (IDA & IBRD countries),2016,13597889126598.771
TEA,East Asia & Pacific (IDA & IBRD countries),2017,14862823962899.414
TEA,East Asia & Pacific (IDA & IBRD countries),2018,16619890220308.836
TEA,East Asia & Pacific (IDA & IBRD countries),2019,17192020073785.385
TEA,East Asia & Pacific (IDA & IBRD countries),2020,17465773779184.094
TEA,East Asia & Pacific (IDA & IBRD countries),2021,20814269278438.438
TEA,East Asia & Pacific (IDA & IBRD countries),2022,21087707522778.023
TEA,East Asia & Pacific (IDA & IBRD countries),2023,21124121301342.57
EAP,East Asia & Pacific (excluding high income),2000,1736143014172.3374
EAP,East Asia & Pacific (excluding high income),2001,1847119549328.771
EAP,East Asia & Pacific (excluding high income),2002,2044360327928.2737
EAP,East Asia & Pacific (excluding high income),2003,2313862647600.9077
EAP,East Asia & Pacific (excluding high income),2004,2682937085437.4097
EAP,East Asia & Pacific (excluding high income),2005,3107694833176.919
EAP,East Asia & Pacific (excluding high income),2006,3742774301714.1553
EAP,East Asia & Pacific (excluding high income),2007,4731773141261.086
EAP,East Asia & Pacific (excluding high income),2008,5987096399585.56
EAP,East Asia & Pacific (excluding high income),2009,6491258516157.218
EAP,East Asia & Pacific (excluding high income),2010,7900541542589.843
EAP,East Asia & Pacific (excluding high income),2011,9650693739294.803
EAP,East Asia & Pacific (excluding high income),2012,10759908112897.982
EAP,East Asia & Pacific (excluding high income),2013,11870059931822.135
EAP,East Asia & Pacific (excluding high income),2014,12800187429285.771
EAP,East Asia & Pacific (excluding high income),2015,13323235973753.027
EAP,East Asia & Pacific (excluding high income),2016,13614572556661.455
EAP,East Asia & Pacific (excluding high income),2017,14881098135429.484
EAP,East Asia & Pacific (excluding high income),2018,16640354816152.096
EAP,East Asia & Pacific (excluding high income),2019,17213215781553.242
EAP,East Asia & Pacific (excluding high income),2020,17487334631867.334
EAP,East Asia & Pacific (excluding high income),2021,20840018387172.934
EAP,East Asia & Pacific (excluding high income),2022,21113809331055.496
EAP,East Asia & Pacific (excluding high income),2023,21150247849983.086
ECU,Ecuador,2000,17539454727.36368
ECU,Ecuador,2001,23127055000.0
ECU,Ecuador,2002,27054197000.0
ECU,Ecuador,2003,30965208000.0
ECU,Ecuador,2004,35194947000.0
ECU,Ecuador,2005,40278849000.0
ECU,Ecuador,2006,45690762000.0
ECU,Ecuador,2007,49848725000.0
ECU,Ecuador,2008,61139438000.0
ECU,Ecuador,2009,60094978000.0
ECU,Ecuador,2010,68151329000.0
ECU,Ecuador,2011,78986648000.0
ECU,Ecuador,2012,87735048000.0
ECU,Ecuador,2013,96570334000.0
ECU,Ecuador,2014,102717794000.0
ECU,Ecuador,2015,97209558000.0
ECU,Ecuador,2016,97671433000.0
ECU,Ecuador,2017,104467486000.0
ECU,Ecuador,2018,107478962000.0
ECU,Ecuador,2019,107595829000.0
ECU,Ecuador,2020,95865472000.0
ECU,Ecuador,2021,107435101000.0
ECU,Ecuador,2022,116586079000.0
ECU,Ecuador,2023,118844826000.0
EGY,"Egypt, Arab Rep.",2000,99838543960.07632
EGY,"Egypt, Arab Rep.",2001,96684636118.59839
EGY,"Egypt, Arab Rep.",2002,85146067415.73033
EGY,"Egypt, Arab Rep.",2003,80288461538.46153
EGY,"Egypt, Arab Rep.",2004,78782467532.46753
EGY,"Egypt, Arab Rep.",2005,89600665557.40433
EGY,"Egypt, Arab Rep.",2006,107426086956.52174
EGY,"Egypt, Arab Rep.",2007,130437828371.27846
EGY,"Egypt, Arab Rep.",2008,162818181818.18182
EGY,"Egypt, Arab Rep.",2009,189147005444.64612
EGY,"Egypt, Arab Rep.",2010,218983666061.706
EGY,"Egypt, Arab Rep.",2011,235989672977.6248
EGY,"Egypt, Arab Rep.",2012,279116666666.6667
EGY,"Egypt, Arab Rep.",2013,288434108527.1318
EGY,"Egypt, Arab Rep.",2014,305595408895.26544
EGY,"Egypt, Arab Rep.",2015,329366576819.407
EGY,"Egypt, Arab Rep.",2016,332441717791.411
EGY,"Egypt, Arab Rep.",2017,248362771739.13043
EGY,"Egypt, Arab Rep.",2018,262588632526.73044
EGY,"Egypt, Arab Rep.",2019,318678815489.74945
EGY,"Egypt, Arab Rep.",2020,383817841547.0992
EGY,"Egypt, Arab Rep.",2021,424671765455.7043
EGY,"Egypt, Arab Rep.",2022,476747720364.74164
EGY,"Egypt, Arab Rep.",2023,395926075163.0058
SLV,El Salvador,2000,11784927700.0
SLV,El Salvador,2001,12282533600.0
SLV,El Salvador,2002,12664190300.0
SLV,El Salvador,2003,13243892200.0
SLV,El Salvador,2004,13724810900.0
SLV,El Salvador,2005,14698000000.0
SLV,El Salvador,2006,15999890000.0
SLV,El Salvador,2007,17011750000.0
SLV,El Salvador,2008,17986890000.0
SLV,El Salvador,2009,17601620000.0
SLV,El Salvador,2010,18447920000.0
SLV,El Salvador,2011,20283780000.0
SLV,El Salvador,2012,21386150000.0
SLV,El Salvador,2013,21990960000.0
SLV,El Salvador,2014,22593470000.0
SLV,El Salvador,2015,23438240000.0
SLV,El Salvador,2016,24191430000.0
SLV,El Salvador,2017,24979190000.0
SLV,El Salvador,2018,26020850000.0
SLV,El Salvador,2019,26881140000.0
SLV,El Salvador,2020,24921190000.0
SLV,El Salvador,2021,29043140000.0
SLV,El Salvador,2022,31988920000.0
SLV,El Salvador,2023,34015620000.000004
GNQ,Equatorial Guinea,2000,1045998496.4387157
GNQ,Equatorial Guinea,2001,1461139022.0295386
GNQ,Equatorial Guinea,2002,1806742742.2731116
GNQ,Equatorial Guinea,2003,2484745935.093289
GNQ,Equatorial Guinea,2004,4410764338.667325
GNQ,Equatorial Guinea,2005,8217369092.652238
GNQ,Equatorial Guinea,2006,10086528698.86043
GNQ,Equatorial Guinea,2007,13071718758.737305
GNQ,Equatorial Guinea,2008,19749893536.320362
GNQ,Equatorial Guinea,2009,15027795173.218706
GNQ,Equatorial Guinea,2010,16314443436.290295
GNQ,Equatorial Guinea,2011,21357343668.944725
GNQ,Equatorial Guinea,2012,22388344143.913067
GNQ,Equatorial Guinea,2013,21948834283.785564
GNQ,Equatorial Guinea,2014,21765453081.9826
GNQ,Equatorial Guinea,2015,13185496881.017399
GNQ,Equatorial Guinea,2016,11240808847.887815
GNQ,Equatorial Guinea,2017,12200913878.982721
GNQ,Equatorial Guinea,2018,13097012133.615946
GNQ,Equatorial Guinea,2019,11364133549.747766
GNQ,Equatorial Guinea,2020,9893816007.7398
GNQ,Equatorial Guinea,2021,12215878032.716585
GNQ,Equatorial Guinea,2022,13486788878.97569
GNQ,Equatorial Guinea,2023,12116922539.411173
ERI,Eritrea,2000,706370815.5844156
ERI,Eritrea,2001,752371688.7431858
ERI,Eritrea,2002,729321680.1543237
ERI,Eritrea,2003,870248267.550163
ERI,Eritrea,2004,1109054005.43971
ERI,Eritrea,2005,1098424685.6616938
ERI,Eritrea,2006,1211161879.6747968
ERI,Eritrea,2007,1317974491.0569105
ERI,Eritrea,2008,1380188800.0
ERI,Eritrea,2009,1856695551.2195122
ERI,Eritrea,2010,1589515447.1544716
ERI,Eritrea,2011,2065001626.0162601
EST,Estonia,2000,5686579747.535244
EST,Estonia,2001,6254649538.984872
EST,Estonia,2002,7367975887.727229
EST,Estonia,2003,9874013098.464317
EST,Estonia,2004,12145911801.242235
EST,Estonia,2005,14106790200.223852
EST,Estonia,2006,17022870405.218918
EST,Estonia,2007,22449129482.617023
EST,Estonia,2008,24341678628.973194
EST,Estonia,2009,19633031397.610447
EST,Estonia,2010,19523477325.623463
EST,Estonia,2011,23213994093.463085
EST,Estonia,2012,23019150071.186726
EST,Estonia,2013,25115753366.111443
EST,Estonia,2014,26634083965.09873
EST,Estonia,2015,22890762090.15077
EST,Estonia,2016,24072829276.77438
EST,Estonia,2017,26924385103.06593
EST,Estonia,2018,30624720196.228996
EST,Estonia,2019,31290453293.545048
EST,Estonia,2020,31330419851.148724
EST,Estonia,2021,36864792511.63506
EST,Estonia,2022,37921480881.542946
EST,Estonia,2023,40744848827.95366
SWZ,Eswatini,2000,1738093840.3660724
SWZ,Eswatini,2001,1542477308.8940773
SWZ,Eswatini,2002,1432221739.1234226
SWZ,Eswatini,2003,2197598466.254465
SWZ,Eswatini,2004,2770082791.504118
SWZ,Eswatini,2005,3178112498.6791058
SWZ,Eswatini,2006,3291330019.172866
SWZ,Eswatini,2007,3469381231.4904904
SWZ,Eswatini,2008,3294084314.1505804
SWZ,Eswatini,2009,3580428052.8139267
SWZ,Eswatini,2010,4438765085.9378395
SWZ,Eswatini,2011,4820478680.183751
SWZ,Eswatini,2012,4886551483.93374
SWZ,Eswatini,2013,4597552981.567378
SWZ,Eswatini,2014,4422986271.747672
SWZ,Eswatini,2015,4063245671.2928457
SWZ,Eswatini,2016,3816019193.1656113
SWZ,Eswatini,2017,4402969225.921647
SWZ,Eswatini,2018,4666598024.184108
SWZ,Eswatini,2019,4495267265.76464
SWZ,Eswatini,2020,3982236693.831596
SWZ,Eswatini,2021,4850842540.992672
SWZ,Eswatini,2022,4790922788.708641
SWZ,Eswatini,2023,4597855845.042758
ETH,Ethiopia,2000,8242349617.863803
ETH,Ethiopia,2001,8231326016.47494
ETH,Ethiopia,2002,7850809498.168027
ETH,Ethiopia,2003,8623691300.040789
ETH,Ethiopia,2004,10131187261.442078
ETH,Ethiopia,2005,12401139453.973831
ETH,Ethiopia,2006,15280861834.602404
ETH,Ethiopia,2007,19707616772.799637
ETH,Ethiopia,2008,27066912635.222847
ETH,Ethiopia,2009,32437389116.038006
ETH,Ethiopia,2010,29933790334.34179
ETH,Ethiopia,2011,31952763089.330025
ETH,Ethiopia,2012,43310721414.08288
ETH,Ethiopia,2013,47648276605.012314
ETH,Ethiopia,2014,55612228233.51786
ETH,Ethiopia,2015,64589328550.5953
ETH,Ethiopia,2016,74296745207.87209
ETH,Ethiopia,2017,81770886825.60477
ETH,Ethiopia,2018,84269196625.8784
ETH,Ethiopia,2019,95912607722.3032
ETH,Ethiopia,2020,107657734392.44585
ETH,Ethiopia,2021,111261882958.4261
ETH,Ethiopia,2022,126772703047.70143
ETH,Ethiopia,2023,163697927593.98236
EMU,Euro area,2000,6517629739562.016
EMU,Euro area,2001,6619382603491.188
EMU,Euro area,2002,7226691597174.83
EMU,Euro area,2003,8897545940283.213
EMU,Euro area,2004,10202235327777.074
EMU,Euro area,2005,10568560016101.418
EMU,Euro area,2006,11233646616679.617
EMU,Euro area,2007,12938432027569.564
EMU,Euro area,2008,14226784155767.785
EMU,Euro area,2009,13000703039470.14
EMU,Euro area,2010,12700582110966.242
EMU,Euro area,2011,13700831614329.535
EMU,Euro area,2012,12695678622498.623
EMU,Euro area,2013,13255654454944.72
EMU,Euro area,2014,13570070381398.836
EMU,Euro area,2015,11727106023830.516
EMU,Euro area,2016,12025904489799.793
EMU,Euro area,2017,12736901061169.953
EMU,Euro area,2018,13761117139592.867
EMU,Euro area,2019,13481146122147.143
EMU,Euro area,2020,13155164142399.125
EMU,Euro area,2021,14754625131073.305
EMU,Euro area,2022,14224347000135.576
EMU,Euro area,2023,15544858680873.797
ECS,Europe & Central Asia,2000,10065925069173.893
ECS,Europe & Central Asia,2001,10168292808350.963
ECS,Europe & Central Asia,2002,11134331409101.707
ECS,Europe & Central Asia,2003,13534598831552.178
ECS,Europe & Central Asia,2004,15775505005718.842
ECS,Europe & Central Asia,2005,16780903793743.838
ECS,Europe & Central Asia,2006,18167737736908.113
ECS,Europe & Central Asia,2007,21227702064340.84
ECS,Europe & Central Asia,2008,23363341474912.223
ECS,Europe & Central Asia,2009,20545109873740.81
ECS,Europe & Central Asia,2010,21016513112950.816
ECS,Europe & Central Asia,2011,23305973325589.785
ECS,Europe & Central Asia,2012,22453705241187.86
ECS,Europe & Central Asia,2013,23454990403618.117
ECS,Europe & Central Asia,2014,23784373303750.188
ECS,Europe & Central Asia,2015,20481460301210.54
ECS,Europe & Central Asia,2016,20408605606979.316
ECS,Europe & Central Asia,2017,21652842504644.61
ECS,Europe & Central Asia,2018,23188735732226.203
ECS,Europe & Central Asia,2019,22908223277507.38
ECS,Europe & Central Asia,2020,22156549343244.92
ECS,Europe & Central Asia,2021,25331394418403.785
ECS,Europe & Central Asia,2022,25389267749915.992
ECS,Europe & Central Asia,2023,27240628835585.28
TEC,Europe & Central Asia (IDA & IBRD countries),2000,894544257579.7662
TEC,Europe & Central Asia (IDA & IBRD countries),2001,909540184630.0415
TEC,Europe & Central Asia (IDA & IBRD countries),2002,1022700571400.7285
TEC,Europe & Central Asia (IDA & IBRD countries),2003,1258197590827.0078
TEC,Europe & Central Asia (IDA & IBRD countries),2004,1628013567626.735
TEC,Europe & Central Asia (IDA & IBRD countries),2005,2039292026212.7085
TEC,Europe & Central Asia (IDA & IBRD countries),2006,2466363795862.121
TEC,Europe & Central Asia (IDA & IBRD countries),2007,3172404499923.275
TEC,Europe & Central Asia (IDA & IBRD countries),2008,3926836234821.6113
TEC,Europe & Central Asia (IDA & IBRD countries),2009,3113738044750.0796
TEC,Europe & Central Asia (IDA & IBRD countries),2010,3657869416963.5205
TEC,Europe & Central Asia (IDA & IBRD countries),2011,4450219264234.293
TEC,Europe & Central Asia (IDA & IBRD countries),2012,4646863189589.231
TEC,Europe & Central Asia (IDA & IBRD countries),2013,4915748484819.645
TEC,Europe & Central Asia (IDA & IBRD countries),2014,4644397266377.622
TEC,Europe & Central Asia (IDA & IBRD countries),2015,3627947465522.1343
TEC,Europe & Central Asia (IDA & IBRD countries),2016,3486198200219.9785
TEC,Europe & Central Asia (IDA & IBRD countries),2017,3909728235465.926
TEC,Europe & Central Asia (IDA & IBRD countries),2018,4077637180273.379
TEC,Europe & Central Asia (IDA & IBRD countries),2019,4159709661061.9336
TEC,Europe & Central Asia (IDA & IBRD countries),2020,3900798423599.7695
TEC,Europe & Central Asia (IDA & IBRD countries),2021,4623633114358.754
TEC,Europe & Central Asia (IDA & IBRD countries),2022,5220065561112.424
TEC,Europe & Central Asia (IDA & IBRD countries),2023,5466276097557.084
ECA,Europe & Central Asia (excluding high income),2000,390254644017.59686
ECA,Europe & Central Asia (excluding high income),2001,334433492950.2106
ECA,Europe & Central Asia (excluding high income),2002,389028550190.813
ECA,Europe & Central Asia (excluding high income),2003,495996118252.84045
ECA,Europe & Central Asia (excluding high income),2004,639128690749.53
ECA,Europe & Central Asia (excluding high income),2005,796047189589.7754
ECA,Europe & Central Asia (excluding high income),2006,925984007321.0376
ECA,Europe & Central Asia (excluding high income),2007,1165481350733.462
ECA,Europe & Central Asia (excluding high income),2008,1395064178011.7087
ECA,Europe & Central Asia (excluding high income),2009,1163141205236.0854
ECA,Europe & Central Asia (excluding high income),2010,1377629393492.266
ECA,Europe & Central Asia (excluding high income),2011,1566799086233.3994
ECA,Europe & Central Asia (excluding high income),2012,1652506728905.0164
ECA,Europe & Central Asia (excluding high income),2013,1802285899175.5002
ECA,Europe & Central Asia (excluding high income),2014,1729714204725.0544
ECA,Europe & Central Asia (excluding high income),2015,1507646946545.9277
ECA,Europe & Central Asia (excluding high income),2016,1447395306947.5278
ECA,Europe & Central Asia (excluding high income),2017,1485108260761.974
ECA,Europe & Central Asia (excluding high income),2018,1459981302399.6614
ECA,Europe & Central Asia (excluding high income),2019,1488770219744.9639
ECA,Europe & Central Asia (excluding high income),2020,1428327223229.5327
ECA,Europe & Central Asia (excluding high income),2021,1659440839146.6958
ECA,Europe & Central Asia (excluding high income),2022,1803038234535.201
ECA,Europe & Central Asia (excluding high income),2023,2098349713814.253
EUU,European Union,2000,7276390686987.554
EUU,European Union,2001,7393611976746.923
EUU,European Union,2002,8083519738170.341
EUU,European Union,2003,9932134719712.139
EUU,European Union,2004,11418900282600.475
EUU,European Union,2005,11910069053861.59
EUU,European Union,2006,12712635655986.71
EUU,European Union,2007,14727520908988.871
EUU,European Union,2008,16295391110313.398
EUU,European Union,2009,14762842568792.768
EUU,European Union,2010,14556122142376.72
EUU,European Union,2011,15765158666571.166
EUU,European Union,2012,14641634844097.45
EUU,European Union,2013,15294853937310.537
EUU,European Union,2014,15651372745918.605
EUU,European Union,2015,13553897260141.035
EUU,European Union,2016,13888833465037.94
EUU,European Union,2017,14765880176508.232
EUU,European Union,2018,15981445869808.93
EUU,European Union,2019,15694050310523.12
EUU,European Union,2020,15381418584246.09
EUU,European Union,2021,17315127119106.46
EUU,European Union,2022,16761496590765.22
EUU,European Union,2023,18349388450765.61
FRO,Faroe Islands,2000,1067109530.6479754
FRO,Faroe Islands,2001,1160268212.0729074
FRO,Faroe Islands,2002,1275093689.2710743
FRO,Faroe Islands,2003,1501941580.8890333
FRO,Faroe Islands,2004,1724770770.833928
FRO,Faroe Islands,2005,1759739599.2269354
FRO,Faroe Islands,2006,2017680834.8991673
FRO,Faroe Islands,2007,2339015313.295128
FRO,Faroe Islands,2008,2489873249.6281476
FRO,Faroe Islands,2009,2296065170.0555153
FRO,Faroe Islands,2010,2331796784.3600945
FRO,Faroe Islands,2011,2505740669.270395
FRO,Faroe Islands,2012,2427200388.918314
FRO,Faroe Islands,2013,2690110520.9254756
FRO,Faroe Islands,2014,2914012679.272769
FRO,Faroe Islands,2015,2573905971.054594
FRO,Faroe Islands,2016,2813278868.782085
FRO,Faroe Islands,2017,2980057377.879666
FRO,Faroe Islands,2018,3188600927.4668827
FRO,Faroe Islands,2019,3266432734.22819
FRO,Faroe Islands,2020,3262045883.372933
FRO,Faroe Islands,2021,3655063937.931448
FRO,Faroe Islands,2022,3555929833.050505
FJI,Fiji,2000,1678219507.898291
FJI,Fiji,2001,1652462023.4621494
FJI,Fiji,2002,1833279985.367415
FJI,Fiji,2003,2300492465.322761
FJI,Fiji,2004,2708078476.630121
FJI,Fiji,2005,2980403844.7209597
FJI,Fiji,2006,3076305452.8650646
FJI,Fiji,2007,3378314599.764019
FJI,Fiji,2008,3523185919.558261
FJI,Fiji,2009,2870624635.6803193
FJI,Fiji,2010,3140166712.796239
FJI,Fiji,2011,3779411899.374834
FJI,Fiji,2012,3972028104.4732842
FJI,Fiji,2013,4189967998.514236
FJI,Fiji,2014,4857104768.868437
FJI,Fiji,2015,4682479893.975582
FJI,Fiji,2016,4930213644.366533
FJI,Fiji,2017,5353469174.478379
FJI,Fiji,2018,5581425327.443973
FJI,Fiji,2019,5444407198.134784
FJI,Fiji,2020,4432466219.876845
FJI,Fiji,2021,4305031649.741891
FJI,Fiji,2022,4979979531.272499
FJI,Fiji,2023,5494797540.733647
FIN,Finland,2000,126019543413.3336
FIN,Finland,2001,129533107311.81119
FIN,Finland,2002,140404460203.1375
FIN,Finland,2003,171652458349.4114
FIN,Finland,2004,197479443979.1511
FIN,Finland,2005,204885494686.38123
FIN,Finland,2006,217089269791.7644
FIN,Finland,2007,256378067752.15768
FIN,Finland,2008,285716311136.7187
FIN,Finland,2009,253497520828.51544
FIN,Finland,2010,249424310816.66714
FIN,Finland,2011,275604356167.31573
FIN,Finland,2012,258290060227.73444
FIN,Finland,2013,271362405890.589
FIN,Finland,2014,274862826772.15588
FIN,Finland,2015,234534382384.7655
FIN,Finland,2016,240771351298.83328
FIN,Finland,2017,255647979916.47104
FIN,Finland,2018,275708001767.84296
FIN,Finland,2019,268514916972.54858
FIN,Finland,2020,271886077382.10193
FIN,Finland,2021,296470417085.26654
FIN,Finland,2022,281887430795.72095
FIN,Finland,2023,300187202696.08374
FCS,Fragile and conflict affected situations,2000,468035986782.2404
FCS,Fragile and conflict affected situations,2001,458017480633.7693
FCS,Fragile and conflict affected situations,2002,446928936249.04126
FCS,Fragile and conflict affected situations,2003,470617921462.8467
FCS,Fragile and conflict affected situations,2004,596965322028.1152
FCS,Fragile and conflict affected situations,2005,755160909781.5892
FCS,Fragile and conflict affected situations,2006,945955284127.6101
FCS,Fragile and conflict affected situations,2007,1159333496786.8708
FCS,Fragile and conflict affected situations,2008,1481946186150.486
FCS,Fragile and conflict affected situations,2009,1342728724357.1533
FCS,Fragile and conflict affected situations,2010,1593981100293.4824
FCS,Fragile and conflict affected situations,2011,1664321553843.8586
FCS,Fragile and conflict affected situations,2012,1861813804786.7688
FCS,Fragile and conflict affected situations,2013,1935544489353.464
FCS,Fragile and conflict affected situations,2014,2053788945066.257
FCS,Fragile and conflict affected situations,2015,1617323277101.4702
FCS,Fragile and conflict affected situations,2016,1490633651211.6812
FCS,Fragile and conflict affected situations,2017,1549712150984.0945
FCS,Fragile and conflict affected situations,2018,1735183810120.2507
FCS,Fragile and conflict affected situations,2019,1842154935322.1775
FCS,Fragile and conflict affected situations,2020,1690930063237.8928
FCS,Fragile and conflict affected situations,2021,1796274437015.5234
FCS,Fragile and conflict affected situations,2022,1950006457159.6636
FCS,Fragile and conflict affected situations,2023,1906801170087.862
FRA,France,2000,1365639660792.1597
FRA,France,2001,1377657339291.3403
FRA,France,2002,1501409382971.3752
FRA,France,2003,1844544792036.859
FRA,France,2004,2119633181634.3684
FRA,France,2005,2196945232435.7966
FRA,France,2006,2320536221304.7026
FRA,France,2007,2660591246211.7734
FRA,France,2008,2930303780828.1245
FRA,France,2009,2700887366932.0293
FRA,France,2010,2645187882116.672
FRA,France,2011,2865157541994.169
FRA,France,2012,2683671716967.188
FRA,France,2013,2811876903329.0273
FRA,France,2014,2855964488590.186
FRA,France,2015,2439188643162.4985
FRA,France,2016,2472964344587.1655
FRA,France,2017,2595151045197.6514
FRA,France,2018,2790956878746.6646
FRA,France,2019,2728870246705.878
FRA,France,2020,2647418691598.4507
FRA,France,2021,2959355819170.495
FRA,France,2022,2779092236505.847
FRA,France,2023,3030904089607.8965
PYF,French Polynesia,2000,3599845480.3435864
PYF,French Polynesia,2001,3573808556.312676
PYF,French Polynesia,2002,3965405552.520302
PYF,French Polynesia,2003,4927780606.770702
PYF,French Polynesia,2004,5564109981.913795
PYF,French Polynesia,2005,5705052134.542532
PYF,French Polynesia,2006,5877997979.622657
PYF,French Polynesia,2007,6631156405.596368
PYF,French Polynesia,2008,7136741421.959083
PYF,French Polynesia,2009,6584557973.937495
PYF,French Polynesia,2010,6086644798.559816
PYF,French Polynesia,2011,6203940036.919825
PYF,French Polynesia,2012,5692858099.002168
PYF,French Polynesia,2013,6031827122.606632
PYF,French Polynesia,2014,6151996560.842894
PYF,French Polynesia,2015,5325846361.811863
PYF,French Polynesia,2016,5497036476.8031
PYF,French Polynesia,2017,5833352692.799503
PYF,French Polynesia,2018,6135116253.334518
PYF,French Polynesia,2019,6022276196.13871
PYF,French Polynesia,2020,5792545870.806137
PYF,French Polynesia,2021,6150640646.383186
PYF,French Polynesia,2022,5814661208.905444
GAB,Gabon,2000,5080483628.530126
GAB,Gabon,2001,5023265413.2623
GAB,Gabon,2002,5335451099.882229
GAB,Gabon,2003,6511903365.475535
GAB,Gabon,2004,7770219008.212934
GAB,Gabon,2005,9582783990.853455
GAB,Gabon,2006,10327598306.457499
GAB,Gabon,2007,12455409587.337097
GAB,Gabon,2008,15571348344.337933
GAB,Gabon,2009,12113699068.251694
GAB,Gabon,2010,14372593020.288502
GAB,Gabon,2011,18210307743.581623
GAB,Gabon,2012,17170464016.059284
GAB,Gabon,2013,17595744798.339832
GAB,Gabon,2014,18203966895.84335
GAB,Gabon,2015,14383107762.695183
GAB,Gabon,2016,14023890265.366455
GAB,Gabon,2017,14929487485.162275
GAB,Gabon,2018,16867326389.870382
GAB,Gabon,2019,16874405460.195467
GAB,Gabon,2020,15314577167.821096
GAB,Gabon,2021,20217946921.20645
GAB,Gabon,2022,21071739227.942158
GAB,Gabon,2023,20516134388.66078
GMB,"Gambia, The",2000,782913871.8096597
GMB,"Gambia, The",2001,687410645.0639434
GMB,"Gambia, The",2002,578235309.3271981
GMB,"Gambia, The",2003,487038685.04549587
GMB,"Gambia, The",2004,961900651.4234409
GMB,"Gambia, The",2005,1027701067.5568765
GMB,"Gambia, The",2006,1054112487.7408298
GMB,"Gambia, The",2007,1279703047.0220978
GMB,"Gambia, The",2008,1561766955.7302403
GMB,"Gambia, The",2009,1450142508.5780816
GMB,"Gambia, The",2010,1543294926.8730059
GMB,"Gambia, The",2011,1409693596.9359355
GMB,"Gambia, The",2012,1415004738.2662053
GMB,"Gambia, The",2013,1375609453.4374623
GMB,"Gambia, The",2014,1229461721.4086075
GMB,"Gambia, The",2015,1378176608.9320412
GMB,"Gambia, The",2016,1484578885.9713225
GMB,"Gambia, The",2017,1504909462.6952114
GMB,"Gambia, The",2018,1670671327.8165143
GMB,"Gambia, The",2019,1813609692.4999352
GMB,"Gambia, The",2020,1812170891.1906917
GMB,"Gambia, The",2021,2014158842.6539373
GMB,"Gambia, The",2022,2175099789.9782925
GMB,"Gambia, The",2023,2339904156.792144
GEO,Georgia,2000,3057475335.1884646
GEO,Georgia,2001,3219462262.007499
GEO,Georgia,2002,3395766677.673153
GEO,Georgia,2003,3991377904.1316156
GEO,Georgia,2004,5125365191.986644
GEO,Georgia,2005,6410912049.871047
GEO,Georgia,2006,7745250733.950674
GEO,Georgia,2007,10172931088.565523
GEO,Georgia,2008,12795145130.910282
GEO,Georgia,2009,10766920065.825115
GEO,Georgia,2010,12426907967.157818
GEO,Georgia,2011,15475290469.286894
GEO,Georgia,2012,16894392033.225578
GEO,Georgia,2013,17517660143.685932
GEO,Georgia,2014,17966015109.304302
GEO,Georgia,2015,15223796148.83962
GEO,Georgia,2016,15444548901.963682
GEO,Georgia,2017,16473125375.068438
GEO,Georgia,2018,17902544880.64707
GEO,Georgia,2019,17638337116.9126
GEO,Georgia,2020,16010869215.679968
GEO,Georgia,2021,18853115588.81058
GEO,Georgia,2022,24984568959.604965
GEO,Georgia,2023,30535530479.022663
DEU,Germany,2000,1947981991011.7688
DEU,Germany,2001,1945790973803.1519
DEU,Germany,2002,2078484517474.5134
DEU,Germany,2003,2501640388482.3477
DEU,Germany,2004,2814353869359.0806
DEU,Germany,2005,2846864211175.096
DEU,Germany,2006,2994703642023.5254
DEU,Germany,2007,3425578382921.5796
DEU,Germany,2008,3745264093617.1865
DEU,Germany,2009,3411261212652.3413
DEU,Germany,2010,3399667820000.0063
DEU,Germany,2011,3749314991050.591
DEU,Germany,2012,3527143188785.157
DEU,Germany,2013,3733804649549.0303
DEU,Germany,2014,3889093051023.5156
DEU,Germany,2015,3357585719351.5605
DEU,Germany,2016,3469853463945.5337
DEU,Germany,2017,3690849152517.6533
DEU,Germany,2018,3974443355019.605
DEU,Germany,2019,3889177589254.8955
DEU,Germany,2020,3887727161914.4077
DEU,Germany,2021,4278503934689.8535
DEU,Germany,2022,4082469490797.681
DEU,Germany,2023,4456081016705.961
GHA,Ghana,2000,4982850662.208511
GHA,Ghana,2001,5314872854.440497
GHA,Ghana,2002,6166197847.850311
GHA,Ghana,2003,7632723555.66221
GHA,Ghana,2004,8881417906.714323
GHA,Ghana,2005,10744568381.44561
GHA,Ghana,2006,20885037596.696342
GHA,Ghana,2007,24827339138.49064
GHA,Ghana,2008,28679383241.07291
GHA,Ghana,2009,26048720005.52326
GHA,Ghana,2010,32197655566.534706
GHA,Ghana,2011,39336668080.55898
GHA,Ghana,2012,41271701060.95403
GHA,Ghana,2013,62824629066.04083
GHA,Ghana,2014,54783319817.370514
GHA,Ghana,2015,49406010054.266335
GHA,Ghana,2016,56164929304.8754
GHA,Ghana,2017,60405924078.72783
GHA,Ghana,2018,67298914624.372314
GHA,Ghana,2019,68337969247.70674
GHA,Ghana,2020,70043095503.6675
GHA,Ghana,2021,79524421861.27426
GHA,Ghana,2022,74263364041.87419
GHA,Ghana,2023,76370394412.41626
GRC,Greece,2000,130457756628.43636
GRC,Greece,2001,136309295225.33954
GRC,Greece,2002,154564203586.954
GRC,Greece,2003,202370140236.26508
GRC,Greece,2004,240963562236.12726
GRC,Greece,2005,247875422204.41388
GRC,Greece,2006,273546728473.07257
GRC,Greece,2007,318902829550.73315
GRC,Greece,2008,355908689477.44525
GRC,Greece,2009,331308500253.2744
GRC,Greece,2010,297124961971.50055
GRC,Greece,2011,282995942006.557
GRC,Greece,2012,242029307133.40787
GRC,Greece,2013,238907690051.1301
GRC,Greece,2014,235458133124.6078
GRC,Greece,2015,195683527003.3745
GRC,Greece,2016,193148146586.93277
GRC,Greece,2017,199844406013.53094
GRC,Greece,2018,212049447242.1112
GRC,Greece,2019,205252760889.36438
GRC,Greece,2020,188480337285.6052
GRC,Greece,2021,214667807441.20197
GRC,Greece,2022,217581324512.0592
GRC,Greece,2023,238206312632.52774
GRL,Greenland,2000,1068025016.0086223
GRL,Greenland,2001,1086170703.9815965
GRL,Greenland,2002,1169136716.0355651
GRL,Greenland,2003,1558759823.081686
GRL,Greenland,2004,1822499769.2393847
GRL,Greenland,2005,1849802648.3639076
GRL,Greenland,2006,2013106929.500311
GRL,Greenland,2007,2249811295.6608014
GRL,Greenland,2008,2499092314.4187546
GRL,Greenland,2009,2529963903.2268476
GRL,Greenland,2010,2503167187.4930544
GRL,Greenland,2011,2684461375.465847
GRL,Greenland,2012,2609678486.367488
GRL,Greenland,2013,2684946990.1244802
GRL,Greenland,2014,2842065708.3596215
GRL,Greenland,2015,2499113022.8167543
GRL,Greenland,2016,2707139544.4669547
GRL,Greenland,2017,2851613679.0343266
GRL,Greenland,2018,3055782146.15957
GRL,Greenland,2019,2997309971.8762293
GRL,Greenland,2020,3082884653.245599
GRL,Greenland,2021,3235809504.298714
GRD,Grenada,2000,520044370.3703703
GRD,Grenada,2001,520444185.18518513
GRD,Grenada,2002,540336925.9259259
GRD,Grenada,2003,591018407.4074074
GRD,Grenada,2004,599118592.5925926
GRD,Grenada,2005,695555555.5555555
GRD,Grenada,2006,698700666.6666666
GRD,Grenada,2007,758683592.5925926
GRD,Grenada,2008,825976037.037037
GRD,Grenada,2009,771275555.5555555
GRD,Grenada,2010,771014814.8148147
GRD,Grenada,2011,778655555.5555555
GRD,Grenada,2012,799881481.4814814
GRD,Grenada,2013,842618518.5185184
GRD,Grenada,2014,911496296.2962962
GRD,Grenada,2015,997007407.4074073
GRD,Grenada,2016,1061640740.7407407
GRD,Grenada,2017,1125685185.1851852
GRD,Grenada,2018,1166514814.8148148
GRD,Grenada,2019,1213485185.1851852
GRD,Grenada,2020,1043411111.111111
GRD,Grenada,2021,1122800000.0
GRD,Grenada,2022,1224577777.7777777
GRD,Grenada,2023,1320334235.588974
GUM,Guam,2002,3394000000.0
GUM,Guam,2003,3569000000.0
GUM,Guam,2004,3869000000.0
GUM,Guam,2005,4213000000.0
GUM,Guam,2006,4238000000.0
GUM,Guam,2007,4397000000.0
GUM,Guam,2008,4658000000.0
GUM,Guam,2009,4828000000.0
GUM,Guam,2010,4949000000.0
GUM,Guam,2011,4984000000.0
GUM,Guam,2012,5265000000.0
GUM,Guam,2013,5399000000.0
GUM,Guam,2014,5610000000.0
GUM,Guam,2015,5799000000.0
GUM,Guam,2016,5901000000.0
GUM,Guam,2017,6013000000.0
GUM,Guam,2018,6051000000.0
GUM,Guam,2019,6355000000.0
GUM,Guam,2020,5916000000.0
GUM,Guam,2021,6234000000.0
GUM,Guam,2022,6910000000.0
GTM,Guatemala,2000,19288929030.05078
GTM,Guatemala,2001,18405220247.441242
GTM,Guatemala,2002,20444205991.02497
GTM,Guatemala,2003,21576351798.914482
GTM,Guatemala,2004,23577298094.657066
GTM,Guatemala,2005,26783389293.92199
GTM,Guatemala,2006,29744246827.183907
GTM,Guatemala,2007,33567850824.10393
GTM,Guatemala,2008,38503720224.31663
GTM,Guatemala,2009,37126148264.6383
GTM,Guatemala,2010,40676578423.48709
GTM,Guatemala,2011,46876006272.23869
GTM,Guatemala,2012,49593929487.1263
GTM,Guatemala,2013,52996446269.44204
GTM,Guatemala,2014,57852153058.50199
GTM,Guatemala,2015,62186064718.742386
GTM,Guatemala,2016,66053403469.00244
GTM,Guatemala,2017,71653754066.27628
GTM,Guatemala,2018,73328365862.43286
GTM,Guatemala,2019,77172317258.6478
GTM,Guatemala,2020,77715183063.2054
GTM,Guatemala,2021,86053083476.02939
GTM,Guatemala,2022,95003330315.87544
GTM,Guatemala,2023,102050473863.63637
GIN,Guinea,2000,4367458866.715374
GIN,Guinea,2001,4125527603.22908
GIN,Guinea,2002,4301608752.513958
GIN,Guinea,2003,5025167975.263627
GIN,Guinea,2004,5300767960.515724
GIN,Guinea,2005,4282468636.9050093
GIN,Guinea,2006,4220019242.7288175
GIN,Guinea,2007,6281917649.940332
GIN,Guinea,2008,6964179187.855786
GIN,Guinea,2009,6716904516.979529
GIN,Guinea,2010,6853467832.494075
GIN,Guinea,2011,6785137215.557362
GIN,Guinea,2012,7638045226.044156
GIN,Guinea,2013,8376613880.84932
GIN,Guinea,2014,8778473643.318516
GIN,Guinea,2015,8794202394.290764
GIN,Guinea,2016,8595955600.36601
GIN,Guinea,2017,10324668271.10322
GIN,Guinea,2018,11857030367.244081
GIN,Guinea,2019,13442861496.412752
GIN,Guinea,2020,14177835841.392267
GIN,Guinea,2021,16091817842.13176
GIN,Guinea,2022,20999229260.499454
GIN,Guinea,2023,23612295818.096096
GNB,Guinea-Bissau,2000,391345597.4678907
GNB,Guinea-Bissau,2001,412610871.49156547
GNB,Guinea-Bissau,2002,466773711.23407453
GNB,Guinea-Bissau,2003,553614800.1371366
GNB,Guinea-Bissau,2004,582169841.2752979
GNB,Guinea-Bissau,2005,639776040.6241124
GNB,Guinea-Bissau,2006,634781901.2834066
GNB,Guinea-Bissau,2007,753162998.0601367
GNB,Guinea-Bissau,2008,952667543.9646742
GNB,Guinea-Bissau,2009,890167833.3658751
GNB,Guinea-Bissau,2010,940112538.9641787
GNB,Guinea-Bissau,2011,1157074319.1117527
GNB,Guinea-Bissau,2012,1049412177.0757296
GNB,Guinea-Bissau,2013,1109682824.1367562
GNB,Guinea-Bissau,2014,1135250721.0248423
GNB,Guinea-Bissau,2015,1152384166.796375
GNB,Guinea-Bissau,2016,1245074264.1039608
GNB,Guinea-Bissau,2017,1469978606.1214306
GNB,Guinea-Bissau,2018,1554133593.9169855
GNB,Guinea-Bissau,2019,1486476582.0675912
GNB,Guinea-Bissau,2020,1520479984.5680752
GNB,Guinea-Bissau,2021,1724555634.365944
GNB,Guinea-Bissau,2022,1714166526.4457347
GNB,Guinea-Bissau,2023,1966461400.3583264
GUY,Guyana,2000,712667896.7275119
GUY,Guyana,2001,712167450.1628977
GUY,Guyana,2002,726131434.7153385
GUY,Guyana,2003,743063950.317749
GUY,Guyana,2004,787814379.1838433
GUY,Guyana,2005,824880550.3439649
GUY,Guyana,2006,2379817990.6917953
GUY,Guyana,2007,2730971595.395737
GUY,Guyana,2008,3025187433.3363686
GUY,Guyana,2009,3165663152.7335134
GUY,Guyana,2010,3432912516.9242687
GUY,Guyana,2011,3691384317.521781
GUY,Guyana,2012,4063088535.7633057
GUY,Guyana,2013,4167800928.83553
GUY,Guyana,2014,4127660151.808702
GUY,Guyana,2015,4279840193.7046003
GUY,Guyana,2016,4482697336.561744
GUY,Guyana,2017,4748174334.140436
GUY,Guyana,2018,4787636997.853427
GUY,Guyana,2019,5173760191.846522
GUY,Guyana,2020,5471256594.72422
GUY,Guyana,2021,8041362110.31175
GUY,Guyana,2022,14718388489.208633
GUY,Guyana,2023,16786302158.273382
HTI,Haiti,2000,6813566098.867498
HTI,Haiti,2001,6331970324.310222
HTI,Haiti,2002,6205847213.635101
HTI,Haiti,2003,5071947798.272632
HTI,Haiti,2004,6087360684.2969
HTI,Haiti,2005,7030149730.336923
HTI,Haiti,2006,7638739122.672419
HTI,Haiti,2007,9228637767.69009
HTI,Haiti,2008,10432962634.874826
HTI,Haiti,2009,11597002834.778614
HTI,Haiti,2010,11859312725.144835
HTI,Haiti,2011,13008746038.8867
HTI,Haiti,2012,13708925477.130407
HTI,Haiti,2013,14902488604.242088
HTI,Haiti,2014,15146883497.633091
HTI,Haiti,2015,14849629308.602478
HTI,Haiti,2016,14069277526.227812
HTI,Haiti,2017,15093357161.149847
HTI,Haiti,2018,16403864617.84576
HTI,Haiti,2019,15016090929.512514
HTI,Haiti,2020,14508222518.301786
HTI,Haiti,2021,20877414952.63745
HTI,Haiti,2022,20253551920.551617
HTI,Haiti,2023,19850829757.747147
HPC,Heavily indebted poor countries (HIPC),2000,181381059271.1327
HPC,Heavily indebted poor countries (HIPC),2001,174623068211.6252
HPC,Heavily indebted poor countries (HIPC),2002,189453215972.27676
HPC,Heavily indebted poor countries (HIPC),2003,214945631968.98584
HPC,Heavily indebted poor countries (HIPC),2004,247743498935.08423
HPC,Heavily indebted poor countries (HIPC),2005,283838004106.17816
HPC,Heavily indebted poor countries (HIPC),2006,332982475731.4968
HPC,Heavily indebted poor countries (HIPC),2007,397470489216.47504
HPC,Heavily indebted poor countries (HIPC),2008,472367096833.1147
HPC,Heavily indebted poor countries (HIPC),2009,468776321860.3896
HPC,Heavily indebted poor countries (HIPC),2010,509061582442.26056
HPC,Heavily indebted poor countries (HIPC),2011,564065134052.8373
HPC,Heavily indebted poor countries (HIPC),2012,583888328733.1459
HPC,Heavily indebted poor countries (HIPC),2013,655856029913.9088
HPC,Heavily indebted poor countries (HIPC),2014,694344337474.5431
HPC,Heavily indebted poor countries (HIPC),2015,667302120360.8035
HPC,Heavily indebted poor countries (HIPC),2016,674512464051.6886
HPC,Heavily indebted poor countries (HIPC),2017,724757996634.9285
HPC,Heavily indebted poor countries (HIPC),2018,774607047567.8475
HPC,Heavily indebted poor countries (HIPC),2019,803355942387.0563
HPC,Heavily indebted poor countries (HIPC),2020,811360288084.9884
HPC,Heavily indebted poor countries (HIPC),2021,902263213997.8197
HPC,Heavily indebted poor countries (HIPC),2022,981675388899.4773
HPC,Heavily indebted poor countries (HIPC),2023,1130472157492.994
HIC,High income,2000,28036716903140.23
HIC,High income,2001,27811072270318.094
HIC,High income,2002,29022750091985.18
HIC,High income,2003,32574954634084.754
HIC,High income,2004,36387608557612.22
HIC,High income,2005,38623901277744.24
HIC,High income,2006,40986059390577.016
HIC,High income,2007,45098647855102.445
HIC,High income,2008,48338201243505.67
HIC,High income,2009,44940316093124.67
HIC,High income,2010,47340327876455.97
HIC,High income,2011,51524951092552.39
HIC,High income,2012,51710003724530.76
HIC,High income,2013,52439877375602.58
HIC,High income,2014,53310162826089.13
HIC,High income,2015,49773105280474.15
HIC,High income,2016,50737236574099.64
HIC,High income,2017,53336788717601.586
HIC,High income,2018,56684556889445.77
HIC,High income,2019,57218295248360.38
HIC,High income,2020,55791128824226.22
HIC,High income,2021,62461025675219.586
HIC,High income,2022,64444446480056.59
HIC,High income,2023,67653743404264.14
HND,Honduras,2000,7186638029.058749
HND,Honduras,2001,7651162302.345604
HND,Honduras,2002,7858255412.860379
HND,Honduras,2003,8230391346.672281
HND,Honduras,2004,8869299234.337696
HND,Honduras,2005,9757012696.562117
HND,Honduras,2006,10917477066.142908
HND,Honduras,2007,12361257680.562687
HND,Honduras,2008,13881731875.746613
HND,Honduras,2009,14587496229.18111
HND,Honduras,2010,15839344591.984165
HND,Honduras,2011,17710275685.407448
HND,Honduras,2012,18528554397.56951
HND,Honduras,2013,18499729214.904022
HND,Honduras,2014,19756533971.869846
HND,Honduras,2015,20979791685.416042
HND,Honduras,2016,21717604952.183525
HND,Honduras,2017,23136247990.597725
HND,Honduras,2018,24067750760.49897
HND,Honduras,2019,24882225741.811867
HND,Honduras,2020,23352232483.75501
HND,Honduras,2021,28144331506.614887
HND,Honduras,2022,31426041806.798485
HND,Honduras,2023,34400509852.04365
HKG,"Hong Kong SAR, China",2000,171668891194.3487
HKG,"Hong Kong SAR, China",2001,169404327616.60522
HKG,"Hong Kong SAR, China",2002,166348866131.0282
HKG,"Hong Kong SAR, China",2003,161385558801.8108
HKG,"Hong Kong SAR, China",2004,169099768875.1926
HKG,"Hong Kong SAR, China",2005,181569311742.21292
HKG,"Hong Kong SAR, China",2006,193535442896.36505
HKG,"Hong Kong SAR, China",2007,211596944503.79977
HKG,"Hong Kong SAR, China",2008,219278749139.7337
HKG,"Hong Kong SAR, China",2009,214047795659.0447
HKG,"Hong Kong SAR, China",2010,228638668727.29083
HKG,"Hong Kong SAR, China",2011,248513617677.28674
HKG,"Hong Kong SAR, China",2012,262628865879.69678
HKG,"Hong Kong SAR, China",2013,275696879834.9665
HKG,"Hong Kong SAR, China",2014,291459995978.8927
HKG,"Hong Kong SAR, China",2015,309385622601.3481
HKG,"Hong Kong SAR, China",2016,320860317562.5624
HKG,"Hong Kong SAR, China",2017,341273289534.46594
HKG,"Hong Kong SAR, China",2018,361731070995.72626
HKG,"Hong Kong SAR, China",2019,363074545072.3891
HKG,"Hong Kong SAR, China",2020,344943149590.0583
HKG,"Hong Kong SAR, China",2021,368954169748.81805
HKG,"Hong Kong SAR, China",2022,358696261481.1598
HKG,"Hong Kong SAR, China",2023,382054574298.52905
HUN,Hungary,2000,47218405892.42581
HUN,Hungary,2001,53749989092.01972
HUN,Hungary,2002,67608919144.368355
HUN,Hungary,2003,85285062818.00766
HUN,Hungary,2004,104120820258.66873
HUN,Hungary,2005,113211158292.9365
HUN,Hungary,2006,115715618613.05196
HUN,Hungary,2007,140186716681.42496
HUN,Hungary,2008,158325614580.628
HUN,Hungary,2009,131069255620.56659
HUN,Hungary,2010,132175349953.71332
HUN,Hungary,2011,141942264554.47513
HUN,Hungary,2012,128814279315.1317
HUN,Hungary,2013,135684315697.71341
HUN,Hungary,2014,141033843265.66858
HUN,Hungary,2015,125174166987.37169
HUN,Hungary,2016,128609822750.03862
HUN,Hungary,2017,143112196040.32568
HUN,Hungary,2018,160565642983.58676
HUN,Hungary,2019,164020460331.65897
HUN,Hungary,2020,157288955508.17633
HUN,Hungary,2021,182109999477.69073
HUN,Hungary,2022,177006128624.62692
HUN,Hungary,2023,212388906458.72394
IBD,IBRD only,2000,5873248460100.093
IBD,IBRD only,2001,5954917913637.387
IBD,IBRD only,2002,6043651266693.341
IBD,IBRD only,2003,6788178855352.027
IBD,IBRD only,2004,8085419494002.896
IBD,IBRD only,2005,9657998889452.797
IBD,IBRD only,2006,11453342785003.834
IBD,IBRD only,2007,14221824723609.965
IBD,IBRD only,2008,17060926940839.877
IBD,IBRD only,2009,16541826277696.307
IBD,IBRD only,2010,20111983284711.48
IBD,IBRD only,2011,23807285173177.438
IBD,IBRD only,2012,25304734948065.89
IBD,IBRD only,2013,26693510662628.867
IBD,IBRD only,2014,27592783808400.59
IBD,IBRD only,2015,25838353087075.664
IBD,IBRD only,2016,26027770587219.1
IBD,IBRD only,2017,28745223958869.04
IBD,IBRD only,2018,30579316565085.14
IBD,IBRD only,2019,31246593993598.37
IBD,IBRD only,2020,30103859045527.812
IBD,IBRD only,2021,35740404315658.11
IBD,IBRD only,2022,37733201523901.375
IBD,IBRD only,2023,38733043068564.85
IBT,IDA & IBRD total,2000,6390526414219.346
IBT,IDA & IBRD total,2001,6465885572313.3955
IBT,IDA & IBRD total,2002,6593953285638.37
IBT,IDA & IBRD total,2003,7408766752494.036
IBT,IDA & IBRD total,2004,8811152019657.498
IBT,IDA & IBRD total,2005,10499926993564.467
IBT,IDA & IBRD total,2006,12458305114561.057
IBT,IDA & IBRD total,2007,15401421654907.701
IBT,IDA & IBRD total,2008,18465834149693.492
IBT,IDA & IBRD total,2009,17913122960002.152
IBT,IDA & IBRD total,2010,21693456395830.336
IBT,IDA & IBRD total,2011,25594615218755.266
IBT,IDA & IBRD total,2012,27188545719649.605
IBT,IDA & IBRD total,2013,28743704005346.543
IBT,IDA & IBRD total,2014,29800896836060.047
IBT,IDA & IBRD total,2015,27987288576613.15
IBT,IDA & IBRD total,2016,28169507573194.125
IBT,IDA & IBRD total,2017,30960119365364.016
IBT,IDA & IBRD total,2018,32964096579686.016
IBT,IDA & IBRD total,2019,33722356189565.855
IBT,IDA & IBRD total,2020,32528587315534.145
IBT,IDA & IBRD total,2021,38378968351134.22
IBT,IDA & IBRD total,2022,40566997900554.3
IBT,IDA & IBRD total,2023,41559721641424.8
IDB,IDA blend,2000,226799197386.94348
IDB,IDA blend,2001,226318400272.64963
IDB,IDA blend,2002,248462838455.27478
IDB,IDA blend,2003,280423881008.6594
IDB,IDA blend,2004,340143118674.0807
IDB,IDA blend,2005,402541987923.4158
IDB,IDA blend,2006,498778333888.95917
IDB,IDA blend,2007,578188309214.9082
IDB,IDA blend,2008,677188107675.7102
IDB,IDA blend,2009,631412536974.8903
IDB,IDA blend,2010,741312007016.759
IDB,IDA blend,2011,847544916121.7972
IDB,IDA blend,2012,941695867218.5646
IDB,IDA blend,2013,1023665425289.1719
IDB,IDA blend,2014,1110564323061.4287
IDB,IDA blend,2015,1054056007822.3799
IDB,IDA blend,2016,984095717018.7717
IDB,IDA blend,2017,967437544352.2806
IDB,IDA blend,2018,1056914447272.3887
IDB,IDA blend,2019,1077750148722.683
IDB,IDA blend,2020,1009467966729.6482
IDB,IDA blend,2021,1104603036389.7961
IDB,IDA blend,2022,1183656384165.711
IDB,IDA blend,2023,1044015231915.957
IDX,IDA only,2000,291557552376.7759
IDX,IDA only,2001,285482351627.00745
IDX,IDA only,2002,303011338636.68097
IDX,IDA only,2003,341509684072.07446
IDX,IDA only,2004,386660282055.16534
IDX,IDA only,2005,440100803249.34784
IDX,IDA only,2006,506608850466.3347
IDX,IDA only,2007,601253783985.3998
IDX,IDA only,2008,727719101177.9065
IDX,IDA only,2009,739884145330.9576
IDX,IDA only,2010,840161104102.0992
IDX,IDA only,2011,939785129456.0404
IDX,IDA only,2012,942114904365.1609
IDX,IDA only,2013,1026527917428.5073
IDX,IDA only,2014,1097548704598.0332
IDX,IDA only,2015,1093640032209.0707
IDX,IDA only,2016,1156608800300.8652
IDX,IDA only,2017,1247733925328.4648
IDX,IDA only,2018,1327890357838.6838
IDX,IDA only,2019,1397670771530.9763
IDX,IDA only,2020,1414559582470.6448
IDX,IDA only,2021,1535389926749.5986
IDX,IDA only,2022,1651361994353.6184
IDX,IDA only,2023,1786070910237.1333
IDA,IDA total,2000,517721477276.15155
IDA,IDA total,2001,511239299618.94403
IDA,IDA total,2002,550995965118.9045
IDA,IDA total,2003,621400206928.4497
IDA,IDA total,2004,726522702342.7588
IDA,IDA total,2005,842542900340.948
IDA,IDA total,2006,1005777469306.554
IDA,IDA total,2007,1179708743319.3362
IDA,IDA total,2008,1404907208853.6165
IDA,IDA total,2009,1371296682305.8477
IDA,IDA total,2010,1581473111118.858
IDA,IDA total,2011,1787330045577.8386
IDA,IDA total,2012,1883810771583.7258
IDA,IDA total,2013,2050193342717.6787
IDA,IDA total,2014,2208113027659.462
IDA,IDA total,2015,2147696040031.451
IDA,IDA total,2016,2140704517319.637
IDA,IDA total,2017,2215171469680.7456
IDA,IDA total,2018,2384804805111.073
IDA,IDA total,2019,2475420920253.6597
IDA,IDA total,2020,2424027549200.2925
IDA,IDA total,2021,2639992963139.394
IDA,IDA total,2022,2835003428054.01
IDA,IDA total,2023,2828041013610.3545
ISL,Iceland,2000,9025660361.75842
ISL,Iceland,2001,8234846804.605819
ISL,Iceland,2002,9318395054.859337
ISL,Iceland,2003,11429333037.84432
ISL,Iceland,2004,13825302535.7699
ISL,Iceland,2005,16852963067.049637
ISL,Iceland,2006,17465318552.294098
ISL,Iceland,2007,21652505596.75279
ISL,Iceland,2008,18074622987.01845
ISL,Iceland,2009,13154414219.206978
ISL,Iceland,2010,13751161917.739773
ISL,Iceland,2011,15221622925.931889
ISL,Iceland,2012,14751508133.544277
ISL,Iceland,2013,16125060515.31174
ISL,Iceland,2014,17867662177.89113
ISL,Iceland,2015,17517210519.091156
ISL,Iceland,2016,20793168030.952427
ISL,Iceland,2017,24728285177.460316
ISL,Iceland,2018,26260850582.06868
ISL,Iceland,2019,24681343649.29519
ISL,Iceland,2020,21629953194.065945
ISL,Iceland,2021,25797870984.2963
ISL,Iceland,2022,28701830401.683697
ISL,Iceland,2023,31020032583.197216
IND,India,2000,468395521654.4579
IND,India,2001,485440139204.17053
IND,India,2002,514939140318.7556
IND,India,2003,607700687237.3179
IND,India,2004,709152728830.7745
IND,India,2005,820383763511.4454
IND,India,2006,940259888787.7214
IND,India,2007,1216736438834.9553
IND,India,2008,1198895139005.919
IND,India,2009,1341888016994.8982
IND,India,2010,1675615519484.959
IND,India,2011,1823051829895.1328
IND,India,2012,1827637590410.9526
IND,India,2013,1856721507621.4607
IND,India,2014,2039126479155.269
IND,India,2015,2103588360044.3894
IND,India,2016,2294796885663.67
IND,India,2017,2651474262755.592
IND,India,2018,2702929641648.14
IND,India,2019,2835606256558.8438
IND,India,2020,2674851578586.8647
IND,India,2021,3167270623260.5225
IND,India,2022,3353470496885.9478
IND,India,2023,3549918918777.5317
IDN,Indonesia,2000,165021012077.80963
IDN,Indonesia,2001,160446947784.90857
IDN,Indonesia,2002,195660611165.18344
IDN,Indonesia,2003,234772463823.80835
IDN,Indonesia,2004,256836875295.4519
IDN,Indonesia,2005,285868619196.0848
IDN,Indonesia,2006,364570515618.35693
IDN,Indonesia,2007,432216737774.86053
IDN,Indonesia,2008,510228634990.59827
IDN,Indonesia,2009,539580085616.49194
IDN,Indonesia,2010,755094157621.9355
IDN,Indonesia,2011,892969104563.1713
IDN,Indonesia,2012,917869913332.6486
IDN,Indonesia,2013,912524136718.0182
IDN,Indonesia,2014,890814755533.5369
IDN,Indonesia,2015,860854232686.2139
IDN,Indonesia,2016,931877364037.6975
IDN,Indonesia,2017,1015618744159.7339
IDN,Indonesia,2018,1042271532988.6317
IDN,Indonesia,2019,1119099871350.1992
IDN,Indonesia,2020,1059054842698.482
IDN,Indonesia,2021,1186509691086.7307
IDN,Indonesia,2022,1319076267310.162
IDN,Indonesia,2023,1371171152331.155
IRN,"Iran, Islamic Rep.",2000,109591707801.43082
IRN,"Iran, Islamic Rep.",2001,126878750295.58344
IRN,"Iran, Islamic Rep.",2002,128626917504.39809
IRN,"Iran, Islamic Rep.",2003,153544751396.21115
IRN,"Iran, Islamic Rep.",2004,190043433963.8662
IRN,"Iran, Islamic Rep.",2005,226452138295.7256
IRN,"Iran, Islamic Rep.",2006,266298911663.7069
IRN,"Iran, Islamic Rep.",2007,349881601462.4392
IRN,"Iran, Islamic Rep.",2008,412336172443.79486
IRN,"Iran, Islamic Rep.",2009,416397025729.8983
IRN,"Iran, Islamic Rep.",2010,486807616876.6958
IRN,"Iran, Islamic Rep.",2011,626133112195.9261
IRN,"Iran, Islamic Rep.",2012,644035512181.4827
IRN,"Iran, Islamic Rep.",2013,492775566425.88055
IRN,"Iran, Islamic Rep.",2014,460382791480.42816
IRN,"Iran, Islamic Rep.",2015,408212917874.9643
IRN,"Iran, Islamic Rep.",2016,457954614593.74615
IRN,"Iran, Islamic Rep.",2017,486630147094.4858
IRN,"Iran, Islamic Rep.",2018,329691934142.938
IRN,"Iran, Islamic Rep.",2019,283649531542.74054
IRN,"Iran, Islamic Rep.",2020,239735486745.38528
IRN,"Iran, Islamic Rep.",2021,359096907772.2729
IRN,"Iran, Islamic Rep.",2022,413394567603.5518
IRN,"Iran, Islamic Rep.",2023,401504514718.7182
IRQ,Iraq,2000,48364250943.90507
IRQ,Iraq,2001,36176430128.805725
IRQ,Iraq,2002,32928454672.42459
IRQ,Iraq,2003,21921569478.81626
IRQ,Iraq,2004,36633669269.3981
IRQ,Iraq,2005,50065104667.8159
IRQ,Iraq,2006,65147051918.02187
IRQ,Iraq,2007,88837057319.51791
IRQ,Iraq,2008,131614434153.50531
IRQ,Iraq,2009,111657580326.31511
IRQ,Iraq,2010,138516722649.57266
IRQ,Iraq,2011,185749664444.44446
IRQ,Iraq,2012,218002476129.47165
IRQ,Iraq,2013,234637675128.64493
IRQ,Iraq,2014,228415656174.95712
IRQ,Iraq,2015,166774104959.10168
IRQ,Iraq,2016,166743557747.67148
IRQ,Iraq,2017,187217660050.6757
IRQ,Iraq,2018,227367469034.03085
IRQ,Iraq,2019,233636097800.33844
IRQ,Iraq,2020,180898797936.27884
IRQ,Iraq,2021,209691945713.10345
IRQ,Iraq,2022,286640340965.5172
IRQ,Iraq,2023,250842782139.46417
IRL,Ireland,2000,100207610429.90924
IRL,Ireland,2001,109346669229.6954
IRL,Ireland,2002,128596035288.40102
IRL,Ireland,2003,164670771259.60202
IRL,Ireland,2004,194372115041.06497
IRL,Ireland,2005,211876989655.90652
IRL,Ireland,2006,232180617162.2785
IRL,Ireland,2007,270079279419.50046
IRL,Ireland,2008,275447471451.06323
IRL,Ireland,2009,236443115853.69476
IRL,Ireland,2010,221913560882.3671
IRL,Ireland,2011,239170638711.3137
IRL,Ireland,2012,225118718207.1563
IRL,Ireland,2013,238112475390.79556
IRL,Ireland,2014,259681883575.70575
IRL,Ireland,2015,292364226871.7561
IRL,Ireland,2016,298559265006.39764
IRL,Ireland,2017,337241811320.8959
IRL,Ireland,2018,386693357874.0562
IRL,Ireland,2019,398933010007.3562
IRL,Ireland,2020,428608687830.2393
IRL,Ireland,2021,513391778882.86
IRL,Ireland,2022,533140011838.27637
IRL,Ireland,2023,545629450403.7351
IMN,Isle of Man,2000,1563667799.6157825
IMN,Isle of Man,2001,1659131243.7383714
IMN,Isle of Man,2002,1947332921.747183
IMN,Isle of Man,2003,2328658227.848101
IMN,Isle of Man,2004,2822358473.169832
IMN,Isle of Man,2005,3032411026.949189
IMN,Isle of Man,2006,3422733202.450104
IMN,Isle of Man,2007,4466350655.89909
IMN,Isle of Man,2008,5928791505.351438
IMN,Isle of Man,2009,5486921247.073229
IMN,Isle of Man,2010,5920369789.501823
IMN,Isle of Man,2011,6565667052.797365
IMN,Isle of Man,2012,6690228371.669086
IMN,Isle of Man,2013,7001175622.712655
IMN,Isle of Man,2014,7708454412.321261
IMN,Isle of Man,2015,7084800892.222841
IMN,Isle of Man,2016,6846377563.006829
IMN,Isle of Man,2017,6979788333.502793
IMN,Isle of Man,2018,7491649455.927165
IMN,Isle of Man,2019,7314967866.282892
IMN,Isle of Man,2020,6684225641.0256405
IMN,Isle of Man,2021,7931193222.064053
ISR,Israel,2000,136035771711.67194
ISR,Israel,2001,134635822098.58049
ISR,Israel,2002,125060622862.93216
ISR,Israel,2003,131299915899.95828
ISR,Israel,2004,139973148371.26282
ISR,Israel,2005,147083996033.60297
ISR,Israel,2006,158670456932.53735
ISR,Israel,2007,184052121662.0822
ISR,Israel,2008,220531065217.3913
ISR,Israel,2009,211970040942.9596
ISR,Israel,2010,238364092298.02286
ISR,Israel,2011,266791854430.89716
ISR,Israel,2012,262282344091.84918
ISR,Israel,2013,297732778479.1286
ISR,Israel,2014,314330061977.26337
ISR,Israel,2015,303414276832.04004
ISR,Israel,2016,322102790386.835
ISR,Israel,2017,358245427458.54095
ISR,Israel,2018,376691526553.27637
ISR,Israel,2019,402470513619.148
ISR,Israel,2020,413267669231.52216
ISR,Israel,2021,488526545878.89136
ISR,Israel,2022,525002447652.77344
ISR,Israel,2023,509901495702.1033
ITA,Italy,2000,1146676894209.728
ITA,Italy,2001,1168023426056.3794
ITA,Italy,2002,1276769338449.2964
ITA,Italy,2003,1577621707050.5066
ITA,Italy,2004,1806542968545.5645
ITA,Italy,2005,1858217147203.7346
ITA,Italy,2006,1949551719389.6443
ITA,Italy,2007,2213102482751.458
ITA,Italy,2008,2408655348718.5933
ITA,Italy,2009,2199928804118.6313
ITA,Italy,2010,2136099955236.671
ITA,Italy,2011,2294994296589.4985
ITA,Italy,2012,2086957656821.602
ITA,Italy,2013,2141924094298.5552
ITA,Italy,2014,2162009615996.5415
ITA,Italy,2015,1836637711060.546
ITA,Italy,2016,1877071687633.7788
ITA,Italy,2017,1961796197354.3564
ITA,Italy,2018,2091932426266.979
ITA,Italy,2019,2011302198827.4478
ITA,Italy,2020,1897461635591.9119
ITA,Italy,2021,2154875493744.9265
ITA,Italy,2022,2066972096553.7046
ITA,Italy,2023,2254851212731.8047
JAM,Jamaica,2000,9005064474.930035
JAM,Jamaica,2001,9194727831.073185
JAM,Jamaica,2002,9719009494.847792
JAM,Jamaica,2003,9430234810.785856
JAM,Jamaica,2004,10174664853.947565
JAM,Jamaica,2005,11243865777.713053
JAM,Jamaica,2006,11930179089.885475
JAM,Jamaica,2007,12799600047.184536
JAM,Jamaica,2008,13709401520.032595
JAM,Jamaica,2009,12120458114.8318
JAM,Jamaica,2010,13220549908.249386
JAM,Jamaica,2011,14444661522.146338
JAM,Jamaica,2012,14807086555.528315
JAM,Jamaica,2013,14264205152.61263
JAM,Jamaica,2014,13899217679.92193
JAM,Jamaica,2015,14188936918.003582
JAM,Jamaica,2016,14077096676.621284
JAM,Jamaica,2017,14808985132.772171
JAM,Jamaica,2018,15730792876.265558
JAM,Jamaica,2019,15830766531.147352
JAM,Jamaica,2020,13812421835.736935
JAM,Jamaica,2021,14657586159.431625
JAM,Jamaica,2022,17097760686.777462
JAM,Jamaica,2023,19423355367.23718
JPN,Japan,2000,4968359075956.591
JPN,Japan,2001,4374711694090.8706
JPN,Japan,2002,4182846045873.608
JPN,Japan,2003,4519561645253.529
JPN,Japan,2004,4893116005656.559
JPN,Japan,2005,4831467035389.8
JPN,Japan,2006,4601663122649.921
JPN,Japan,2007,4579750920354.809
JPN,Japan,2008,5106679115127.299
JPN,Japan,2009,5289493117993.89
JPN,Japan,2010,5759071769013.113
JPN,Japan,2011,6233147172341.349
JPN,Japan,2012,6272362996105.034
JPN,Japan,2013,5212328181166.185
JPN,Japan,2014,4896994405353.292
JPN,Japan,2015,4444930651964.18
JPN,Japan,2016,5003677627544.24
JPN,Japan,2017,4930837369151.422
JPN,Japan,2018,5040880939324.859
JPN,Japan,2019,5117993853016.508
JPN,Japan,2020,5055587093501.588
JPN,Japan,2021,5034620784584.983
JPN,Japan,2022,4256410760723.75
JPN,Japan,2023,4212945159781.403
JOR,Jordan,2000,8460789844.851905
JOR,Jordan,2001,8975814652.819601
JOR,Jordan,2002,9582510578.279266
JOR,Jordan,2003,10195627644.569817
JOR,Jordan,2004,11411706629.055008
JOR,Jordan,2005,12588998589.562765
JOR,Jordan,2006,15056981664.315939
JOR,Jordan,2007,17110437235.543018
JOR,Jordan,2008,22658715989.330204
JOR,Jordan,2009,24537876056.338028
JOR,Jordan,2010,27133804225.352116
JOR,Jordan,2011,29524149154.92958
JOR,Jordan,2012,31634561690.140846
JOR,Jordan,2013,34454440140.84507
JOR,Jordan,2014,36847643521.12676
JOR,Jordan,2015,38587017887.323944
JOR,Jordan,2016,39892551126.76057
JOR,Jordan,2017,41608435915.49296
JOR,Jordan,2018,43370860704.22536
JOR,Jordan,2019,44502816901.408455
JOR,Jordan,2020,43700383098.59155
JOR,Jordan,2021,46296100140.84507
JOR,Jordan,2022,48653381830.985916
JOR,Jordan,2023,50813642348.674644
KAZ,Kazakhstan,2000,18291990662.035625
KAZ,Kazakhstan,2001,22152689179.881508
KAZ,Kazakhstan,2002,24636598527.443718
KAZ,Kazakhstan,2003,30833692900.109074
KAZ,Kazakhstan,2004,43151647002.60963
KAZ,Kazakhstan,2005,57123671733.89525
KAZ,Kazakhstan,2006,81003864630.01804
KAZ,Kazakhstan,2007,104849915058.37578
KAZ,Kazakhstan,2008,133441648851.9825
KAZ,Kazakhstan,2009,115308686941.38017
KAZ,Kazakhstan,2010,148047348240.64334
KAZ,Kazakhstan,2011,192626464617.07117
KAZ,Kazakhstan,2012,207998568865.78925
KAZ,Kazakhstan,2013,236634603409.08856
KAZ,Kazakhstan,2014,221415613595.46927
KAZ,Kazakhstan,2015,184388404706.04178
KAZ,Kazakhstan,2016,137278320084.17114
KAZ,Kazakhstan,2017,166805788827.23325
KAZ,Kazakhstan,2018,179339977690.48486
KAZ,Kazakhstan,2019,181667184854.50052
KAZ,Kazakhstan,2020,171082365861.4229
KAZ,Kazakhstan,2021,197112255360.61234
KAZ,Kazakhstan,2022,225496328925.4941
KAZ,Kazakhstan,2023,261421121085.57208
KEN,Kenya,2000,12705350097.80436
KEN,Kenya,2001,12986007425.878052
KEN,Kenya,2002,13147736898.517572
KEN,Kenya,2003,14904517649.847567
KEN,Kenya,2004,16095337093.836597
KEN,Kenya,2005,18737895512.737766
KEN,Kenya,2006,25825512284.289078
KEN,Kenya,2007,31958195182.240604
KEN,Kenya,2008,35895153327.849686
KEN,Kenya,2009,42347217912.91757
KEN,Kenya,2010,45405615063.75513
KEN,Kenya,2011,46869473150.60999
KEN,Kenya,2012,56396704671.57766
KEN,Kenya,2013,61671440407.83867
KEN,Kenya,2014,68285796514.28962
KEN,Kenya,2015,70120446896.8359
KEN,Kenya,2016,74815144163.89308
KEN,Kenya,2017,82036510877.25989
KEN,Kenya,2018,92202979985.2863
KEN,Kenya,2019,100378436207.37134
KEN,Kenya,2020,100657505750.545
KEN,Kenya,2021,109703658904.99373
KEN,Kenya,2022,113419826113.90314
KEN,Kenya,2023,107440575838.04752
KIR,Kiribati,2000,74790109.38488324
KIR,Kiribati,2001,65168750.85986546
KIR,Kiribati,2002,74977058.64998916
KIR,Kiribati,2003,95984600.95699242
KIR,Kiribati,2004,104430807.97086526
KIR,Kiribati,2005,113786233.08766197
KIR,Kiribati,2006,112201076.37730587
KIR,Kiribati,2007,138066995.12665346
KIR,Kiribati,2008,146790160.52971956
KIR,Kiribati,2009,140384919.85190952
KIR,Kiribati,2010,165113529.31086197
KIR,Kiribati,2011,195984787.45449802
KIR,Kiribati,2012,207081997.22303042
KIR,Kiribati,2013,201768028.5525895
KIR,Kiribati,2014,200114840.67884
KIR,Kiribati,2015,191572320.42912197
KIR,Kiribati,2016,206658568.82250705
KIR,Kiribati,2017,223029864.54193038
KIR,Kiribati,2018,233859230.19219792
KIR,Kiribati,2019,216891541.02135062
KIR,Kiribati,2020,222973879.71109742
KIR,Kiribati,2021,289207526.3066171
KIR,Kiribati,2022,270520731.5990411
KIR,Kiribati,2023,279034355.10842144
KOR,"Korea, Rep.",2000,576179387819.613
KOR,"Korea, Rep.",2001,547656279894.58673
KOR,"Korea, Rep.",2002,627246933729.6177
KOR,"Korea, Rep.",2003,702714855193.9042
KOR,"Korea, Rep.",2004,793175561887.0269
KOR,"Korea, Rep.",2005,934901071332.9838
KOR,"Korea, Rep.",2006,1053216909887.5618
KOR,"Korea, Rep.",2007,1172614086539.8635
KOR,"Korea, Rep.",2008,1047339010225.2472
KOR,"Korea, Rep.",2009,943941876218.7433
KOR,"Korea, Rep.",2010,1143672241149.7156
KOR,"Korea, Rep.",2011,1253289537500.8132
KOR,"Korea, Rep.",2012,1278046536287.0134
KOR,"Korea, Rep.",2013,1370632955321.2036
KOR,"Korea, Rep.",2014,1484488526271.7983
KOR,"Korea, Rep.",2015,1466038936206.4277
KOR,"Korea, Rep.",2016,1499679823909.6116
KOR,"Korea, Rep.",2017,1623074183501.9038
KOR,"Korea, Rep.",2018,1725373496825.426
KOR,"Korea, Rep.",2019,1651422932447.768
KOR,"Korea, Rep.",2020,1644312831906.1692
KOR,"Korea, Rep.",2021,1818432106880.0369
KOR,"Korea, Rep.",2022,1673916511799.7087
KOR,"Korea, Rep.",2023,1712792854202.3687
XKX,Kosovo,2008,5181776768.712465
XKX,Kosovo,2009,5015894692.970269
XKX,Kosovo,2010,5343950556.071849
XKX,Kosovo,2011,6341613609.979761
XKX,Kosovo,2012,6163484244.63408
XKX,Kosovo,2013,6735328609.659405
XKX,Kosovo,2014,7074394734.884315
XKX,Kosovo,2015,6295848422.715734
XKX,Kosovo,2016,6682677289.989938
XKX,Kosovo,2017,7180764703.357184
XKX,Kosovo,2018,7878759714.823217
XKX,Kosovo,2019,7899737577.472862
XKX,Kosovo,2020,7717145217.812473
XKX,Kosovo,2021,9413403724.018988
XKX,Kosovo,2022,9354903061.8898
XKX,Kosovo,2023,10438351483.167696
KWT,Kuwait,2000,37718743480.0751
KWT,Kuwait,2001,34889559869.832596
KWT,Kuwait,2002,38135788413.82759
KWT,Kuwait,2003,47874582231.58799
KWT,Kuwait,2004,59439090600.61079
KWT,Kuwait,2005,80798630136.98631
KWT,Kuwait,2006,101557330723.42303
KWT,Kuwait,2007,114634043361.69223
KWT,Kuwait,2008,147379737229.75284
KWT,Kuwait,2009,105968691905.4155
KWT,Kuwait,2010,115416245238.47812
KWT,Kuwait,2011,154039231299.1275
KWT,Kuwait,2012,174047695598.6865
KWT,Kuwait,2013,174168116687.21497
KWT,Kuwait,2014,162650450784.68552
KWT,Kuwait,2015,114585555830.91621
KWT,Kuwait,2016,109406674087.94687
KWT,Kuwait,2017,120687539675.51738
KWT,Kuwait,2018,138202535962.40082
KWT,Kuwait,2019,138696321087.86374
KWT,Kuwait,2020,107512998447.02074
KWT,Kuwait,2021,141777271268.69412
KWT,Kuwait,2022,182809482400.92438
KWT,Kuwait,2023,161772221950.94162
KGZ,Kyrgyz Republic,2000,1369688498.0677826
KGZ,Kyrgyz Republic,2001,1525116370.279392
KGZ,Kyrgyz Republic,2002,1605643104.730212
KGZ,Kyrgyz Republic,2003,1919008090.4964125
KGZ,Kyrgyz Republic,2004,2211534585.003399
KGZ,Kyrgyz Republic,2005,2460246766.4140053
KGZ,Kyrgyz Republic,2006,2834168889.4201913
KGZ,Kyrgyz Republic,2007,3802570552.561046
KGZ,Kyrgyz Republic,2008,5139958909.179356
KGZ,Kyrgyz Republic,2009,4690061380.602529
KGZ,Kyrgyz Republic,2010,4794361863.013527
KGZ,Kyrgyz Republic,2011,6197765984.284684
KGZ,Kyrgyz Republic,2012,6605142884.362147
KGZ,Kyrgyz Republic,2013,7335033800.590564
KGZ,Kyrgyz Republic,2014,7468102412.682374
KGZ,Kyrgyz Republic,2015,6678177511.663131
KGZ,Kyrgyz Republic,2016,6813095379.118702
KGZ,Kyrgyz Republic,2017,7702938379.42036
KGZ,Kyrgyz Republic,2018,8271106235.415524
KGZ,Kyrgyz Republic,2019,9371275264.367346
KGZ,Kyrgyz Republic,2020,8270468614.240511
KGZ,Kyrgyz Republic,2021,9249133946.265314
KGZ,Kyrgyz Republic,2022,12134931017.946526
KGZ,Kyrgyz Republic,2023,13987627908.838139
LAO,Lao PDR,2000,1731198022.4676313
LAO,Lao PDR,2001,1768619058.3464744
LAO,Lao PDR,2002,1758176653.0774584
LAO,Lao PDR,2003,2023324407.2841384
LAO,Lao PDR,2004,2366398119.863208
LAO,Lao PDR,2005,2735558734.737903
LAO,Lao PDR,2006,3455030060.978498
LAO,Lao PDR,2007,4223152739.0405164
LAO,Lao PDR,2008,5446433157.401138
LAO,Lao PDR,2009,5836137329.633054
LAO,Lao PDR,2010,7131771014.704564
LAO,Lao PDR,2011,8750104617.173029
LAO,Lao PDR,2012,10192846339.40287
LAO,Lao PDR,2013,11983252626.545183
LAO,Lao PDR,2014,13279245886.385435
LAO,Lao PDR,2015,14426380125.648829
LAO,Lao PDR,2016,15912501722.614256
LAO,Lao PDR,2017,17071155481.49936
LAO,Lao PDR,2018,18141641089.796326
LAO,Lao PDR,2019,18740561512.555496
LAO,Lao PDR,2020,18981805250.242397
LAO,Lao PDR,2021,18827148530.934723
LAO,Lao PDR,2022,15468785203.753174
LAO,Lao PDR,2023,15843155731.25518
LTE,Late-demographic dividend,2000,3410313487927.403
LTE,Late-demographic dividend,2001,3525091029820.1104
LTE,Late-demographic dividend,2002,3736796107267.6753
LTE,Late-demographic dividend,2003,4257947205698.707
LTE,Late-demographic dividend,2004,5117293242644.111
LTE,Late-demographic dividend,2005,6172905218377.231
LTE,Late-demographic dividend,2006,7448573743924.262
LTE,Late-demographic dividend,2007,9382447414660.309
LTE,Late-demographic dividend,2008,11663554908011.691
LTE,Late-demographic dividend,2009,11269360521229.5
LTE,Late-demographic dividend,2010,13564267760890.17
LTE,Late-demographic dividend,2011,16530365963615.514
LTE,Late-demographic dividend,2012,17680657970635.266
LTE,Late-demographic dividend,2013,19042359863611.242
LTE,Late-demographic dividend,2014,19776331354297.383
LTE,Late-demographic dividend,2015,18550881244485.992
LTE,Late-demographic dividend,2016,18593573738109.332
LTE,Late-demographic dividend,2017,20631078375844.242
LTE,Late-demographic dividend,2018,22623622462864.816
LTE,Late-demographic dividend,2019,23050208314364.02
LTE,Late-demographic dividend,2020,22531183291578.273
LTE,Late-demographic dividend,2021,26872794398412.047
LTE,Late-demographic dividend,2022,28062557325965.145
LTE,Late-demographic dividend,2023,28341396914858.266
LCN,Latin America & Caribbean,2000,2326171956618.827
LCN,Latin America & Caribbean,2001,2281659001901.305
LCN,Latin America & Caribbean,2002,2051651216847.5154
LCN,Latin America & Caribbean,2003,2090649676533.063
LCN,Latin America & Caribbean,2004,2404140329731.789
LCN,Latin America & Caribbean,2005,2901840928620.712
LCN,Latin America & Caribbean,2006,3395773013103.3794
LCN,Latin America & Caribbean,2007,3997430459125.194
LCN,Latin America & Caribbean,2008,4642685980825.886
LCN,Latin America & Caribbean,2009,4355865396934.769
LCN,Latin America & Caribbean,2010,5395521584867.198
LCN,Latin America & Caribbean,2011,6137298312571.182
LCN,Latin America & Caribbean,2012,6209024743500.111
LCN,Latin America & Caribbean,2013,6362333301077.531
LCN,Latin America & Caribbean,2014,6483202078515.132
LCN,Latin America & Caribbean,2015,5418289197382.295
LCN,Latin America & Caribbean,2016,5283310849435.272
LCN,Latin America & Caribbean,2017,5866482345855.606
LCN,Latin America & Caribbean,2018,5742638741431.275
LCN,Latin America & Caribbean,2019,5659965575492.011
LCN,Latin America & Caribbean,2020,4804924789054.883
LCN,Latin America & Caribbean,2021,5578001135446.182
LCN,Latin America & Caribbean,2022,6341680448313.757
LCN,Latin America & Caribbean,2023,7094329636592.513
LAC,Latin America & Caribbean (excluding high income),2000,2001496152611.1226
LAC,Latin America & Caribbean (excluding high income),2001,1951435655114.4248
LAC,Latin America & Caribbean (excluding high income),2002,1757081641119.6235
LAC,Latin America & Caribbean (excluding high income),2003,1793945251035.7202
LAC,Latin America & Caribbean (excluding high income),2004,2043684160277.3213
LAC,Latin America & Caribbean (excluding high income),2005,2470502060472.195
LAC,Latin America & Caribbean (excluding high income),2006,2881093926514.893
LAC,Latin America & Caribbean (excluding high income),2007,3401597415158.732
LAC,Latin America & Caribbean (excluding high income),2008,3931407891415.4766
LAC,Latin America & Caribbean (excluding high income),2009,3643244830292.974
LAC,Latin America & Caribbean (excluding high income),2010,4556436688834.758
LAC,Latin America & Caribbean (excluding high income),2011,5320445093655.743
LAC,Latin America & Caribbean (excluding high income),2012,5297857656983.352
LAC,Latin America & Caribbean (excluding high income),2013,5436631031505.861
LAC,Latin America & Caribbean (excluding high income),2014,5457289044548.768
LAC,Latin America & Caribbean (excluding high income),2015,4634564315170.454
LAC,Latin America & Caribbean (excluding high income),2016,4496975505130.537
LAC,Latin America & Caribbean (excluding high income),2017,5012883307321.984
LAC,Latin America & Caribbean (excluding high income),2018,4870399271215.6045
LAC,Latin America & Caribbean (excluding high income),2019,4804547155275.126
LAC,Latin America & Caribbean (excluding high income),2020,4046822646872.3726
LAC,Latin America & Caribbean (excluding high income),2021,4690738841614.132
LAC,Latin America & Caribbean (excluding high income),2022,5389510951677.686
LAC,Latin America & Caribbean (excluding high income),2023,6050580948759.951
TLA,Latin America & the Caribbean (IDA & IBRD countries),2000,2214793108979.011
TLA,Latin America & the Caribbean (IDA & IBRD countries),2001,2161567505918.137
TLA,Latin America & the Caribbean (IDA & IBRD countries),2002,1927469572333.205
TLA,Latin America & the Caribbean (IDA & IBRD countries),2003,1960572727991.551
TLA,Latin America & the Caribbean (IDA & IBRD countries),2004,2264753929049.2812
TLA,Latin America & the Caribbean (IDA & IBRD countries),2005,2751720692301.9966
TLA,Latin America & the Caribbean (IDA & IBRD countries),2006,3234376593372.225
TLA,Latin America & the Caribbean (IDA & IBRD countries),2007,3826508335402.8267
TLA,Latin America & the Caribbean (IDA & IBRD countries),2008,4465251653168.29
TLA,Latin America & the Caribbean (IDA & IBRD countries),2009,4176119188574.45
TLA,Latin America & the Caribbean (IDA & IBRD countries),2010,5210710546171.905
TLA,Latin America & the Caribbean (IDA & IBRD countries),2011,5940252657561.232
TLA,Latin America & the Caribbean (IDA & IBRD countries),2012,6005862490255.015
TLA,Latin America & the Caribbean (IDA & IBRD countries),2013,6154592516614.851
TLA,Latin America & the Caribbean (IDA & IBRD countries),2014,6270841236825.202
TLA,Latin America & the Caribbean (IDA & IBRD countries),2015,5194835549016.913
TLA,Latin America & the Caribbean (IDA & IBRD countries),2016,5053700630074.006
TLA,Latin America & the Caribbean (IDA & IBRD countries),2017,5631949735822.711
TLA,Latin America & the Caribbean (IDA & IBRD countries),2018,5506072829643.664
TLA,Latin America & the Caribbean (IDA & IBRD countries),2019,5413987316641.175
TLA,Latin America & the Caribbean (IDA & IBRD countries),2020,4561296585538.663
TLA,Latin America & the Caribbean (IDA & IBRD countries),2021,5310337203631.617
TLA,Latin America & the Caribbean (IDA & IBRD countries),2022,6045250902748.987
TLA,Latin America & the Caribbean (IDA & IBRD countries),2023,6772781697090.741
LVA,Latvia,2000,7958852838.933951
LVA,Latvia,2001,8362398701.589434
LVA,Latvia,2002,9557031605.275124
LVA,Latvia,2003,11771975156.80728
LVA,Latvia,2004,14435700533.368023
LVA,Latvia,2005,17003459863.098942
LVA,Latvia,2006,21570076498.620518
LVA,Latvia,2007,31054350977.97839
LVA,Latvia,2008,35854274228.9139
LVA,Latvia,2009,26410909090.90909
LVA,Latvia,2010,23956163076.55748
LVA,Latvia,2011,27474380566.26504
LVA,Latvia,2012,28169902669.378365
LVA,Latvia,2013,30204783461.84881
LVA,Latvia,2014,31386896487.040672
LVA,Latvia,2015,27263090547.061707
LVA,Latvia,2016,28083597512.484116
LVA,Latvia,2017,30483806017.831818
LVA,Latvia,2018,34429023435.02115
LVA,Latvia,2019,34225547537.074455
LVA,Latvia,2020,34390910338.9604
LVA,Latvia,2021,39443126174.43347
LVA,Latvia,2022,40422521943.44179
LVA,Latvia,2023,43627078481.28705
LDC,Least developed countries: UN classification,2000,224220841301.6215
LDC,Least developed countries: UN classification,2001,215386170078.76694
LDC,Least developed countries: UN classification,2002,235506872334.1742
LDC,Least developed countries: UN classification,2003,266569126690.00363
LDC,Least developed countries: UN classification,2004,306201111423.0941
LDC,Least developed countries: UN classification,2005,360878706648.537
LDC,Least developed countries: UN classification,2006,417524553902.59216
LDC,Least developed countries: UN classification,2007,501270268255.77356
LDC,Least developed countries: UN classification,2008,614414977114.4393
LDC,Least developed countries: UN classification,2009,608426703148.3109
LDC,Least developed countries: UN classification,2010,687433128591.7863
LDC,Least developed countries: UN classification,2011,783931296546.4978
LDC,Least developed countries: UN classification,2012,819266433465.4807
LDC,Least developed countries: UN classification,2013,892428919239.911
LDC,Least developed countries: UN classification,2014,959618110350.5364
LDC,Least developed countries: UN classification,2015,920864864683.3087
LDC,Least developed countries: UN classification,2016,936561647193.3789
LDC,Least developed countries: UN classification,2017,1025062467402.3052
LDC,Least developed countries: UN classification,2018,1090417461003.2311
LDC,Least developed countries: UN classification,2019,1150500716964.0056
LDC,Least developed countries: UN classification,2020,1162019936698.8362
LDC,Least developed countries: UN classification,2021,1266743958589.0854
LDC,Least developed countries: UN classification,2022,1424615962242.8284
LDC,Least developed countries: UN classification,2023,1504251159792.0146
LBN,Lebanon,2000,17260364842.454395
LBN,Lebanon,2001,17649751243.781094
LBN,Lebanon,2002,19152238805.97015
LBN,Lebanon,2003,20082918739.63516
LBN,Lebanon,2004,21159827992.039803
LBN,Lebanon,2005,21497336498.839138
LBN,Lebanon,2006,22022709851.40962
LBN,Lebanon,2007,24827355014.925373
LBN,Lebanon,2008,29118916105.472637
LBN,Lebanon,2009,35399582928.68988
LBN,Lebanon,2010,38443907042.12272
LBN,Lebanon,2011,39927125961.5257
LBN,Lebanon,2012,44016799515.75456
LBN,Lebanon,2013,46880103080.597015
LBN,Lebanon,2014,48095213746.600334
LBN,Lebanon,2015,49929337836.81592
LBN,Lebanon,2016,51147308774.12936
LBN,Lebanon,2017,53027680685.90382
LBN,Lebanon,2018,54901519155.55556
LBN,Lebanon,2019,51605959131.27413
LBN,Lebanon,2020,31712128253.796097
LBN,Lebanon,2021,23131941556.784348
LBN,Lebanon,2022,20992421948.808086
LSO,Lesotho,2000,887291687.9207957
LSO,Lesotho,2001,825706961.2386893
LSO,Lesotho,2002,775777238.5581402
LSO,Lesotho,2003,1157825434.789707
LSO,Lesotho,2004,1511236655.5204656
LSO,Lesotho,2005,1682343527.492213
LSO,Lesotho,2006,1800092563.754615
LSO,Lesotho,2007,1682131784.5136483
LSO,Lesotho,2008,1766902709.1993523
LSO,Lesotho,2009,1740894964.8051126
LSO,Lesotho,2010,2234754241.919178
LSO,Lesotho,2011,2579409619.967217
LSO,Lesotho,2012,2477702216.268875
LSO,Lesotho,2013,2367112931.642001
LSO,Lesotho,2014,2441063054.057919
LSO,Lesotho,2015,2359686724.538286
LSO,Lesotho,2016,2114426453.7069674
LSO,Lesotho,2017,2306741674.0550013
LSO,Lesotho,2018,2556247291.9978547
LSO,Lesotho,2019,2390702295.827774
LSO,Lesotho,2020,2053338465.244617
LSO,Lesotho,2021,2406780518.528112
LSO,Lesotho,2022,2289355249.401483
LSO,Lesotho,2023,2046039024.4585402
LBR,Liberia,2000,874000000.0
LBR,Liberia,2001,906000000.0
LBR,Liberia,2002,927000000.0
LBR,Liberia,2003,748000000.0
LBR,Liberia,2004,897000000.0
LBR,Liberia,2005,949000000.0
LBR,Liberia,2006,1119000000.0
LBR,Liberia,2007,1373000000.0
LBR,Liberia,2008,1726000000.0
LBR,Liberia,2009,1768000000.0
LBR,Liberia,2010,1998000000.0
LBR,Liberia,2011,2398000000.0
LBR,Liberia,2012,2791614000.0
LBR,Liberia,2013,3177198100.0
LBR,Liberia,2014,3225652000.0
LBR,Liberia,2015,3227075700.0
LBR,Liberia,2016,3398419600.0
LBR,Liberia,2017,3390703400.0
LBR,Liberia,2018,3422754800.0
LBR,Liberia,2019,3319596500.0
LBR,Liberia,2020,3176126340.0
LBR,Liberia,2021,3513049520.0
LBR,Liberia,2022,4001047000.0
LBR,Liberia,2023,4332000000.0
LBY,Libya,2000,38270954138.11281
LBY,Libya,2001,34112093927.253975
LBY,Libya,2002,20481889763.779526
LBY,Libya,2003,26265625000.0
LBY,Libya,2004,33122307692.30769
LBY,Libya,2005,47334691241.49238
LBY,Libya,2006,60094231606.642044
LBY,Libya,2007,68032978390.600685
LBY,Libya,2008,86710767415.13712
LBY,Libya,2009,60808562033.41912
LBY,Libya,2010,75380825062.4216
LBY,Libya,2011,48169263294.10074
LBY,Libya,2012,92540938129.13145
LBY,Libya,2013,75351107029.06049
LBY,Libya,2014,57372355592.02202
LBY,Libya,2015,48717501321.30524
LBY,Libya,2016,49912073701.298004
LBY,Libya,2017,67157452181.77383
LBY,Libya,2018,76686029772.14833
LBY,Libya,2019,72081962263.17938
LBY,Libya,2020,65688454971.56625
LBY,Libya,2021,47786789103.81721
LBY,Libya,2022,55938727098.017426
LBY,Libya,2023,50491722445.7773
LIE,Liechtenstein,2000,2483889858.323124
LIE,Liechtenstein,2001,2491800558.7767353
LIE,Liechtenstein,2002,2688618747.381476
LIE,Liechtenstein,2003,3070803051.4216375
LIE,Liechtenstein,2004,3454373797.744424
LIE,Liechtenstein,2005,3659319116.880572
LIE,Liechtenstein,2006,4000102086.1463513
LIE,Liechtenstein,2007,4601429897.214683
LIE,Liechtenstein,2008,5081479840.087157
LIE,Liechtenstein,2009,4504375348.070381
LIE,Liechtenstein,2010,5082337238.447185
LIE,Liechtenstein,2011,5739706004.896165
LIE,Liechtenstein,2012,5456102482.286143
LIE,Liechtenstein,2013,6391708310.677266
LIE,Liechtenstein,2014,6657526979.7227745
LIE,Liechtenstein,2015,6268515276.174405
LIE,Liechtenstein,2016,6237302033.50132
LIE,Liechtenstein,2017,6474308717.852892
LIE,Liechtenstein,2018,6692620691.841458
LIE,Liechtenstein,2019,6436467007.119318
LIE,Liechtenstein,2020,6405870210.32293
LIE,Liechtenstein,2021,7710380085.922573
LIE,Liechtenstein,2022,7364654515.139836
LTU,Lithuania,2000,11524776866.637894
LTU,Lithuania,2001,12237388001.72637
LTU,Lithuania,2002,14259781159.011929
LTU,Lithuania,2003,18781721376.198536
LTU,Lithuania,2004,22627507451.564827
LTU,Lithuania,2005,26097677571.837296
LTU,Lithuania,2006,30183575103.52616
LTU,Lithuania,2007,39697891351.94308
LTU,Lithuania,2008,47797551587.88233
LTU,Lithuania,2009,37388122046.14957
LTU,Lithuania,2010,37128694028.24299
LTU,Lithuania,2011,43535051482.386894
LTU,Lithuania,2012,42927454291.478
LTU,Lithuania,2013,46523420074.437225
LTU,Lithuania,2014,48533659592.17279
LTU,Lithuania,2015,41435533340.38826
LTU,Lithuania,2016,43047309305.73629
LTU,Lithuania,2017,47758736931.78008
LTU,Lithuania,2018,53751411409.444664
LTU,Lithuania,2019,54808531641.411674
LTU,Lithuania,2020,56964942999.365135
LTU,Lithuania,2021,66798933785.77024
LTU,Lithuania,2022,71013953448.20845
LTU,Lithuania,2023,77836396962.77196
LMY,Low & middle income,2000,5680267093251.765
LMY,Low & middle income,2001,5687811932590.818
LMY,Low & middle income,2002,5796547790161.355
LMY,Low & middle income,2003,6487373546291.206
LMY,Low & middle income,2004,7609727994130.641
LMY,Low & middle income,2005,8985212394211.484
LMY,Low & middle income,2006,10575560319816.438
LMY,Low & middle income,2007,12982509324893.041
LMY,Low & middle income,2008,15416273265910.094
LMY,Low & middle income,2009,15446634909614.828
LMY,Low & middle income,2010,18779543105771.965
LMY,Low & middle income,2011,22115543075986.547
LMY,Low & middle income,2012,23512181553245.633
LMY,Low & middle income,2013,24940261486687.688
LMY,Low & middle income,2014,26101787332747.258
LMY,Low & middle income,2015,25326526306958.895
LMY,Low & middle income,2016,25586586836480.04
LMY,Low & middle income,2017,27933259327710.605
LMY,Low & middle income,2018,29703722066967.895
LMY,Low & middle income,2019,30424528245038.402
LMY,Low & middle income,2020,29491920680088.1
LMY,Low & middle income,2021,34734957850217.367
LMY,Low & middle income,2022,36438640513559.945
LMY,Low & middle income,2023,37425214512640.016
LIC,Low income,2000,123908609247.70714
LIC,Low income,2001,116417867734.74731
LIC,Low income,2002,128027966515.98409
LIC,Low income,2003,142978584361.76297
LIC,Low income,2004,167196877615.7172
LIC,Low income,2005,199723321087.3299
LIC,Low income,2006,232208542309.01968
LIC,Low income,2007,282893624749.081
LIC,Low income,2008,340460080321.201
LIC,Low income,2009,338898157425.0691
LIC,Low income,2010,372940632041.9117
LIC,Low income,2011,404514516429.2772
LIC,Low income,2012,381701640886.4106
LIC,Low income,2013,394195409295.52527
LIC,Low income,2014,422083905892.0215
LIC,Low income,2015,416120726145.3175
LIC,Low income,2016,383741508244.75934
LIC,Low income,2017,401921089084.3765
LIC,Low income,2018,418228093932.97217
LIC,Low income,2019,445278364305.2016
LIC,Low income,2020,439782467036.04614
LIC,Low income,2021,466420564539.2052
LIC,Low income,2022,530578689814.7639
LIC,Low income,2023,646797730009.0897
LMC,Lower middle income,2000,1185525202868.8542
LMC,Lower middle income,2001,1197955232304.742
LMC,Lower middle income,2002,1264000378395.073
LMC,Lower middle income,2003,1433893499316.569
LMC,Lower middle income,2004,1649437905989.3743
LMC,Lower middle income,2005,1900255691229.4954
LMC,Lower middle income,2006,2225374816704.3906
LMC,Lower middle income,2007,2723528151247.7573
LMC,Lower middle income,2008,3012634293754.0366
LMC,Lower middle income,2009,3141137667805.053
LMC,Lower middle income,2010,3780034647966.0913
LMC,Lower middle income,2011,4217834186882.1807
LMC,Lower middle income,2012,4456528170120.237
LMC,Lower middle income,2013,4712914034204.832
LMC,Lower middle income,2014,5090396351864.472
LMC,Lower middle income,2015,5083698600746.065
LMC,Lower middle income,2016,5297558624291.54
LMC,Lower middle income,2017,5693069209502.067
LMC,Lower middle income,2018,5979736767522.211
LMC,Lower middle income,2019,6278114868365.952
LMC,Lower middle income,2020,6081790240107.944
LMC,Lower middle income,2021,6894335373844.589
LMC,Lower middle income,2022,7341102945343.325
LMC,Lower middle income,2023,7384750127842.017
LUX,Luxembourg,2000,21230182989.303574
LUX,Luxembourg,2001,21387533703.232704
LUX,Luxembourg,2002,23649833332.16553
LUX,Luxembourg,2003,29667268248.130527
LUX,Luxembourg,2004,35064843792.89932
LUX,Luxembourg,2005,37672280120.47936
LUX,Luxembourg,2006,42910146296.064644
LUX,Luxembourg,2007,51587401415.787224
LUX,Luxembourg,2008,58844277701.525764
LUX,Luxembourg,2009,54467289897.55817
LUX,Luxembourg,2010,56213985987.41678
LUX,Luxembourg,2011,61696281326.245255
LUX,Luxembourg,2012,59776383527.36017
LUX,Luxembourg,2013,65203276466.976265
LUX,Luxembourg,2014,68804811897.64447
LUX,Luxembourg,2015,60071584216.13747
LUX,Luxembourg,2016,62216885435.94879
LUX,Luxembourg,2017,65712180342.98364
LUX,Luxembourg,2018,71000359760.46112
LUX,Luxembourg,2019,69890505323.5842
LUX,Luxembourg,2020,73699366700.21344
LUX,Luxembourg,2021,85584105993.87459
LUX,Luxembourg,2022,81641807865.75908
LUX,Luxembourg,2023,85755006123.5976
MAC,"Macao SAR, China",2000,6774193548.387096
MAC,"Macao SAR, China",2001,6860272608.452106
MAC,"Macao SAR, China",2002,7371692774.434043
MAC,"Macao SAR, China",2003,8246479565.942477
MAC,"Macao SAR, China",2004,10643253553.184044
MAC,"Macao SAR, China",2005,12160056122.375738
MAC,"Macao SAR, China",2006,14874098691.908167
MAC,"Macao SAR, China",2007,18439981612.40859
MAC,"Macao SAR, China",2008,21027018332.66626
MAC,"Macao SAR, China",2009,21587786905.849907
MAC,"Macao SAR, China",2010,28241798491.593018
MAC,"Macao SAR, China",2011,36845888757.188644
MAC,"Macao SAR, China",2012,43189721376.98464
MAC,"Macao SAR, China",2013,51536595089.27929
MAC,"Macao SAR, China",2014,54902831793.50177
MAC,"Macao SAR, China",2015,45048190598.32485
MAC,"Macao SAR, China",2016,45070808688.96109
MAC,"Macao SAR, China",2017,50383871120.87327
MAC,"Macao SAR, China",2018,55190661339.77958
MAC,"Macao SAR, China",2019,55082293844.10078
MAC,"Macao SAR, China",2020,25343525935.835773
MAC,"Macao SAR, China",2021,30969334705.051456
MAC,"Macao SAR, China",2022,24464719190.061607
MAC,"Macao SAR, China",2023,47061843715.85648
MDG,Madagascar,2000,4629247203.84524
MDG,Madagascar,2001,5438332601.907981
MDG,Madagascar,2002,5351701663.408074
MDG,Madagascar,2003,6372498889.665848
MDG,Madagascar,2004,5064732626.293891
MDG,Madagascar,2005,5859269752.61332
MDG,Madagascar,2006,6395712490.943041
MDG,Madagascar,2007,8524620889.577468
MDG,Madagascar,2008,10725137723.654873
MDG,Madagascar,2009,9616879409.437893
MDG,Madagascar,2010,9982711338.07029
MDG,Madagascar,2011,11551819617.874023
MDG,Madagascar,2012,11578975061.947945
MDG,Madagascar,2013,12423555455.38532
MDG,Madagascar,2014,12522957399.228104
MDG,Madagascar,2015,11323020701.301685
MDG,Madagascar,2016,11848613858.441998
MDG,Madagascar,2017,13176313593.550934
MDG,Madagascar,2018,13760033282.292511
MDG,Madagascar,2019,14104664678.506332
MDG,Madagascar,2020,13051441203.947355
MDG,Madagascar,2021,14554754116.542673
MDG,Madagascar,2022,15302510500.052753
MDG,Madagascar,2023,16031702914.91953
MWI,Malawi,2000,2537307580.328084
MWI,Malawi,2001,2498008664.669095
MWI,Malawi,2002,5087328437.873696
MWI,Malawi,2003,4669789300.356621
MWI,Malawi,2004,5058726350.488958
MWI,Malawi,2005,5320409651.475436
MWI,Malawi,2006,5818279739.143541
MWI,Malawi,2007,6451210219.116831
MWI,Malawi,2008,7743617352.21427
MWI,Malawi,2009,9009887946.820395
MWI,Malawi,2010,10128323010.604923
MWI,Malawi,2011,11648142958.365147
MWI,Malawi,2012,8773203178.16512
MWI,Malawi,2013,8031571927.620549
MWI,Malawi,2014,8801326169.14547
MWI,Malawi,2015,9219474379.315342
MWI,Malawi,2016,7909868618.46366
MWI,Malawi,2017,8943543677.188993
MWI,Malawi,2018,9880675785.93057
MWI,Malawi,2019,11077305329.641691
MWI,Malawi,2020,12041250083.882847
MWI,Malawi,2021,12580922008.209608
MWI,Malawi,2022,13129458325.73793
MWI,Malawi,2023,14084341062.367504
MYS,Malaysia,2000,93789736842.10527
MYS,Malaysia,2001,92783947368.42105
MYS,Malaysia,2002,100845526315.78947
MYS,Malaysia,2003,110202368421.05264
MYS,Malaysia,2004,124749473684.21053
MYS,Malaysia,2005,143534405818.50137
MYS,Malaysia,2006,162692258307.0555
MYS,Malaysia,2007,193549569477.73267
MYS,Malaysia,2008,230811614370.38364
MYS,Malaysia,2009,202257453036.6409
MYS,Malaysia,2010,255017638455.5897
MYS,Malaysia,2011,297951668674.83466
MYS,Malaysia,2012,314443047642.11096
MYS,Malaysia,2013,323276235524.41534
MYS,Malaysia,2014,338066095097.2544
MYS,Malaysia,2015,301355266964.9473
MYS,Malaysia,2016,301256033870.33356
MYS,Malaysia,2017,319109094160.3431
MYS,Malaysia,2018,358788845712.5297
MYS,Malaysia,2019,365177721021.5161
MYS,Malaysia,2020,337456163961.2112
MYS,Malaysia,2021,373832428055.4486
MYS,Malaysia,2022,407027451714.61597
MYS,Malaysia,2023,399648828546.5043
MDV,Maldives,2000,624337145.284622
MDV,Maldives,2001,870031676.7987932
MDV,Maldives,2002,897031250.0
MDV,Maldives,2003,1052121054.6875
MDV,Maldives,2004,1226829562.5
MDV,Maldives,2005,1163362437.5
MDV,Maldives,2006,1575200390.625
MDV,Maldives,2007,1868383460.9375
MDV,Maldives,2008,2271646187.5
MDV,Maldives,2009,2345294875.0
MDV,Maldives,2010,2588176054.6875
MDV,Maldives,2011,2774350240.0491767
MDV,Maldives,2012,2886163997.205307
MDV,Maldives,2013,3295009237.5010657
MDV,Maldives,2014,3697353039.200426
MDV,Maldives,2015,4129505319.129205
MDV,Maldives,2016,4409942623.855379
MDV,Maldives,2017,4816426256.529144
MDV,Maldives,2018,5404344162.698884
MDV,Maldives,2019,5726094799.377091
MDV,Maldives,2020,3712604583.366653
MDV,Maldives,2021,5254366312.276479
MDV,Maldives,2022,6170638746.313763
MDV,Maldives,2023,6600000000.0
MLI,Mali,2000,2961484953.8644366
MLI,Mali,2001,3468337942.320635
MLI,Mali,2002,3908121307.019565
MLI,Mali,2003,4714071979.688353
MLI,Mali,2004,5454249125.729661
MLI,Mali,2005,6247515888.145334
MLI,Mali,2006,6905934217.909009
MLI,Mali,2007,8156468826.126453
MLI,Mali,2008,9838403100.505545
MLI,Mali,2009,10231962390.211864
MLI,Mali,2010,10689168016.261272
MLI,Mali,2011,12995112690.2596
MLI,Mali,2012,12442035339.104927
MLI,Mali,2013,13242690786.093815
MLI,Mali,2014,14364937124.072668
MLI,Mali,2015,13104764378.325953
MLI,Mali,2016,14026048335.704683
MLI,Mali,2017,15365713048.199303
MLI,Mali,2018,17070867589.905489
MLI,Mali,2019,17280250810.032135
MLI,Mali,2020,17465392764.370636
MLI,Mali,2021,19309463508.037678
MLI,Mali,2022,18780322203.7584
MLI,Mali,2023,20904898296.250145
MLT,Malta,2000,4069515556.7869196
MLT,Malta,2001,4088368961.758361
MLT,Malta,2002,4470446352.325691
MLT,Malta,2003,5448415539.812484
MLT,Malta,2004,6098092511.830045
MLT,Malta,2005,6416184235.838403
MLT,Malta,2006,6778324087.138176
MLT,Malta,2007,7925371458.805269
MLT,Malta,2008,9090406749.526703
MLT,Malta,2009,8696366868.922756
MLT,Malta,2010,9035824366.008041
MLT,Malta,2011,9638728635.014296
MLT,Malta,2012,9461776291.799128
MLT,Malta,2013,10551030596.75582
MLT,Malta,2014,11625848974.805069
MLT,Malta,2015,11091483659.615578
MLT,Malta,2016,11668015565.80819
MLT,Malta,2017,13484541925.771402
MLT,Malta,2018,15404393365.207321
MLT,Malta,2019,16004563885.753899
MLT,Malta,2020,15249999048.02971
MLT,Malta,2021,18123718946.600567
MLT,Malta,2022,18357069272.768166
MLT,Malta,2023,20956999452.431664
MHL,Marshall Islands,2000,114838470.458984
MHL,Marshall Islands,2001,122406127.92968799
MHL,Marshall Islands,2002,131959976.196289
MHL,Marshall Islands,2003,131128479.003906
MHL,Marshall Islands,2004,132791854.858398
MHL,Marshall Islands,2005,137815414.428711
MHL,Marshall Islands,2006,142922515.86914098
MHL,Marshall Islands,2007,150104705.810547
MHL,Marshall Islands,2008,146208160.40039098
MHL,Marshall Islands,2009,150886459.350586
MHL,Marshall Islands,2010,160629516.601563
MHL,Marshall Islands,2011,172044509.887695
MHL,Marshall Islands,2012,180302078.24707
MHL,Marshall Islands,2013,185817016.601563
MHL,Marshall Islands,2014,185446395.87402302
MHL,Marshall Islands,2015,183222930.908203
MHL,Marshall Islands,2016,200900711.05957
MHL,Marshall Islands,2017,212935714.72168
MHL,Marshall Islands,2018,219430038.45214802
MHL,Marshall Islands,2019,231996704.101563
MHL,Marshall Islands,2020,240751144.40918
MHL,Marshall Islands,2021,257784881.591797
MHL,Marshall Islands,2022,258774475.097656
MHL,Marshall Islands,2023,284000000.0
MRT,Mauritania,2000,1779520886.4701493
MRT,Mauritania,2001,1746063557.6135542
MRT,Mauritania,2002,1777057481.2604308
MRT,Mauritania,2003,2051147606.736874
MRT,Mauritania,2004,2362501023.2424912
MRT,Mauritania,2005,2936019525.60241
MRT,Mauritania,2006,3919577285.927029
MRT,Mauritania,2007,4346212355.029747
MRT,Mauritania,2008,5206437193.804133
MRT,Mauritania,2009,4714595547.751017
MRT,Mauritania,2010,5628878797.982574
MRT,Mauritania,2011,6764627745.903299
MRT,Mauritania,2012,6728208836.221428
MRT,Mauritania,2013,7223071096.85652
MRT,Mauritania,2014,6592537781.815179
MRT,Mauritania,2015,6166863896.686766
MRT,Mauritania,2016,6398747592.131846
MRT,Mauritania,2017,6800135898.288272
MRT,Mauritania,2018,7473550557.073785
MRT,Mauritania,2019,7894764885.823116
MRT,Mauritania,2020,8260752385.230893
MRT,Mauritania,2021,9222536364.012722
MRT,Mauritania,2022,9744039514.556463
MRT,Mauritania,2023,10452577062.75806
MUS,Mauritius,2000,4726108622.476615
MUS,Mauritius,2001,4675755867.176569
MUS,Mauritius,2002,4906494249.382551
MUS,Mauritius,2003,5894873919.74797
MUS,Mauritius,2004,6667418752.073067
MUS,Mauritius,2005,6576108447.475309
MUS,Mauritius,2006,7028810680.890765
MUS,Mauritius,2007,8150150209.22501
MUS,Mauritius,2008,9990356673.734972
MUS,Mauritius,2009,9128843109.155876
MUS,Mauritius,2010,10003670690.349657
MUS,Mauritius,2011,11518413429.968351
MUS,Mauritius,2012,11668696396.788656
MUS,Mauritius,2013,12292974141.40443
MUS,Mauritius,2014,13074129952.053152
MUS,Mauritius,2015,12007291045.648907
MUS,Mauritius,2016,12594155464.413633
MUS,Mauritius,2017,13713506130.608124
MUS,Mauritius,2018,14735695930.972702
MUS,Mauritius,2019,14436346979.63554
MUS,Mauritius,2020,11408106446.31438
MUS,Mauritius,2021,11484348766.043383
MUS,Mauritius,2022,12927979286.045298
MUS,Mauritius,2023,14397127281.382942
MEX,Mexico,2000,742061329643.3695
MEX,Mexico,2001,796064590656.1759
MEX,Mexico,2002,810666116505.4778
MEX,Mexico,2003,765549967703.2732
MEX,Mexico,2004,819459227375.0225
MEX,Mexico,2005,917571853529.1045
MEX,Mexico,2006,1020265057882.007
MEX,Mexico,2007,1102355554971.9478
MEX,Mexico,2008,1161553459715.1033
MEX,Mexico,2009,943437415024.6328
MEX,Mexico,2010,1105424238731.0928
MEX,Mexico,2011,1229013703416.7583
MEX,Mexico,2012,1255110424817.7866
MEX,Mexico,2013,1327436290282.6748
MEX,Mexico,2014,1364507717614.1343
MEX,Mexico,2015,1213294467716.8804
MEX,Mexico,2016,1112233497452.6975
MEX,Mexico,2017,1190721475906.0
MEX,Mexico,2018,1256300182879.7263
MEX,Mexico,2019,1305211135822.6147
MEX,Mexico,2020,1120832412468.8489
MEX,Mexico,2021,1313069763986.597
MEX,Mexico,2022,1463323889036.5598
MEX,Mexico,2023,1788886821046.8132
FSM,"Micronesia, Fed. Sts.",2000,233271800.0
FSM,"Micronesia, Fed. Sts.",2001,240970900.0
FSM,"Micronesia, Fed. Sts.",2002,242517200.0
FSM,"Micronesia, Fed. Sts.",2003,245432900.0
FSM,"Micronesia, Fed. Sts.",2004,240236000.0
FSM,"Micronesia, Fed. Sts.",2005,250281900.0
FSM,"Micronesia, Fed. Sts.",2006,253541900.0
FSM,"Micronesia, Fed. Sts.",2007,256787199.99999997
FSM,"Micronesia, Fed. Sts.",2008,263145100.0
FSM,"Micronesia, Fed. Sts.",2009,280284600.0
FSM,"Micronesia, Fed. Sts.",2010,296944100.0
FSM,"Micronesia, Fed. Sts.",2011,311301600.0
FSM,"Micronesia, Fed. Sts.",2012,327248700.0
FSM,"Micronesia, Fed. Sts.",2013,317214400.0
FSM,"Micronesia, Fed. Sts.",2014,319271200.0
FSM,"Micronesia, Fed. Sts.",2015,316489900.0
FSM,"Micronesia, Fed. Sts.",2016,325000000.0
FSM,"Micronesia, Fed. Sts.",2017,359000000.0
FSM,"Micronesia, Fed. Sts.",2018,392000000.0
FSM,"Micronesia, Fed. Sts.",2019,394000000.0
FSM,"Micronesia, Fed. Sts.",2020,372000000.0
FSM,"Micronesia, Fed. Sts.",2021,390000000.0
FSM,"Micronesia, Fed. Sts.",2022,430000000.0
FSM,"Micronesia, Fed. Sts.",2023,460000000.0
MEA,Middle East & North Africa,2000,992555771865.1019
MEA,Middle East & North Africa,2001,987483973174.6139
MEA,Middle East & North Africa,2002,979351629694.5853
MEA,Middle East & North Africa,2003,1090479523920.402
MEA,Middle East & North Africa,2004,1286313655244.4343
MEA,Middle East & North Africa,2005,1542092360435.5688
MEA,Middle East & North Africa,2006,1810948296494.2844
MEA,Middle East & North Africa,2007,2140272377688.6155
MEA,Middle East & North Africa,2008,2674260694118.6646
MEA,Middle East & North Africa,2009,2399657699929.6226
MEA,Middle East & North Africa,2010,2820272200083.8276
MEA,Middle East & North Africa,2011,3396706596374.7183
MEA,Middle East & North Africa,2012,3660136638354.7
MEA,Middle East & North Africa,2013,3601732090293.314
MEA,Middle East & North Africa,2014,3627618410020.679
MEA,Middle East & North Africa,2015,3201010427587.39
MEA,Middle East & North Africa,2016,3234258578074.412
MEA,Middle East & North Africa,2017,3372000244857.3706
MEA,Middle East & North Africa,2018,3538057099135.2173
MEA,Middle East & North Africa,2019,3549945029851.937
MEA,Middle East & North Africa,2020,3199081953495.5312
MEA,Middle East & North Africa,2021,3780277127064.962
MEA,Middle East & North Africa,2022,4497116837259.169
MEA,Middle East & North Africa,2023,4287684126920.0137
TMN,Middle East & North Africa (IDA & IBRD countries),2000,470235593839.2626
TMN,Middle East & North Africa (IDA & IBRD countries),2001,476450622805.49646
TMN,Middle East & North Africa (IDA & IBRD countries),2002,459606900952.3675
TMN,Middle East & North Africa (IDA & IBRD countries),2003,505492205617.9615
TMN,Middle East & North Africa (IDA & IBRD countries),2004,599985781725.0558
TMN,Middle East & North Africa (IDA & IBRD countries),2005,702009563713.1754
TMN,Middle East & North Africa (IDA & IBRD countries),2006,822974526165.268
TMN,Middle East & North Africa (IDA & IBRD countries),2007,1010437030742.8987
TMN,Middle East & North Africa (IDA & IBRD countries),2008,1252791257447.2617
TMN,Middle East & North Africa (IDA & IBRD countries),2009,1213166741475.6763
TMN,Middle East & North Africa (IDA & IBRD countries),2010,1403549209820.2505
TMN,Middle East & North Africa (IDA & IBRD countries),2011,1643533882162.4666
TMN,Middle East & North Africa (IDA & IBRD countries),2012,1770684776788.2053
TMN,Middle East & North Africa (IDA & IBRD countries),2013,1630478469590.373
TMN,Middle East & North Africa (IDA & IBRD countries),2014,1611999713800.0613
TMN,Middle East & North Africa (IDA & IBRD countries),2015,1446610375148.2905
TMN,Middle East & North Africa (IDA & IBRD countries),2016,1481309318329.8464
TMN,Middle East & North Africa (IDA & IBRD countries),2017,1480563802249.524
TMN,Middle East & North Africa (IDA & IBRD countries),2018,1405206066869.7126
TMN,Middle East & North Africa (IDA & IBRD countries),2019,1416000165481.5989
TMN,Middle East & North Africa (IDA & IBRD countries),2020,1308832802715.092
TMN,Middle East & North Africa (IDA & IBRD countries),2021,1517193141067.382
TMN,Middle East & North Africa (IDA & IBRD countries),2022,1740947356984.7458
TMN,Middle East & North Africa (IDA & IBRD countries),2023,1629170225345.5205
MNA,Middle East & North Africa (excluding high income),2000,474549193839.26263
MNA,Middle East & North Africa (excluding high income),2001,480454322805.49664
MNA,Middle East & North Africa (excluding high income),2002,463162700952.3677
MNA,Middle East & North Africa (excluding high income),2003,509460205617.9616
MNA,Middle East & North Africa (excluding high income),2004,604588881725.0559
MNA,Middle East & North Africa (excluding high income),2005,707135263713.1755
MNA,Middle East & North Africa (excluding high income),2006,828322826165.2681
MNA,Middle East & North Africa (excluding high income),2007,1016252730742.8989
MNA,Middle East & North Africa (excluding high income),2008,1260101657447.262
MNA,Middle East & North Africa (excluding high income),2009,1221252441475.6765
MNA,Middle East & North Africa (excluding high income),2010,1413230709820.2507
MNA,Middle East & North Africa (excluding high income),2011,1654719982162.4668
MNA,Middle East & North Africa (excluding high income),2012,1782893176788.2053
MNA,Middle East & North Africa (excluding high income),2013,1643993969590.373
MNA,Middle East & North Africa (excluding high income),2014,1625989413800.0613
MNA,Middle East & North Africa (excluding high income),2015,1460582775148.2905
MNA,Middle East & North Africa (excluding high income),2016,1496714718329.8464
MNA,Middle East & North Africa (excluding high income),2017,1496691802249.524
MNA,Middle East & North Africa (excluding high income),2018,1421482666869.7126
MNA,Middle East & North Africa (excluding high income),2019,1433133665481.5989
MNA,Middle East & North Africa (excluding high income),2020,1324364502715.092
MNA,Middle East & North Africa (excluding high income),2021,1535302141067.382
MNA,Middle East & North Africa (excluding high income),2022,1760103359907.5435
MNA,Middle East & North Africa (excluding high income),2023,1646554468701.6702
MIC,Middle income,2000,5557879880102.092
MIC,Middle income,2001,5572267083031.901
MIC,Middle income,2002,5670206841562.761
MIC,Middle income,2003,6346256902458.924
MIC,Middle income,2004,7444671186560.865
MIC,Middle income,2005,8788211804677.96
MIC,Middle income,2006,10346313007674.254
MIC,Middle income,2007,12703066994715.037
MIC,Middle income,2008,15080296673808.402
MIC,Middle income,2009,15112134343474.09
MIC,Middle income,2010,18410290632937.094
MIC,Middle income,2011,21713900541468.258
MIC,Middle income,2012,23131481309284.895
MIC,Middle income,2013,24546674700274.297
MIC,Middle income,2014,25680744767168.285
MIC,Middle income,2015,24911694910932.1
MIC,Middle income,2016,25202592678135.547
MIC,Middle income,2017,27530340426177.996
MIC,Middle income,2018,29284043921765.36
MIC,Middle income,2019,29978481798259.293
MIC,Middle income,2020,29051739634677.75
MIC,Middle income,2021,34266063721746.76
MIC,Middle income,2022,35907869702102.16
MIC,Middle income,2023,36786942112904.5
MDA,Moldova,2000,1288429391.7995076
MDA,Moldova,2001,1480673594.0560203
MDA,Moldova,2002,1661818168.4226036
MDA,Moldova,2003,1980907434.768264
MDA,Moldova,2004,2598249555.89984
MDA,Moldova,2005,2988342907.0309634
MDA,Moldova,2006,3408255450.5509
MDA,Moldova,2007,4401173151.937674
MDA,Moldova,2008,6054824248.242213
MDA,Moldova,2009,5439434271.7880745
MDA,Moldova,2010,6974982369.601547
MDA,Moldova,2011,8414352020.494416
MDA,Moldova,2012,8709138634.82921
MDA,Moldova,2013,9496717875.519316
MDA,Moldova,2014,9402090137.742302
MDA,Moldova,2015,7797667196.730872
MDA,Moldova,2016,7980917075.774796
MDA,Moldova,2017,9514404016.209494
MDA,Moldova,2018,11252353420.879784
MDA,Moldova,2019,11736797054.696486
MDA,Moldova,2020,11530746234.449179
MDA,Moldova,2021,13691869264.079353
MDA,Moldova,2022,14510490660.251604
MDA,Moldova,2023,16539436547.294973
MCO,Monaco,2000,2654462665.268933
MCO,Monaco,2001,2673723033.7123938
MCO,Monaco,2002,2919647981.8147264
MCO,Monaco,2003,3597089750.782763
MCO,Monaco,2004,4043551488.8260303
MCO,Monaco,2005,4204652898.7310276
MCO,Monaco,2006,4586826512.713562
MCO,Monaco,2007,5875790766.262101
MCO,Monaco,2008,6502942244.9306755
MCO,Monaco,2009,5474379252.341142
MCO,Monaco,2010,5367561569.595484
MCO,Monaco,2011,6088689808.383467
MCO,Monaco,2012,5742749294.008515
MCO,Monaco,2013,6555591709.885848
MCO,Monaco,2014,7069353073.088819
MCO,Monaco,2015,6261649890.82388
MCO,Monaco,2016,6465645584.948767
MCO,Monaco,2017,6431271365.083382
MCO,Monaco,2018,7182444409.540691
MCO,Monaco,2019,7383944044.169999
MCO,Monaco,2020,6739645416.479156
MCO,Monaco,2021,8626081320.506119
MCO,Monaco,2022,8784002931.686646
MNG,Mongolia,2000,1136896123.6129804
MNG,Mongolia,2001,1267997934.312504
MNG,Mongolia,2002,1396555719.9740865
MNG,Mongolia,2003,1595297355.7834878
MNG,Mongolia,2004,1992066808.0959773
MNG,Mongolia,2005,2523471601.104208
MNG,Mongolia,2006,3414055661.6159754
MNG,Mongolia,2007,4234999703.900587
MNG,Mongolia,2008,5623216608.042884
MNG,Mongolia,2009,4583850367.88972
MNG,Mongolia,2010,7189481998.900941
MNG,Mongolia,2011,10409797377.857065
MNG,Mongolia,2012,12292770631.564991
MNG,Mongolia,2013,12582122604.257748
MNG,Mongolia,2014,12226514668.062176
MNG,Mongolia,2015,11619892590.694118
MNG,Mongolia,2016,11181350649.357347
MNG,Mongolia,2017,11480847740.73598
MNG,Mongolia,2018,13178094720.498564
MNG,Mongolia,2019,14206359017.514322
MNG,Mongolia,2020,13312981429.08905
MNG,Mongolia,2021,15286441737.668615
MNG,Mongolia,2022,17146471713.748024
MNG,Mongolia,2023,19872180369.6275
MNE,Montenegro,2000,984293043.8115647
MNE,Montenegro,2001,1159869245.92513
MNE,Montenegro,2002,1284685050.524129
MNE,Montenegro,2003,1707710053.1493838
MNE,Montenegro,2004,2073234417.6806555
MNE,Montenegro,2005,2257174480.7859716
MNE,Montenegro,2006,2721903148.914816
MNE,Montenegro,2007,3680711743.772242
MNE,Montenegro,2008,4545674527.610957
MNE,Montenegro,2009,4159330369.5470963
MNE,Montenegro,2010,4142983843.491195
MNE,Montenegro,2011,4544428421.495127
MNE,Montenegro,2012,4087526241.812683
MNE,Montenegro,2013,4465772400.37453
MNE,Montenegro,2014,4593853290.963004
MNE,Montenegro,2015,4054730077.577178
MNE,Montenegro,2016,4376930578.323949
MNE,Montenegro,2017,4856599480.79882
MNE,Montenegro,2018,5506942238.356679
MNE,Montenegro,2019,5542054181.126162
MNE,Montenegro,2020,4769996866.007579
MNE,Montenegro,2021,5861427505.124932
MNE,Montenegro,2022,6229801580.791574
MNE,Montenegro,2023,7404541964.5077915
MAR,Morocco,2000,43017455401.844536
MAR,Morocco,2001,43831480207.64445
MAR,Morocco,2002,47077192187.64177
MAR,Morocco,2003,58029363354.27568
MAR,Morocco,2004,66114145451.00669
MAR,Morocco,2005,68852658068.66728
MAR,Morocco,2006,75883823300.85452
MAR,Morocco,2007,86947913286.72797
MAR,Morocco,2008,101822906949.06343
MAR,Morocco,2009,101154952240.8807
MAR,Morocco,2010,100865329473.43983
MAR,Morocco,2011,110080631332.37535
MAR,Morocco,2012,106937392311.12907
MAR,Morocco,2013,115739287305.0801
MAR,Morocco,2014,119130841411.66359
MAR,Morocco,2015,110413823841.59187
MAR,Morocco,2016,111572947004.91748
MAR,Morocco,2017,118540573367.84428
MAR,Morocco,2018,127341147581.81831
MAR,Morocco,2019,128920266409.4575
MAR,Morocco,2020,121353645057.14369
MAR,Morocco,2021,141817797083.46814
MAR,Morocco,2022,130912558829.8398
MAR,Morocco,2023,141109373209.41437
MOZ,Mozambique,2000,5930685214.615951
MOZ,Mozambique,2001,5650154067.103462
MOZ,Mozambique,2002,5950769426.602135
MOZ,Mozambique,2003,6583526860.580616
MOZ,Mozambique,2004,7937255565.357649
MOZ,Mozambique,2005,8868504899.946728
MOZ,Mozambique,2006,9509835536.93373
MOZ,Mozambique,2007,10811456005.94048
MOZ,Mozambique,2008,12920340964.65435
MOZ,Mozambique,2009,12263894790.012465
MOZ,Mozambique,2010,11411894723.864027
MOZ,Mozambique,2011,14619279988.71596
MOZ,Mozambique,2012,16688114144.074518
MOZ,Mozambique,2013,17198073057.198067
MOZ,Mozambique,2014,17978246586.066242
MOZ,Mozambique,2015,16208985769.614956
MOZ,Mozambique,2016,12069051237.171114
MOZ,Mozambique,2017,13264640645.77679
MOZ,Mozambique,2018,15017359042.446373
MOZ,Mozambique,2019,15512758964.577944
MOZ,Mozambique,2020,14235420174.181255
MOZ,Mozambique,2021,16168055475.085007
MOZ,Mozambique,2022,18406835494.946815
MOZ,Mozambique,2023,20624597846.549507
MMR,Myanmar,2000,8905066163.586428
MMR,Myanmar,2001,6477790688.228438
MMR,Myanmar,2002,6777632512.078098
MMR,Myanmar,2003,10467109977.671677
MMR,Myanmar,2004,10567354056.404905
MMR,Myanmar,2005,11986972418.5103
MMR,Myanmar,2006,14502553709.830305
MMR,Myanmar,2007,20182477480.551235
MMR,Myanmar,2008,31862554101.937805
MMR,Myanmar,2009,36906181380.81268
MMR,Myanmar,2010,49540813342.4834
MMR,Myanmar,2011,59977326085.99077
MMR,Myanmar,2012,59937796648.21576
MMR,Myanmar,2013,60269732854.82703
MMR,Myanmar,2014,65531374199.66632
MMR,Myanmar,2015,59607290407.61913
MMR,Myanmar,2016,63298361996.2153
MMR,Myanmar,2017,66053040483.001625
MMR,Myanmar,2018,67860515989.517044
MMR,Myanmar,2019,75065106227.6892
MMR,Myanmar,2020,79006113643.19055
MMR,Myanmar,2021,66345291160.16825
MMR,Myanmar,2022,62253049891.64494
MMR,Myanmar,2023,64815031669.095245
NAM,Namibia,2000,3922232164.831751
NAM,Namibia,2001,3557341215.1515923
NAM,Namibia,2002,3349169826.3889647
NAM,Namibia,2003,4926439383.514245
NAM,Namibia,2004,6609205994.7740555
NAM,Namibia,2005,7248374837.720556
NAM,Namibia,2006,8001779551.063232
NAM,Namibia,2007,8839536475.999632
NAM,Namibia,2008,8607431497.49471
NAM,Namibia,2009,8938847189.075916
NAM,Namibia,2010,11431412421.13161
NAM,Namibia,2011,12523359440.549862
NAM,Namibia,2012,13042053591.685684
NAM,Namibia,2013,12043307277.123508
NAM,Namibia,2014,12435430969.630136
NAM,Namibia,2015,11335161083.506102
NAM,Namibia,2016,10722018732.093588
NAM,Namibia,2017,12895153160.46599
NAM,Namibia,2018,13682018827.04337
NAM,Namibia,2019,12541928102.765705
NAM,Namibia,2020,10583748541.525812
NAM,Namibia,2021,12402486183.639603
NAM,Namibia,2022,12567271004.676123
NAM,Namibia,2023,12351024843.746696
NRU,Nauru,2000,26930980.342900205
NRU,Nauru,2001,22613287.538907375
NRU,Nauru,2002,21017423.608204268
NRU,Nauru,2003,24778159.58066395
NRU,Nauru,2004,30587565.798833407
NRU,Nauru,2005,30070666.065253343
NRU,Nauru,2006,29200359.389038637
NRU,Nauru,2007,22766972.18896587
NRU,Nauru,2008,37602264.73068721
NRU,Nauru,2009,44176245.549243264
NRU,Nauru,2010,47562844.61042507
NRU,Nauru,2011,65071879.77871618
NRU,Nauru,2012,101055722.95057963
NRU,Nauru,2013,94385014.94258416
NRU,Nauru,2014,99149244.4001333
NRU,Nauru,2015,84863440.58019969
NRU,Nauru,2016,97541943.03550526
NRU,Nauru,2017,109355638.86695491
NRU,Nauru,2018,130995566.30390972
NRU,Nauru,2019,125160115.54781868
NRU,Nauru,2020,124685688.1610939
NRU,Nauru,2021,175390280.69161984
NRU,Nauru,2022,153824609.47051683
NRU,Nauru,2023,154127798.19354144
NPL,Nepal,2000,5494252207.905025
NPL,Nepal,2001,6007055042.17687
NPL,Nepal,2002,6050875806.664032
NPL,Nepal,2003,6330473096.540709
NPL,Nepal,2004,7273938314.719876
NPL,Nepal,2005,8130258377.90964
NPL,Nepal,2006,9043715355.888098
NPL,Nepal,2007,10325618017.37897
NPL,Nepal,2008,12545438605.395878
NPL,Nepal,2009,12854985464.076431
NPL,Nepal,2010,16002656434.474615
NPL,Nepal,2011,21573872420.700806
NPL,Nepal,2012,21703100877.13089
NPL,Nepal,2013,22162204924.572582
NPL,Nepal,2014,22731612922.190636
NPL,Nepal,2015,24360801286.76381
NPL,Nepal,2016,24524109483.529346
NPL,Nepal,2017,28971588940.363995
NPL,Nepal,2018,33111525237.14897
NPL,Nepal,2019,34186180699.02548
NPL,Nepal,2020,33433659301.24655
NPL,Nepal,2021,36924841394.26049
NPL,Nepal,2022,41182939600.67002
NPL,Nepal,2023,40908073366.84552
NLD,Netherlands,2000,417479337444.7068
NLD,Netherlands,2001,431586852369.68555
NLD,Netherlands,2002,473861980070.98126
NLD,Netherlands,2003,580070360701.9596
NLD,Netherlands,2004,658380081545.1754
NLD,Netherlands,2005,685348181515.953
NLD,Netherlands,2006,733955269898.8225
NLD,Netherlands,2007,848558887541.1792
NLD,Netherlands,2008,951869997864.0623
NLD,Netherlands,2009,871518638049.2181
NLD,Netherlands,2010,847380859016.6683
NLD,Netherlands,2011,905270626332.6866
NLD,Netherlands,2012,838923319919.5315
NLD,Netherlands,2013,877172824534.5123
NLD,Netherlands,2014,892167986713.7224
NLD,Netherlands,2015,765572770634.3746
NLD,Netherlands,2016,784060430240.0797
NLD,Netherlands,2017,833869641687.0603
NLD,Netherlands,2018,914043438179.6072
NLD,Netherlands,2019,910194347568.626
NLD,Netherlands,2020,909793466661.4811
NLD,Netherlands,2021,1029678338329.4408
NLD,Netherlands,2022,1009398719033.0779
NLD,Netherlands,2023,1118124749886.2942
NCL,New Caledonia,2000,3420032041.073849
NCL,New Caledonia,2001,3297734891.146612
NCL,New Caledonia,2002,3740056747.719794
NCL,New Caledonia,2003,4915353827.105759
NCL,New Caledonia,2004,5895008977.953097
NCL,New Caledonia,2005,6238629487.013308
NCL,New Caledonia,2006,6979155387.867922
NCL,New Caledonia,2007,8819917180.342648
NCL,New Caledonia,2008,9067619760.070732
NCL,New Caledonia,2009,8704438102.201416
NCL,New Caledonia,2010,9364350076.912247
NCL,New Caledonia,2011,10351448004.767365
NCL,New Caledonia,2012,9659151917.404844
NCL,New Caledonia,2013,10151382933.159395
NCL,New Caledonia,2014,10635035594.752802
NCL,New Caledonia,2015,8738203074.395699
NCL,New Caledonia,2016,8724568954.897991
NCL,New Caledonia,2017,9174048681.98577
NCL,New Caledonia,2018,9896402283.685873
NCL,New Caledonia,2019,9475655324.594954
NCL,New Caledonia,2020,9454629467.914082
NCL,New Caledonia,2021,10071349663.848383
NCL,New Caledonia,2022,9623318718.314594
NZL,New Zealand,2000,52623281956.70312
NZL,New Zealand,2001,53872425916.62481
NZL,New Zealand,2002,66627729311.44955
NZL,New Zealand,2003,88250885550.26262
NZL,New Zealand,2004,103905210084.03362
NZL,New Zealand,2005,114720129550.09506
NZL,New Zealand,2006,111538810712.66455
NZL,New Zealand,2007,137188946865.5839
NZL,New Zealand,2008,133131369930.414
NZL,New Zealand,2009,121373602348.67886
NZL,New Zealand,2010,146517541181.254
NZL,New Zealand,2011,168295307149.46033
NZL,New Zealand,2012,176210710655.20847
NZL,New Zealand,2013,190909855416.3399
NZL,New Zealand,2014,201337554959.48953
NZL,New Zealand,2015,178104220784.8812
NZL,New Zealand,2016,188898209220.16672
NZL,New Zealand,2017,206566916732.2921
NZL,New Zealand,2018,211846555690.7363
NZL,New Zealand,2019,212846907683.439
NZL,New Zealand,2020,212697530897.56036
NZL,New Zealand,2021,253644079784.97665
NZL,New Zealand,2022,246733522841.35272
NZL,New Zealand,2023,253465703232.14594
NIC,Nicaragua,2000,5109583827.378512
NIC,Nicaragua,2001,5351768843.619829
NIC,Nicaragua,2002,5223736466.146948
NIC,Nicaragua,2003,5322243501.979529
NIC,Nicaragua,2004,5792949922.194613
NIC,Nicaragua,2005,6321335612.222335
NIC,Nicaragua,2006,6763688104.723961
NIC,Nicaragua,2007,7423421958.424805
NIC,Nicaragua,2008,8496946608.23151
NIC,Nicaragua,2009,8298679908.552324
NIC,Nicaragua,2010,8758592272.105785
NIC,Nicaragua,2011,9774307336.23792
NIC,Nicaragua,2012,10531964139.348614
NIC,Nicaragua,2013,10982938825.699354
NIC,Nicaragua,2014,11880434070.78112
NIC,Nicaragua,2015,12756706583.311321
NIC,Nicaragua,2016,13286118584.256315
NIC,Nicaragua,2017,13785943183.066065
NIC,Nicaragua,2018,13025239912.27514
NIC,Nicaragua,2019,12699046244.607012
NIC,Nicaragua,2020,12681548303.685562
NIC,Nicaragua,2021,14144067555.656649
NIC,Nicaragua,2022,15649934214.927635
NIC,Nicaragua,2023,17829215283.799656
NER,Niger,2000,2241753192.8115754
NER,Niger,2001,2448714703.966169
NER,Niger,2002,2782192878.6720395
NER,Niger,2003,3394084732.495433
NER,Niger,2004,3760443737.5379744
NER,Niger,2005,4383315964.587175
NER,Niger,2006,4756361252.379227
NER,Niger,2007,5731485051.790689
NER,Niger,2008,7297600226.005361
NER,Niger,2009,7352131309.733413
NER,Niger,2010,7851192502.309172
NER,Niger,2011,8772950777.791763
NER,Niger,2012,9426912647.591106
NER,Niger,2013,10224897437.864824
NER,Niger,2014,10862943543.541925
NER,Niger,2015,9683867926.442823
NER,Niger,2016,10398861981.758308
NER,Niger,2017,11185104251.69431
NER,Niger,2018,12837307496.882084
NER,Niger,2019,12889555561.22991
NER,Niger,2020,13744653103.057987
NER,Niger,2021,14915002436.069025
NER,Niger,2022,15433852712.296335
NER,Niger,2023,16819170420.565317
NGA,Nigeria,2000,69171451627.24646
NGA,Nigeria,2001,73557840064.48904
NGA,Nigeria,2002,95054059302.69946
NGA,Nigeria,2003,104738954264.2257
NGA,Nigeria,2004,135764731645.61142
NGA,Nigeria,2005,175670569969.3456
NGA,Nigeria,2006,238454997161.47983
NGA,Nigeria,2007,278260846800.103
NGA,Nigeria,2008,339476276257.7929
NGA,Nigeria,2009,295008835380.9966
NGA,Nigeria,2010,366990417129.0396
NGA,Nigeria,2011,414466676831.15967
NGA,Nigeria,2012,463971018239.2805
NGA,Nigeria,2013,520117180313.906
NGA,Nigeria,2014,574183763411.5076
NGA,Nigeria,2015,493026682800.6295
NGA,Nigeria,2016,404649125252.15955
NGA,Nigeria,2017,375745731053.4268
NGA,Nigeria,2018,421739251509.0796
NGA,Nigeria,2019,474517490844.461
NGA,Nigeria,2020,432198898467.79486
NGA,Nigeria,2021,440838992188.47797
NGA,Nigeria,2022,472624596925.9383
NGA,Nigeria,2023,362814951696.07275
NAC,North America,2000,10999205634931.586
NAC,North America,2001,11324591275355.37
NAC,North America,2002,11693694562098.004
NAC,North America,2003,12356177171634.785
NAC,North America,2004,13248370941278.248
NAC,North America,2005,14217173734778.676
NAC,North America,2006,15140991809590.973
NAC,North America,2007,15949815407783.26
NAC,North America,2008,16329831690721.65
NAC,North America,2009,15859348142157.291
NAC,North America,2010,16672948893486.26
NAC,North America,2011,17399371321174.521
NAC,North America,2012,18088714669521.594
NAC,North America,2013,18733746177834.984
NAC,North America,2014,19420301866439.94
NAC,North America,2015,19858182357217.14
NAC,North America,2016,20339807652907.426
NAC,North America,2017,21268509960244.094
NAC,North America,2018,22389071169783.023
NAC,North America,2019,23272543648672.52
NAC,North America,2020,22985521877000.195
NAC,North America,2021,25608789788464.152
NAC,North America,2022,27913419349422.01
NAC,North America,2023,29509296092073.555
MKD,North Macedonia,2000,3772859034.205079
MKD,North Macedonia,2001,3709636030.665784
MKD,North Macedonia,2002,4018365747.009719
MKD,North Macedonia,2003,4946296599.08467
MKD,North Macedonia,2004,5682784471.697219
MKD,North Macedonia,2005,6258602872.678975
MKD,North Macedonia,2006,6861226971.556173
MKD,North Macedonia,2007,8336474973.729493
MKD,North Macedonia,2008,9909552434.511362
MKD,North Macedonia,2009,9401736825.42688
MKD,North Macedonia,2010,9407170321.377522
MKD,North Macedonia,2011,10494626767.64451
MKD,North Macedonia,2012,9745261300.577883
MKD,North Macedonia,2013,10817702346.067413
MKD,North Macedonia,2014,11362265252.777998
MKD,North Macedonia,2015,10064519962.565548
MKD,North Macedonia,2016,10672467073.287252
MKD,North Macedonia,2017,11307067069.665821
MKD,North Macedonia,2018,12683068114.23885
MKD,North Macedonia,2019,12606338448.546968
MKD,North Macedonia,2020,12361036913.840923
MKD,North Macedonia,2021,14000283827.015379
MKD,North Macedonia,2022,13711469681.153498
MKD,North Macedonia,2023,14761237042.205698
MNP,Northern Mariana Islands,2002,1284000000.0
MNP,Northern Mariana Islands,2003,1239000000.0
MNP,Northern Mariana Islands,2004,1210000000.0
MNP,Northern Mariana Islands,2005,1061000000.0
MNP,Northern Mariana Islands,2006,990000000.0
MNP,Northern Mariana Islands,2007,938000000.0
MNP,Northern Mariana Islands,2008,939000000.0
MNP,Northern Mariana Islands,2009,795000000.0
MNP,Northern Mariana Islands,2010,799000000.0
MNP,Northern Mariana Islands,2011,729000000.0
MNP,Northern Mariana Islands,2012,746000000.0
MNP,Northern Mariana Islands,2013,772000000.0
MNP,Northern Mariana Islands,2014,832000000.0
MNP,Northern Mariana Islands,2015,910000000.0
MNP,Northern Mariana Islands,2016,1230000000.0
MNP,Northern Mariana Islands,2017,1560000000.0
MNP,Northern Mariana Islands,2018,1301000000.0
MNP,Northern Mariana Islands,2019,1181000000.0
MNP,Northern Mariana Islands,2020,858000000.0
NOR,Norway,2000,171457201935.96765
NOR,Norway,2001,174239354070.97656
NOR,Norway,2002,195914852576.46735
NOR,Norway,2003,229385469337.02438
NOR,Norway,2004,265268662473.29694
NOR,Norway,2005,309978579743.88824
NOR,Norway,2006,346915160681.7084
NOR,Norway,2007,402643260487.5719
NOR,Norway,2008,464917553191.4894
NOR,Norway,2009,387976400617.0189
NOR,Norway,2010,431052143940.4382
NOR,Norway,2011,501360549669.4038
NOR,Norway,2012,512777309840.997
NOR,Norway,2013,526014468085.1064
NOR,Norway,2014,501736471832.84814
NOR,Norway,2015,388159512245.53046
NOR,Norway,2016,370956547619.0476
NOR,Norway,2017,401745275035.26074
NOR,Norway,2018,439788625883.79956
NOR,Norway,2019,408742840909.0909
NOR,Norway,2020,367633418886.62726
NOR,Norway,2021,503367986030.26776
NOR,Norway,2022,593726965415.6191
NOR,Norway,2023,485513316503.63043
OED,OECD members,2000,27669616112069.44
OED,OECD members,2001,27415354309328.31
OED,OECD members,2002,28601698343642.832
OED,OECD members,2003,31985356194060.047
OED,OECD members,2004,35608846779453.79
OED,OECD members,2005,37648159767684.88
OED,OECD members,2006,39718283258802.51
OED,OECD members,2007,43483775703184.945
OED,OECD members,2008,46172651254806.76
OED,OECD members,2009,43184014259465.66
OED,OECD members,2010,45297226688828.766
OED,OECD members,2011,48721225418978.32
OED,OECD members,2012,48676834813345.9
OED,OECD members,2013,49360200440504.1
OED,OECD members,2014,50386906873870.5
OED,OECD members,2015,47536673280840.75
OED,OECD members,2016,48460554255214.47
OED,OECD members,2017,50610712929528.3
OED,OECD members,2018,53525975116832.07
OED,OECD members,2019,54053010452622.234
OED,OECD members,2020,52852896615891.695
OED,OECD members,2021,58899843230643.734
OED,OECD members,2022,60170092967268.375
OED,OECD members,2023,64098865773302.98
OMN,Oman,2000,19507452535.760727
OMN,Oman,2001,19452000520.156048
OMN,Oman,2002,20142756046.814045
OMN,Oman,2003,21633708192.457737
OMN,Oman,2004,24763712873.86216
OMN,Oman,2005,31081991677.50325
OMN,Oman,2006,37215779713.91418
OMN,Oman,2007,42085379453.83615
OMN,Oman,2008,60905452535.76073
OMN,Oman,2009,48388363589.07672
OMN,Oman,2010,64993498049.414825
OMN,Oman,2011,77497529258.77763
OMN,Oman,2012,87408842652.79582
OMN,Oman,2013,89936020806.24187
OMN,Oman,2014,92699089726.91808
OMN,Oman,2015,78710793237.97139
OMN,Oman,2016,75128738621.58647
OMN,Oman,2017,80856697009.10272
OMN,Oman,2018,91505851755.52666
OMN,Oman,2019,88060858257.47723
OMN,Oman,2020,75909397659.29779
OMN,Oman,2021,88191977373.21198
OMN,Oman,2022,114667360208.06242
OMN,Oman,2023,108192457737.3212
OSS,Other small states,2000,55909436459.472305
OSS,Other small states,2001,56104114431.85091
OSS,Other small states,2002,61196326388.68597
OSS,Other small states,2003,75225425145.74213
OSS,Other small states,2004,89281970467.41351
OSS,Other small states,2005,101041826683.49158
OSS,Other small states,2006,113035701751.59476
OSS,Other small states,2007,135646182748.02182
OSS,Other small states,2008,148958990447.7651
OSS,Other small states,2009,129389535768.02322
OSS,Other small states,2010,138174096381.8977
OSS,Other small states,2011,157064408558.8294
OSS,Other small states,2012,155912881125.31055
OSS,Other small states,2013,162812437315.90656
OSS,Other small states,2014,167893016317.08853
OSS,Other small states,2015,151721848514.72876
OSS,Other small states,2016,159200150156.2276
OSS,Other small states,2017,176977448024.0403
OSS,Other small states,2018,193850030853.8867
OSS,Other small states,2019,195442320173.6637
OSS,Other small states,2020,178185121948.33084
OSS,Other small states,2021,208006924432.8395
OSS,Other small states,2022,223331355321.86374
OSS,Other small states,2023,234402049500.76453
PSS,Pacific island small states,2000,3448222600.924604
PSS,Pacific island small states,2001,3391891585.173828
PSS,Pacific island small states,2002,3556817548.4944625
PSS,Pacific island small states,2003,4239645994.428815
PSS,Pacific island small states,2004,4876721916.033783
PSS,Pacific island small states,2005,5412748919.654168
PSS,Pacific island small states,2006,5680719028.439601
PSS,Pacific island small states,2007,6259150036.439477
PSS,Pacific island small states,2008,6702842278.154128
PSS,Pacific island small states,2009,6042995506.231469
PSS,Pacific island small states,2010,6646636169.350476
PSS,Pacific island small states,2011,7754564667.391935
PSS,Pacific island small states,2012,8219726546.103479
PSS,Pacific island small states,2013,8544636536.179372
PSS,Pacific island small states,2014,9290027187.464344
PSS,Pacific island small states,2015,9082590662.612247
PSS,Pacific island small states,2016,9532201525.568127
PSS,Pacific island small states,2017,10290482444.21077
PSS,Pacific island small states,2018,10791457053.208267
PSS,Pacific island small states,2019,10729092905.364285
PSS,Pacific island small states,2020,9505064735.520332
PSS,Pacific island small states,2021,9493809706.88294
PSS,Pacific island small states,2022,10316299126.575956
PSS,Pacific island small states,2023,11232231820.248747
PAK,Pakistan,2000,99484802344.52766
PAK,Pakistan,2001,97145618479.90381
PAK,Pakistan,2002,97923302809.35368
PAK,Pakistan,2003,112371913740.82295
PAK,Pakistan,2004,132216048339.41289
PAK,Pakistan,2005,145208562960.76663
PAK,Pakistan,2006,161871385506.3602
PAK,Pakistan,2007,184140869997.46017
PAK,Pakistan,2008,202203748583.8536
PAK,Pakistan,2009,187337783856.46567
PAK,Pakistan,2010,196709621849.58618
PAK,Pakistan,2011,230586581059.6654
PAK,Pakistan,2012,250106966104.70358
PAK,Pakistan,2013,258657231672.41232
PAK,Pakistan,2014,271390474857.63217
PAK,Pakistan,2015,299963590534.7735
PAK,Pakistan,2016,313630000130.43536
PAK,Pakistan,2017,339205534861.1001
PAK,Pakistan,2018,356128166704.921
PAK,Pakistan,2019,320909472770.6687
PAK,Pakistan,2020,300425609817.9812
PAK,Pakistan,2021,348516647445.14844
PAK,Pakistan,2022,374787958882.30774
PAK,Pakistan,2023,338368455317.8758
PLW,Palau,2000,149535827.63671902
PLW,Palau,2001,159453506.46972698
PLW,Palau,2002,162665542.602539
PLW,Palau,2003,154559875.48828098
PLW,Palau,2004,166391555.78613302
PLW,Palau,2005,191048400.87890598
PLW,Palau,2006,193679687.5
PLW,Palau,2007,200903640.74707
PLW,Palau,2008,201167343.13964802
PLW,Palau,2009,189997985.83984402
PLW,Palau,2010,188174270.62988302
PLW,Palau,2011,198873916.62597698
PLW,Palau,2012,215762390.13671902
PLW,Palau,2013,224265167.236328
PLW,Palau,2014,245731216.430664
PLW,Palau,2015,287215972.90039104
PLW,Palau,2016,305404174.80468804
PLW,Palau,2017,292345764.160156
PLW,Palau,2018,288160980.22460896
PLW,Palau,2019,281828704.83398396
PLW,Palau,2020,261179138.183594
PLW,Palau,2021,229858184.814453
PLW,Palau,2022,242333709.716797
PLW,Palau,2023,263020733.717011
PAN,Panama,2000,12304115000.0
PAN,Panama,2001,12502013400.0
PAN,Panama,2002,12994310400.0
PAN,Panama,2003,13693981200.0
PAN,Panama,2004,15013381700.0
PAN,Panama,2005,16374393900.0
PAN,Panama,2006,18141666300.0
PAN,Panama,2007,21295984200.0
PAN,Panama,2008,25155888600.0
PAN,Panama,2009,27116635600.0
PAN,Panama,2010,29440287600.0
PAN,Panama,2011,34686224300.0
PAN,Panama,2012,40429700000.0
PAN,Panama,2013,45599900000.0
PAN,Panama,2014,49921400000.0
PAN,Panama,2015,54091800000.0
PAN,Panama,2016,57907700000.0
PAN,Panama,2017,62202700000.0
PAN,Panama,2018,67294169200.00001
PAN,Panama,2019,69721787500.0
PAN,Panama,2020,57086836900.0
PAN,Panama,2021,67406738100.0
PAN,Panama,2022,76522511780.6222
PAN,Panama,2023,83382400000.0
PNG,Papua New Guinea,2000,3521339699.074074
PNG,Papua New Guinea,2001,3081024212.4292445
PNG,Papua New Guinea,2002,2999511040.197643
PNG,Papua New Guinea,2003,3536411824.2958045
PNG,Papua New Guinea,2004,3927157866.9646463
PNG,Papua New Guinea,2005,4865892972.275951
PNG,Papua New Guinea,2006,8354911040.701925
PNG,Papua New Guinea,2007,9545028944.345787
PNG,Papua New Guinea,2008,11670892800.530945
PNG,Papua New Guinea,2009,11619456449.265974
PNG,Papua New Guinea,2010,14250786674.776615
PNG,Papua New Guinea,2011,17985138065.854904
PNG,Papua New Guinea,2012,21295168665.724728
PNG,Papua New Guinea,2013,21261338064.878304
PNG,Papua New Guinea,2014,23210823987.30796
PNG,Papua New Guinea,2015,21723437010.098206
PNG,Papua New Guinea,2016,20758876952.623165
PNG,Papua New Guinea,2017,22742699138.356014
PNG,Papua New Guinea,2018,24109780708.02678
PNG,Papua New Guinea,2019,24751066910.540928
PNG,Papua New Guinea,2020,23848445103.92275
PNG,Papua New Guinea,2021,26113333240.233334
PNG,Papua New Guinea,2022,31603619036.633846
PNG,Papua New Guinea,2023,30932496249.791653
PRY,Paraguay,2000,8855705139.558565
PRY,Paraguay,2001,8495806432.1846695
PRY,Paraguay,2002,7196260656.845559
PRY,Paraguay,2003,7691367471.179918
PRY,Paraguay,2004,9624440836.293095
PRY,Paraguay,2005,10737500188.112309
PRY,Paraguay,2006,13429430050.260954
PRY,Paraguay,2007,17856393235.433792
PRY,Paraguay,2008,24615267663.54557
PRY,Paraguay,2009,22355151161.99399
PRY,Paraguay,2010,27260886405.226337
PRY,Paraguay,2011,33756238766.500004
PRY,Paraguay,2012,33271921136.314976
PRY,Paraguay,2013,38501122141.424126
PRY,Paraguay,2014,40377929295.64187
PRY,Paraguay,2015,36211447840.09714
PRY,Paraguay,2016,36089700222.946144
PRY,Paraguay,2017,38997129473.55579
PRY,Paraguay,2018,40225448340.632164
PRY,Paraguay,2019,37925338329.149445
PRY,Paraguay,2020,35432178068.18139
PRY,Paraguay,2021,39950899938.74815
PRY,Paraguay,2022,41952910858.08456
PRY,Paraguay,2023,42956263543.948166
PER,Peru,2000,51744749133.21299
PER,Peru,2001,52030158775.40549
PER,Peru,2002,54777553515.08088
PER,Peru,2003,58731030121.867096
PER,Peru,2004,66768703497.56869
PER,Peru,2005,76060606060.60606
PER,Peru,2006,88643193061.748
PER,Peru,2007,102170981144.13551
PER,Peru,2008,120550599815.4414
PER,Peru,2009,120822986521.47932
PER,Peru,2010,147527631520.7292
PER,Peru,2011,171761737046.58508
PER,Peru,2012,192650021648.5832
PER,Peru,2013,201175543571.3918
PER,Peru,2014,200786250582.94272
PER,Peru,2015,189802976285.61893
PER,Peru,2016,191898104390.37863
PER,Peru,2017,211007984080.91058
PER,Peru,2018,222597009739.23532
PER,Peru,2019,228346006003.64822
PER,Peru,2020,201409694755.93436
PER,Peru,2021,226354278280.88464
PER,Peru,2022,246488757636.21066
PER,Peru,2023,267603248655.2527
PHL,Philippines,2000,83669788254.72792
PHL,Philippines,2001,78921234457.54874
PHL,Philippines,2002,84307345887.543
PHL,Philippines,2003,87039092974.22725
PHL,Philippines,2004,95001999685.33144
PHL,Philippines,2005,107419977318.16573
PHL,Philippines,2006,127652926368.06917
PHL,Philippines,2007,155980408673.40317
PHL,Philippines,2008,181624626327.36093
PHL,Philippines,2009,175974755881.37238
PHL,Philippines,2010,208368893151.14383
PHL,Philippines,2011,234216730295.9377
PHL,Philippines,2012,261920540972.1021
PHL,Philippines,2013,283902828581.6499
PHL,Philippines,2014,297483555344.8018
PHL,Philippines,2015,306445871246.7178
PHL,Philippines,2016,318627003012.5201
PHL,Philippines,2017,328480736798.7918
PHL,Philippines,2018,346841896583.5147
PHL,Philippines,2019,376823402244.9279
PHL,Philippines,2020,361751145451.59674
PHL,Philippines,2021,394087359848.11
PHL,Philippines,2022,404353369604.6311
PHL,Philippines,2023,437146372729.94244
POL,Poland,2000,172220451786.9572
POL,Poland,2001,190905493539.16806
POL,Poland,2002,199070448694.90024
POL,Poland,2003,217828661056.93512
POL,Poland,2004,255107252158.63116
POL,Poland,2005,306145944824.9303
POL,Poland,2006,344626667414.2921
POL,Poland,2007,429020755432.721
POL,Poland,2008,533599779515.7149
POL,Poland,2009,439731589139.2123
POL,Poland,2010,475696613935.59515
POL,Poland,2011,524374183218.30884
POL,Poland,2012,495230523665.9008
POL,Poland,2013,515761954074.1571
POL,Poland,2014,539080475073.71906
POL,Poland,2015,477111287969.2267
POL,Poland,2016,470024599375.6187
POL,Poland,2017,524641252834.8256
POL,Poland,2018,588779796423.6954
POL,Poland,2019,596058473058.7661
POL,Poland,2020,599442732365.372
POL,Poland,2021,681346077608.6073
POL,Poland,2022,689763329458.4408
POL,Poland,2023,811229100687.5663
PRT,Portugal,2000,118605192877.38849
PRT,Portugal,2001,121604107164.9966
PRT,Portugal,2002,134795565549.41945
PRT,Portugal,2003,165226175536.7926
PRT,Portugal,2004,189382122532.16882
PRT,Portugal,2005,197253876704.9213
PRT,Portugal,2006,208756449275.84793
PRT,Portugal,2007,240496147317.38077
PRT,Portugal,2008,263416394624.08353
PRT,Portugal,2009,244667762835.54318
PRT,Portugal,2010,238113003233.28378
PRT,Portugal,2011,245117990242.24756
PRT,Portugal,2012,216224240577.95746
PRT,Portugal,2013,226433858005.71396
PRT,Portugal,2014,229901964221.88428
PRT,Portugal,2015,199394066525.44012
PRT,Portugal,2016,206426152308.93085
PRT,Portugal,2017,221357874718.92978
PRT,Portugal,2018,242313116577.9669
PRT,Portugal,2019,239986922638.90158
PRT,Portugal,2020,229031860520.77728
PRT,Portugal,2021,255534839405.899
PRT,Portugal,2022,255196659934.37842
PRT,Portugal,2023,287080013574.4972
PST,Post-demographic dividend,2000,26398822852316.21
PST,Post-demographic dividend,2001,26143738576771.117
PST,Post-demographic dividend,2002,27268490857927.395
PST,Post-demographic dividend,2003,30570527940011.02
PST,Post-demographic dividend,2004,33970525840134.297
PST,Post-demographic dividend,2005,35741585554610.07
PST,Post-demographic dividend,2006,37604152308152.57
PST,Post-demographic dividend,2007,41042492733642.28
PST,Post-demographic dividend,2008,43475365266059.43
PST,Post-demographic dividend,2009,40925526158278.73
PST,Post-demographic dividend,2010,42685593909416.29
PST,Post-demographic dividend,2011,45847684271547.93
PST,Post-demographic dividend,2012,45779692961073.23
PST,Post-demographic dividend,2013,46270713136341.414
PST,Post-demographic dividend,2014,47207349839752.07
PST,Post-demographic dividend,2015,44669765037594.52
PST,Post-demographic dividend,2016,45693398993292.13
PST,Post-demographic dividend,2017,47667106352008.09
PST,Post-demographic dividend,2018,50504305917292.34
PST,Post-demographic dividend,2019,51018795008395.88
PST,Post-demographic dividend,2020,50004904334179.586
PST,Post-demographic dividend,2021,55588775180110.445
PST,Post-demographic dividend,2022,56564201304341.56
PST,Post-demographic dividend,2023,59851800976561.17
PRE,Pre-demographic dividend,2000,282743056562.662
PRE,Pre-demographic dividend,2001,268398133177.29684
PRE,Pre-demographic dividend,2002,308709461199.595
PRE,Pre-demographic dividend,2003,336310592477.53375
PRE,Pre-demographic dividend,2004,419004384473.70935
PRE,Pre-demographic dividend,2005,521959796164.308
PRE,Pre-demographic dividend,2006,656227260844.8481
PRE,Pre-demographic dividend,2007,793488291778.382
PRE,Pre-demographic dividend,2008,989251021076.2987
PRE,Pre-demographic dividend,2009,896733060947.7655
PRE,Pre-demographic dividend,2010,1047586126685.7653
PRE,Pre-demographic dividend,2011,1213699206148.598
PRE,Pre-demographic dividend,2012,1319408228653.5837
PRE,Pre-demographic dividend,2013,1448620258000.1326
PRE,Pre-demographic dividend,2014,1535536224140.676
PRE,Pre-demographic dividend,2015,1305833014908.772
PRE,Pre-demographic dividend,2016,1163168926723.7832
PRE,Pre-demographic dividend,2017,1214614486271.2874
PRE,Pre-demographic dividend,2018,1353360006187.6426
PRE,Pre-demographic dividend,2019,1427162956056.1565
PRE,Pre-demographic dividend,2020,1309584194481.2327
PRE,Pre-demographic dividend,2021,1435824208115.6304
PRE,Pre-demographic dividend,2022,1639586866408.6606
PRE,Pre-demographic dividend,2023,1562533897053.5369
PRI,Puerto Rico,2000,61701800000.0
PRI,Puerto Rico,2001,69208400000.0
PRI,Puerto Rico,2002,71623500000.0
PRI,Puerto Rico,2003,74827400000.0
PRI,Puerto Rico,2004,80322313000.0
PRI,Puerto Rico,2005,83914521300.0
PRI,Puerto Rico,2006,87276164400.0
PRI,Puerto Rico,2007,89524131600.0
PRI,Puerto Rico,2008,93639300000.0
PRI,Puerto Rico,2009,96385600000.0
PRI,Puerto Rico,2010,98381300000.0
PRI,Puerto Rico,2011,100351700000.0
PRI,Puerto Rico,2012,101564800000.0
PRI,Puerto Rico,2013,102450000000.0
PRI,Puerto Rico,2014,102445800000.0
PRI,Puerto Rico,2015,103375500000.0
PRI,Puerto Rico,2016,104336700000.0
PRI,Puerto Rico,2017,103445500000.0
PRI,Puerto Rico,2018,100958100000.0
PRI,Puerto Rico,2019,105126400000.0
PRI,Puerto Rico,2020,103130900000.0
PRI,Puerto Rico,2021,106426600000.0
PRI,Puerto Rico,2022,113567200000.0
PRI,Puerto Rico,2023,117902300000.0
QAT,Qatar,2000,17759890109.89011
QAT,Qatar,2001,17538461538.461536
QAT,Qatar,2002,19363736263.736263
QAT,Qatar,2003,23533791208.791206
QAT,Qatar,2004,31734065934.065933
QAT,Qatar,2005,44530494505.49451
QAT,Qatar,2006,60882142857.14285
QAT,Qatar,2007,79712087912.0879
QAT,Qatar,2008,115270054945.05495
QAT,Qatar,2009,97798351648.35164
QAT,Qatar,2010,125122306346.15384
QAT,Qatar,2011,167775268626.37363
QAT,Qatar,2012,186833502362.63736
QAT,Qatar,2013,198727642967.03296
QAT,Qatar,2014,206224598571.42856
QAT,Qatar,2015,161739955576.92307
QAT,Qatar,2016,151732181868.13187
QAT,Qatar,2017,161099122225.27472
QAT,Qatar,2018,183334953818.6813
QAT,Qatar,2019,176371267692.30768
QAT,Qatar,2020,144411363351.64835
QAT,Qatar,2021,179732009560.43954
QAT,Qatar,2022,235770403734.9
ROU,Romania,2000,37253739511.12733
ROU,Romania,2001,40395116581.48316
ROU,Romania,2002,46065502702.581696
ROU,Romania,2003,57806384143.16596
ROU,Romania,2004,74973656851.80765
ROU,Romania,2005,98454380120.07607
ROU,Romania,2006,122023735992.70625
ROU,Romania,2007,174588782938.583
ROU,Romania,2008,214317202478.26596
ROU,Romania,2009,174102268534.83966
ROU,Romania,2010,170029359010.66742
ROU,Romania,2011,192613579705.88544
ROU,Romania,2012,179132893143.41733
ROU,Romania,2013,189789258566.2443
ROU,Romania,2014,199713780259.3176
ROU,Romania,2015,177883883008.74738
ROU,Romania,2016,185287630540.43143
ROU,Romania,2017,210147163769.8483
ROU,Romania,2018,243316029944.05597
ROU,Romania,2019,251017797625.017
ROU,Romania,2020,251362514349.69714
ROU,Romania,2021,285810244501.93335
ROU,Romania,2022,298891515898.0265
ROU,Romania,2023,351002579629.6701
RUS,Russian Federation,2000,259710142196.94278
RUS,Russian Federation,2001,306602070620.5005
RUS,Russian Federation,2002,345470494417.8628
RUS,Russian Federation,2003,430347420184.88513
RUS,Russian Federation,2004,591016690732.3846
RUS,Russian Federation,2005,764015973481.1102
RUS,Russian Federation,2006,989932071352.5431
RUS,Russian Federation,2007,1299703478481.653
RUS,Russian Federation,2008,1660848058303.1138
RUS,Russian Federation,2009,1222645900055.6956
RUS,Russian Federation,2010,1524916715223.946
RUS,Russian Federation,2011,2045922753398.036
RUS,Russian Federation,2012,2208293553878.4243
RUS,Russian Federation,2013,2292470078346.2236
RUS,Russian Federation,2014,2059241589895.015
RUS,Russian Federation,2015,1363482182197.7053
RUS,Russian Federation,2016,1276786350881.137
RUS,Russian Federation,2017,1574199360089.0022
RUS,Russian Federation,2018,1657328773461.3062
RUS,Russian Federation,2019,1693115002708.3157
RUS,Russian Federation,2020,1493075894362.1426
RUS,Russian Federation,2021,1843392293734.3777
RUS,Russian Federation,2022,2266029240645.338
RUS,Russian Federation,2023,2021421476035.417
RWA,Rwanda,2000,2068837212.166811
RWA,Rwanda,2001,1966600292.2401066
RWA,Rwanda,2002,1966004242.632822
RWA,Rwanda,2003,2138237345.5096672
RWA,Rwanda,2004,2376495586.6232343
RWA,Rwanda,2005,2933819820.136366
RWA,Rwanda,2006,3319783951.831242
RWA,Rwanda,2007,4070508542.7503176
RWA,Rwanda,2008,5179853220.826894
RWA,Rwanda,2009,5674476707.222286
RWA,Rwanda,2010,6124756894.206773
RWA,Rwanda,2011,6884912956.964483
RWA,Rwanda,2012,7654762344.677663
RWA,Rwanda,2013,7819963627.141081
RWA,Rwanda,2014,8238966247.180328
RWA,Rwanda,2015,8543759088.577828
RWA,Rwanda,2016,8695272095.385021
RWA,Rwanda,2017,9252834120.393581
RWA,Rwanda,2018,9637904552.51428
RWA,Rwanda,2019,10349299855.840408
RWA,Rwanda,2020,10174387614.255817
RWA,Rwanda,2021,11069280277.00701
RWA,Rwanda,2022,13316160803.518715
RWA,Rwanda,2023,14097768647.66952
WSM,Samoa,2000,258856139.79848865
WSM,Samoa,2001,266299591.47942805
WSM,Samoa,2002,281790134.2119716
WSM,Samoa,2003,333426188.41876
WSM,Samoa,2004,407747565.09695876
WSM,Samoa,2005,476801793.15942883
WSM,Samoa,2006,499923757.78073615
WSM,Samoa,2007,573548459.8333715
WSM,Samoa,2008,641346191.6647757
WSM,Samoa,2009,628006115.4240516
WSM,Samoa,2010,680260907.1539834
WSM,Samoa,2011,744097050.1691153
WSM,Samoa,2012,773141661.1655476
WSM,Samoa,2013,797736334.2813052
WSM,Samoa,2014,796683519.593842
WSM,Samoa,2015,824150498.6535364
WSM,Samoa,2016,843924796.6974211
WSM,Samoa,2017,884844384.4632136
WSM,Samoa,2018,878448433.4043417
WSM,Samoa,2019,912950466.0649056
WSM,Samoa,2020,868898358.2664367
WSM,Samoa,2021,843923638.7330176
WSM,Samoa,2022,832945205.6371847
WSM,Samoa,2023,934100336.2756538
SMR,San Marino,2000,1005159388.2439654
SMR,San Marino,2001,1077413479.0528233
SMR,San Marino,2002,1168269230.7692308
SMR,San Marino,2003,1464326160.815402
SMR,San Marino,2004,1723750000.0
SMR,San Marino,2005,1785847531.401567
SMR,San Marino,2006,1908167105.758374
SMR,San Marino,2007,2185874623.5970435
SMR,San Marino,2008,2393437820.418925
SMR,San Marino,2009,2056126701.8616283
SMR,San Marino,2010,1881191949.9899755
SMR,San Marino,2011,1813717694.5609193
SMR,San Marino,2012,1604701051.1653028
SMR,San Marino,2013,1678741201.5730956
SMR,San Marino,2014,1673910988.24105
SMR,San Marino,2015,1419400403.8278778
SMR,San Marino,2016,1468342430.7393022
SMR,San Marino,2017,1528621195.4831986
SMR,San Marino,2018,1655354303.8699796
SMR,San Marino,2019,1616188702.3396394
SMR,San Marino,2020,1541247883.9935052
SMR,San Marino,2021,1855382833.1164992
STP,Sao Tome and Principe,2000,76198394.8202671
STP,Sao Tome and Principe,2001,75951133.37779482
STP,Sao Tome and Principe,2002,85171073.87774976
STP,Sao Tome and Principe,2003,102085769.12341939
STP,Sao Tome and Principe,2004,114582283.91638164
STP,Sao Tome and Principe,2005,136450662.39059213
STP,Sao Tome and Principe,2006,142775104.0816256
STP,Sao Tome and Principe,2007,149146918.88861105
STP,Sao Tome and Principe,2008,188021165.00338
STP,Sao Tome and Principe,2009,200668065.03175008
STP,Sao Tome and Principe,2010,190021192.48953635
STP,Sao Tome and Principe,2011,226455001.24308294
STP,Sao Tome and Principe,2012,229371348.20260647
STP,Sao Tome and Principe,2013,267041747.58435395
STP,Sao Tome and Principe,2014,293119143.24682474
STP,Sao Tome and Principe,2015,259999643.04738805
STP,Sao Tome and Principe,2016,292267272.1969252
STP,Sao Tome and Principe,2017,322002845.2293353
STP,Sao Tome and Principe,2018,383717327.8305078
STP,Sao Tome and Principe,2019,412976064.479214
STP,Sao Tome and Principe,2020,471229484.6071443
STP,Sao Tome and Principe,2021,524402450.75561225
STP,Sao Tome and Principe,2022,542686976.4575872
STP,Sao Tome and Principe,2023,603240748.9542067
SAU,Saudi Arabia,2000,189514933333.33334
SAU,Saudi Arabia,2001,184137600000.0
SAU,Saudi Arabia,2002,189605866666.66666
SAU,Saudi Arabia,2003,215807733333.33334
SAU,Saudi Arabia,2004,258742133333.33334
SAU,Saudi Arabia,2005,328459608764.1109
SAU,Saudi Arabia,2006,376900133511.34845
SAU,Saudi Arabia,2007,415964509673.1154
SAU,Saudi Arabia,2008,519796800000.0
SAU,Saudi Arabia,2009,429097866666.6667
SAU,Saudi Arabia,2010,528207200000.0
SAU,Saudi Arabia,2011,676634666666.6666
SAU,Saudi Arabia,2012,741849866666.6666
SAU,Saudi Arabia,2013,753864533333.3334
SAU,Saudi Arabia,2014,766605866666.6666
SAU,Saudi Arabia,2015,669484266666.6666
SAU,Saudi Arabia,2016,666000000000.0
SAU,Saudi Arabia,2017,714994666666.6666
SAU,Saudi Arabia,2018,846583733333.3334
SAU,Saudi Arabia,2019,838564800000.0
SAU,Saudi Arabia,2020,734271200000.0
SAU,Saudi Arabia,2021,874156000000.0
SAU,Saudi Arabia,2022,1108571466666.6667
SAU,Saudi Arabia,2023,1067582933333.3334
SEN,Senegal,2000,6013185003.975251
SEN,Senegal,2001,6507824829.262536
SEN,Senegal,2002,7006402319.758565
SEN,Senegal,2003,8768721563.182106
SEN,Senegal,2004,10076816666.619638
SEN,Senegal,2005,11009033437.93904
SEN,Senegal,2006,11697918243.00349
SEN,Senegal,2007,13994218412.961872
SEN,Senegal,2008,16853989627.548038
SEN,Senegal,2009,16145867494.940493
SEN,Senegal,2010,16121315909.07576
SEN,Senegal,2011,17814283639.311874
SEN,Senegal,2012,17660870411.523518
SEN,Senegal,2013,18918667724.881683
SEN,Senegal,2014,19797253440.267914
SEN,Senegal,2015,17774766696.175896
SEN,Senegal,2016,19040312333.186382
SEN,Senegal,2017,20996562943.59792
SEN,Senegal,2018,23116701556.138107
SEN,Senegal,2019,23403995992.135414
SEN,Senegal,2020,24530513037.751846
SEN,Senegal,2021,27520784129.750805
SEN,Senegal,2022,27619479059.613056
SEN,Senegal,2023,31013986429.186058
SRB,Serbia,2000,6875845986.521209
SRB,Serbia,2001,12960546471.378193
SRB,Serbia,2002,17120906918.350328
SRB,Serbia,2003,22482365321.765587
SRB,Serbia,2004,26141968161.092403
SRB,Serbia,2005,27683225959.24681
SRB,Serbia,2006,32482070360.32038
SRB,Serbia,2007,43170990616.47292
SRB,Serbia,2008,52194221468.500725
SRB,Serbia,2009,45162894380.9318
SRB,Serbia,2010,41819468691.82505
SRB,Serbia,2011,49258136128.967155
SRB,Serbia,2012,43309252921.05673
SRB,Serbia,2013,48394239474.67616
SRB,Serbia,2014,47062202418.88643
SRB,Serbia,2015,39655949731.381615
SRB,Serbia,2016,40692661657.284
SRB,Serbia,2017,44179075778.92674
SRB,Serbia,2018,50640662859.498726
SRB,Serbia,2019,51514242938.67344
SRB,Serbia,2020,53356484591.43781
SRB,Serbia,2021,63101042897.70703
SRB,Serbia,2022,63563410720.70927
SRB,Serbia,2023,75187125426.73755
SYC,Seychelles,2000,654212394.2716402
SYC,Seychelles,2001,662064155.9206917
SYC,Seychelles,2002,742134837.5091902
SYC,Seychelles,2003,750847230.0992627
SYC,Seychelles,2004,893012218.1818181
SYC,Seychelles,2005,977899381.8181819
SYC,Seychelles,2006,1081441283.3179822
SYC,Seychelles,2007,1077308813.829454
SYC,Seychelles,2008,979597394.2934532
SYC,Seychelles,2009,850901620.433301
SYC,Seychelles,2010,981616542.3284543
SYC,Seychelles,2011,1058918707.2612364
SYC,Seychelles,2012,1089407839.1970947
SYC,Seychelles,2013,1333160407.3851607
SYC,Seychelles,2014,1387577870.0816104
SYC,Seychelles,2015,1432403352.1294434
SYC,Seychelles,2016,1568513348.1446254
SYC,Seychelles,2017,1675370641.0141618
SYC,Seychelles,2018,1784313926.768066
SYC,Seychelles,2019,1868690096.7345412
SYC,Seychelles,2020,1382551751.5690813
SYC,Seychelles,2021,1487173794.8052788
SYC,Seychelles,2022,2057968519.830909
SYC,Seychelles,2023,2141450171.1393213
SLE,Sierra Leone,2000,635874002.1987478
SLE,Sierra Leone,2001,1074851475.1787333
SLE,Sierra Leone,2002,1236235826.5840876
SLE,Sierra Leone,2003,1369685676.5620341
SLE,Sierra Leone,2004,1430217080.6648653
SLE,Sierra Leone,2005,1627058424.9380882
SLE,Sierra Leone,2006,1862116290.5409992
SLE,Sierra Leone,2007,2126679543.5862286
SLE,Sierra Leone,2008,2451896435.201567
SLE,Sierra Leone,2009,2419014960.199666
SLE,Sierra Leone,2010,2578159803.945967
SLE,Sierra Leone,2011,2932274309.395695
SLE,Sierra Leone,2012,3789251613.360656
SLE,Sierra Leone,2013,4920343316.870933
SLE,Sierra Leone,2014,5015180725.341599
SLE,Sierra Leone,2015,4252029353.8219075
SLE,Sierra Leone,2016,3862721266.0216155
SLE,Sierra Leone,2017,3719443418.2615533
SLE,Sierra Leone,2018,4085114387.556054
SLE,Sierra Leone,2019,4076578698.7910733
SLE,Sierra Leone,2020,4062906265.7332044
SLE,Sierra Leone,2021,4249234704.01866
SLE,Sierra Leone,2022,4094563859.4355636
SLE,Sierra Leone,2023,3809832236.9595933
SGP,Singapore,2000,96076539925.74088
SGP,Singapore,2001,89793790669.6515
SGP,Singapore,2002,92538372869.6942
SGP,Singapore,2003,97646401095.6369
SGP,Singapore,2004,115033593101.04909
SGP,Singapore,2005,127807848728.39835
SGP,Singapore,2006,148627286361.35068
SGP,Singapore,2007,180941701357.97046
SGP,Singapore,2008,193617323539.2028
SGP,Singapore,2009,194150283771.56647
SGP,Singapore,2010,239807980591.23965
SGP,Singapore,2011,279356499090.45807
SGP,Singapore,2012,295092888076.5895
SGP,Singapore,2013,307576360584.9916
SGP,Singapore,2014,314863580758.45465
SGP,Singapore,2015,307998545269.39795
SGP,Singapore,2016,319053943915.0054
SGP,Singapore,2017,343257164581.71155
SGP,Singapore,2018,376892697588.00507
SGP,Singapore,2019,376901649222.4508
SGP,Singapore,2020,349488382610.662
SGP,Singapore,2021,434111559282.8491
SGP,Singapore,2022,498474540987.7802
SGP,Singapore,2023,501427500080.05853
SXM,Sint Maarten (Dutch part),2011,936089385.4748603
SXM,Sint Maarten (Dutch part),2012,985865921.7877095
SXM,Sint Maarten (Dutch part),2013,1022905027.9329609
SXM,Sint Maarten (Dutch part),2014,1361811508.3798883
SXM,Sint Maarten (Dutch part),2015,1417888715.083799
SXM,Sint Maarten (Dutch part),2016,1427017206.7039106
SXM,Sint Maarten (Dutch part),2017,1353212122.9050279
SXM,Sint Maarten (Dutch part),2018,1259200446.9273744
SXM,Sint Maarten (Dutch part),2019,1407880446.9273744
SXM,Sint Maarten (Dutch part),2020,1236428100.558659
SXM,Sint Maarten (Dutch part),2021,1353071061.452514
SXM,Sint Maarten (Dutch part),2022,1537088715.083799
SXM,Sint Maarten (Dutch part),2023,1623165683.1284916
SVK,Slovak Republic,2000,29242558796.55065
SVK,Slovak Republic,2001,30778781606.95752
SVK,Slovak Republic,2002,35297794385.68634
SVK,Slovak Republic,2003,46919965224.149704
SVK,Slovak Republic,2004,57437444469.08702
SVK,Slovak Republic,2005,62808723476.71904
SVK,Slovak Republic,2006,70767338922.44107
SVK,Slovak Republic,2007,86563986799.25047
SVK,Slovak Republic,2008,100879902984.98279
SVK,Slovak Republic,2009,89399303222.15501
SVK,Slovak Republic,2010,91162836320.35017
SVK,Slovak Republic,2011,99922685424.88347
SVK,Slovak Republic,2012,94623731085.61057
SVK,Slovak Republic,2013,98935222174.86028
SVK,Slovak Republic,2014,101437045019.90082
SVK,Slovak Republic,2015,88900883130.83745
SVK,Slovak Republic,2016,89952699524.894
SVK,Slovak Republic,2017,95649966260.98016
SVK,Slovak Republic,2018,106137924015.59286
SVK,Slovak Republic,2019,105711680180.56453
SVK,Slovak Republic,2020,106737868873.94115
SVK,Slovak Republic,2021,118563266602.35857
SVK,Slovak Republic,2022,115584743573.55298
SVK,Slovak Republic,2023,132793622283.07097
SVN,Slovenia,2000,20289627636.676712
SVN,Slovenia,2001,20876309970.385
SVN,Slovenia,2002,23489890274.314217
SVN,Slovenia,2003,29634713641.096844
SVN,Slovenia,2004,34414784504.235176
SVN,Slovenia,2005,36206395970.65041
SVN,Slovenia,2006,39481045038.2637
SVN,Slovenia,2007,48067401207.397804
SVN,Slovenia,2008,55779427739.66093
SVN,Slovenia,2009,50567734885.961296
SVN,Slovenia,2010,48208240226.450096
SVN,Slovenia,2011,51583869785.18493
SVN,Slovenia,2012,46577793184.003136
SVN,Slovenia,2013,48415657264.875824
SVN,Slovenia,2014,49997186439.09159
SVN,Slovenia,2015,43107506024.32537
SVN,Slovenia,2016,44766722790.5826
SVN,Slovenia,2017,48589100043.095375
SVN,Slovenia,2018,54177882425.8431
SVN,Slovenia,2019,54386654313.96854
SVN,Slovenia,2020,53734526854.22894
SVN,Slovenia,2021,61832201543.82846
SVN,Slovenia,2022,60063475466.34459
SVN,Slovenia,2023,68216781410.52277
SST,Small states,2000,76825026679.5082
SST,Small states,2001,77134382257.57304
SST,Small states,2002,83440932716.70718
SST,Small states,2003,98713950502.90428
SST,Small states,2004,114440630217.5623
SST,Small states,2005,128662946618.18729
SST,Small states,2006,144640135773.94012
SST,Small states,2007,169972566983.96255
SST,Small states,2008,185058112528.30093
SST,Small states,2009,164140722544.82172
SST,Small states,2010,174536267000.42285
SST,Small states,2011,195163537455.5595
SST,Small states,2012,196184993723.70825
SST,Small states,2013,203747883009.3781
SST,Small states,2014,210645325825.07666
SST,Small states,2015,195342695295.0269
SST,Small states,2016,202183604189.06198
SST,Small states,2017,222189517961.59067
SST,Small states,2018,240866904455.29556
SST,Small states,2019,243792423417.38953
SST,Small states,2020,219068216684.63303
SST,Small states,2021,254207327038.4148
SST,Small states,2022,281850778773.2686
SST,Small states,2023,298978248910.6322
SLB,Solomon Islands,2000,419842674.2276522
SLB,Solomon Islands,2001,409508552.9799725
SLB,Solomon Islands,2002,346406738.8852372
SLB,Solomon Islands,2003,417668983.4083494
SLB,Solomon Islands,2004,468005318.5519772
SLB,Solomon Islands,2005,552864570.2258192
SLB,Solomon Islands,2006,617258154.2601326
SLB,Solomon Islands,2007,695295347.6215369
SLB,Solomon Islands,2008,776337691.795098
SLB,Solomon Islands,2009,805557562.5800586
SLB,Solomon Islands,2010,898133684.8987929
SLB,Solomon Islands,2011,1063895360.6990681
SLB,Solomon Islands,2012,1185215418.2556212
SLB,Solomon Islands,2013,1285911586.1320012
SLB,Solomon Islands,2014,1335571420.7267592
SLB,Solomon Islands,2015,1307909887.5521197
SLB,Solomon Islands,2016,1379490304.2253969
SLB,Solomon Islands,2017,1469789119.0875561
SLB,Solomon Islands,2018,1615478393.2861407
SLB,Solomon Islands,2019,1619155017.392397
SLB,Solomon Islands,2020,1536145814.1700656
SLB,Solomon Islands,2021,1522794913.091401
SLB,Solomon Islands,2022,1566360686.1063213
SLB,Solomon Islands,2023,1631286701.1151562
SOM,Somalia,2000,3412797450.201118
SOM,Somalia,2001,2252847464.6860847
SOM,Somalia,2002,2192684134.5927277
SOM,Somalia,2003,2836724351.561596
SOM,Somalia,2004,3859592813.1025543
SOM,Somalia,2005,4683246454.100484
SOM,Somalia,2006,5026743282.042513
SOM,Somalia,2007,5430713728.89074
SOM,Somalia,2008,5913620292.905734
SOM,Somalia,2009,2948594552.4495163
SOM,Somalia,2010,2687807003.73935
SOM,Somalia,2011,2906000096.932491
SOM,Somalia,2012,4041702388.866335
SOM,Somalia,2013,5836021227.475967
SOM,Somalia,2014,6537360532.643586
SOM,Somalia,2015,6984947145.095078
SOM,Somalia,2016,7390796616.528166
SOM,Somalia,2017,8252394373.296979
SOM,Somalia,2018,8278212314.40466
SOM,Somalia,2019,9420431258.247469
SOM,Somalia,2020,9204140383.176119
SOM,Somalia,2021,9838711529.458477
SOM,Somalia,2022,10419541202.0391
SOM,Somalia,2023,11679800110.152267
ZAF,South Africa,2000,151752757215.3085
ZAF,South Africa,2001,135429905922.5262
ZAF,South Africa,2002,129087556612.44882
ZAF,South Africa,2003,197018965308.69696
ZAF,South Africa,2004,255806908594.57254
ZAF,South Africa,2005,288867217196.534
ZAF,South Africa,2006,303858675363.64276
ZAF,South Africa,2007,333077117253.6838
ZAF,South Africa,2008,316131258616.309
ZAF,South Africa,2009,329754060647.12897
ZAF,South Africa,2010,417363822801.71265
ZAF,South Africa,2011,458199494830.83356
ZAF,South Africa,2012,434400545085.8111
ZAF,South Africa,2013,400886013595.5732
ZAF,South Africa,2014,381198869776.10565
ZAF,South Africa,2015,346709790458.56305
ZAF,South Africa,2016,323585509674.4806
ZAF,South Africa,2017,381448814653.4564
ZAF,South Africa,2018,405260723892.51685
ZAF,South Africa,2019,389330032224.2691
ZAF,South Africa,2020,338291396026.6977
ZAF,South Africa,2021,420117812466.04065
ZAF,South Africa,2022,405270850098.73834
ZAF,South Africa,2023,377781600985.8731
SAS,South Asia,2000,647681666329.099
SAS,South Asia,2001,662513570031.7963
SAS,South Asia,2002,695456014025.0747
SAS,South Asia,2003,811668772003.6998
SAS,South Asia,2004,941600860447.8545
SAS,South Asia,2005,1075831387301.1918
SAS,South Asia,2006,1220740366279.3557
SAS,South Asia,2007,1536036848206.9104
SAS,South Asia,2008,1559693610925.0625
SAS,South Asia,2009,1702714960275.787
SAS,South Asia,2010,2082357808583.8926
SAS,South Asia,2011,2294090940082.0503
SAS,South Asia,2012,2327938845782.6187
SAS,South Asia,2013,2389895068185.148
SAS,South Asia,2014,2614915526247.902
SAS,South Asia,2015,2733618963171.586
SAS,South Asia,2016,3011037037667.8643
SAS,South Asia,2017,3433921312241.1235
SAS,South Asia,2018,3534066858502.004
SAS,South Asia,2019,3658209766221.5723
SAS,South Asia,2020,3493120726807.8936
SAS,South Asia,2021,4079882760410.172
SAS,South Asia,2022,4327288984027.913
SAS,South Asia,2023,4475567635413.059
TSA,South Asia (IDA & IBRD),2000,647681666329.099
TSA,South Asia (IDA & IBRD),2001,662513570031.7963
TSA,South Asia (IDA & IBRD),2002,695456014025.0747
TSA,South Asia (IDA & IBRD),2003,811668772003.6998
TSA,South Asia (IDA & IBRD),2004,941600860447.8545
TSA,South Asia (IDA & IBRD),2005,1075831387301.1918
TSA,South Asia (IDA & IBRD),2006,1220740366279.3557
TSA,South Asia (IDA & IBRD),2007,1536036848206.9104
TSA,South Asia (IDA & IBRD),2008,1559693610925.0625
TSA,South Asia (IDA & IBRD),2009,1702714960275.787
TSA,South Asia (IDA & IBRD),2010,2082357808583.8926
TSA,South Asia (IDA & IBRD),2011,2294090940082.0503
TSA,South Asia (IDA & IBRD),2012,2327938845782.6187
TSA,South Asia (IDA & IBRD),2013,2389895068185.148
TSA,South Asia (IDA & IBRD),2014,2614915526247.902
TSA,South Asia (IDA & IBRD),2015,2733618963171.586
TSA,South Asia (IDA & IBRD),2016,3011037037667.8643
TSA,South Asia (IDA & IBRD),2017,3433921312241.1235
TSA,South Asia (IDA & IBRD),2018,3534066858502.004
TSA,South Asia (IDA & IBRD),2019,3658209766221.5723
TSA,South Asia (IDA & IBRD),2020,3493120726807.8936
TSA,South Asia (IDA & IBRD),2021,4079882760410.172
TSA,South Asia (IDA & IBRD),2022,4327288984027.913
TSA,South Asia (IDA & IBRD),2023,4475567635413.059
SSD,South Sudan,2008,14586253383.063168
SSD,South Sudan,2009,12231264525.067104
SSD,South Sudan,2010,14602072410.950586
SSD,South Sudan,2011,14907308932.75343
SSD,South Sudan,2012,11931472169.491526
SSD,South Sudan,2013,18426469016.94915
SSD,South Sudan,2014,13962212847.457626
SSD,South Sudan,2015,11997800760.224182
ESP,Spain,2000,598363313494.9032
ESP,Spain,2001,627830029412.2054
ESP,Spain,2002,708756677088.6287
ESP,Spain,2003,907491523174.1157
ESP,Spain,2004,1069055675273.7479
ESP,Spain,2005,1153715822717.5093
ESP,Spain,2006,1260398977831.763
ESP,Spain,2007,1474002579820.0046
ESP,Spain,2008,1631863493552.3433
ESP,Spain,2009,1491472923706.6396
ESP,Spain,2010,1422108199783.3362
ESP,Spain,2011,1480710495710.1196
ESP,Spain,2012,1324750738725.0002
ESP,Spain,2013,1355579535912.5527
ESP,Spain,2014,1371820537888.6226
ESP,Spain,2015,1196156971279.6868
ESP,Spain,2016,1233554967011.6763
ESP,Spain,2017,1313245330197.6494
ESP,Spain,2018,1421702715218.038
ESP,Spain,2019,1394320055129.4094
ESP,Spain,2020,1278128867875.49
ESP,Spain,2021,1445651653604.628
ESP,Spain,2022,1417800466262.6514
ESP,Spain,2023,1580694712515.714
LKA,Sri Lanka,2000,16330814179.976625
LKA,Sri Lanka,2001,15749753804.834377
LKA,Sri Lanka,2002,16536535647.083422
LKA,Sri Lanka,2003,18881765437.215084
LKA,Sri Lanka,2004,20662525941.29855
LKA,Sri Lanka,2005,24405791044.77612
LKA,Sri Lanka,2006,28279802405.913803
LKA,Sri Lanka,2007,32350238760.423862
LKA,Sri Lanka,2008,40713826215.009254
LKA,Sri Lanka,2009,42066224093.00646
LKA,Sri Lanka,2010,58636161081.71195
LKA,Sri Lanka,2011,67753284043.92818
LKA,Sri Lanka,2012,70447216891.33658
LKA,Sri Lanka,2013,77000578167.35295
LKA,Sri Lanka,2014,82528535713.92601
LKA,Sri Lanka,2015,85140955388.85092
LKA,Sri Lanka,2016,88012282205.83571
LKA,Sri Lanka,2017,94376237797.23674
LKA,Sri Lanka,2018,94493871200.78688
LKA,Sri Lanka,2019,89014978344.1404
LKA,Sri Lanka,2020,84304298770.53287
LKA,Sri Lanka,2021,88609332762.47295
LKA,Sri Lanka,2022,74144875098.05867
LKA,Sri Lanka,2023,84356860421.12996
KNA,St. Kitts and Nevis,2000,421695769.843918
KNA,St. Kitts and Nevis,2001,458643829.01419944
KNA,St. Kitts and Nevis,2002,481077373.6699663
KNA,St. Kitts and Nevis,2003,469869869.8698699
KNA,St. Kitts and Nevis,2004,506899999.99999994
KNA,St. Kitts and Nevis,2005,547203703.7037036
KNA,St. Kitts and Nevis,2006,644414814.8148148
KNA,St. Kitts and Nevis,2007,689285185.1851852
KNA,St. Kitts and Nevis,2008,777691333.3333333
KNA,St. Kitts and Nevis,2009,774273111.1111112
KNA,St. Kitts and Nevis,2010,778718518.5185184
KNA,St. Kitts and Nevis,2011,836092592.5925926
KNA,St. Kitts and Nevis,2012,825381481.4814814
KNA,St. Kitts and Nevis,2013,874896296.2962962
KNA,St. Kitts and Nevis,2014,952111111.111111
KNA,St. Kitts and Nevis,2015,957222222.2222222
KNA,St. Kitts and Nevis,2016,1006818518.5185184
KNA,St. Kitts and Nevis,2017,1056977777.7777777
KNA,St. Kitts and Nevis,2018,1076548148.148148
KNA,St. Kitts and Nevis,2019,1107855555.5555556
KNA,St. Kitts and Nevis,2020,883922222.2222222
KNA,St. Kitts and Nevis,2021,858622222.2222222
KNA,St. Kitts and Nevis,2022,981429629.6296296
KNA,St. Kitts and Nevis,2023,1077033111.111111
LCA,St. Lucia,2000,932592592.5925925
LCA,St. Lucia,2001,892592592.5925925
LCA,St. Lucia,2002,900000000.0
LCA,St. Lucia,2003,987407407.4074073
LCA,St. Lucia,2004,1066666666.6666666
LCA,St. Lucia,2005,1135555555.5555556
LCA,St. Lucia,2006,1268319185.1851852
LCA,St. Lucia,2007,1336088814.8148148
LCA,St. Lucia,2008,1437731111.111111
LCA,St. Lucia,2009,1401507888.8888888
LCA,St. Lucia,2010,1482385185.1851852
LCA,St. Lucia,2011,1568370370.3703704
LCA,St. Lucia,2012,1598207407.4074073
LCA,St. Lucia,2013,1660222222.222222
LCA,St. Lucia,2014,1749185185.185185
LCA,St. Lucia,2015,1807640740.7407405
LCA,St. Lucia,2016,1868544444.4444444
LCA,St. Lucia,2017,1998503703.7037036
LCA,St. Lucia,2018,2060955555.5555553
LCA,St. Lucia,2019,2092081549.0244443
LCA,St. Lucia,2020,1497825994.2322073
LCA,St. Lucia,2021,1834796401.6326072
LCA,St. Lucia,2022,2343703788.173233
LCA,St. Lucia,2023,2519925938.5244665
MAF,St. Martin (French part),2011,775875748.5238317
MAF,St. Martin (French part),2014,772921958.5295087
MAF,St. Martin (French part),2019,652206037.1038738
MAF,St. Martin (French part),2021,649206262.8475188
VCT,St. Vincent and the Grenadines,2000,427946037.037037
VCT,St. Vincent and the Grenadines,2001,462072333.3333333
VCT,St. Vincent and the Grenadines,2002,487763851.8518518
VCT,St. Vincent and the Grenadines,2003,509090888.88888884
VCT,St. Vincent and the Grenadines,2004,549900185.1851852
VCT,St. Vincent and the Grenadines,2005,579948925.9259259
VCT,St. Vincent and the Grenadines,2006,643501148.1481481
VCT,St. Vincent and the Grenadines,2007,713596666.6666666
VCT,St. Vincent and the Grenadines,2008,732663259.2592592
VCT,St. Vincent and the Grenadines,2009,714300259.2592592
VCT,St. Vincent and the Grenadines,2010,720447888.8888888
VCT,St. Vincent and the Grenadines,2011,713796370.3703703
VCT,St. Vincent and the Grenadines,2012,730032592.5925926
VCT,St. Vincent and the Grenadines,2013,764781259.2592592
VCT,St. Vincent and the Grenadines,2014,770899999.9999999
VCT,St. Vincent and the Grenadines,2015,786555555.5555555
VCT,St. Vincent and the Grenadines,2016,814303703.7037036
VCT,St. Vincent and the Grenadines,2017,844040740.7407407
VCT,St. Vincent and the Grenadines,2018,884329629.6296296
VCT,St. Vincent and the Grenadines,2019,910766666.6666666
VCT,St. Vincent and the Grenadines,2020,869111111.111111
VCT,St. Vincent and the Grenadines,2021,872225925.9259259
VCT,St. Vincent and the Grenadines,2022,966492592.5925925
VCT,St. Vincent and the Grenadines,2023,1065962962.9629629
SSF,Sub-Saharan Africa,2000,428346156747.9901
SSF,Sub-Saharan Africa,2001,409772900328.9537
SSF,Sub-Saharan Africa,2002,446110426619.53735
SSF,Sub-Saharan Africa,2003,561821496869.8468
SSF,Sub-Saharan Africa,2004,697688286597.4877
SSF,Sub-Saharan Africa,2005,827932293880.6796
SSF,Sub-Saharan Africa,2006,976583731601.0428
SSF,Sub-Saharan Africa,2007,1130543907099.9294
SSF,Sub-Saharan Africa,2008,1281440068651.6223
SSF,Sub-Saharan Africa,2009,1224037905752.3674
SSF,Sub-Saharan Africa,2010,1448107365068.663
SSF,Sub-Saharan Africa,2011,1627672472377.656
SSF,Sub-Saharan Africa,2012,1690475240154.75
SSF,Sub-Saharan Africa,2013,1797507885741.0713
SSF,Sub-Saharan Africa,2014,1874275100667.0283
SSF,Sub-Saharan Africa,2015,1668662993704.6562
SSF,Sub-Saharan Africa,2016,1522011045162.7808
SSF,Sub-Saharan Africa,2017,1625855640496.8096
SSF,Sub-Saharan Africa,2018,1780908927291.3445
SSF,Sub-Saharan Africa,2019,1830460925279.602
SSF,Sub-Saharan Africa,2020,1716220805506.514
SSF,Sub-Saharan Africa,2021,1932765211586.671
SSF,Sub-Saharan Africa,2022,2061102939319.2314
SSF,Sub-Saharan Africa,2023,2032749202553.06
TSS,Sub-Saharan Africa (IDA & IBRD countries),2000,428346156747.9902
TSS,Sub-Saharan Africa (IDA & IBRD countries),2001,409772900328.95374
TSS,Sub-Saharan Africa (IDA & IBRD countries),2002,446110426619.5375
TSS,Sub-Saharan Africa (IDA & IBRD countries),2003,561821496869.8468
TSS,Sub-Saharan Africa (IDA & IBRD countries),2004,697688286597.4875
TSS,Sub-Saharan Africa (IDA & IBRD countries),2005,827932293880.679
TSS,Sub-Saharan Africa (IDA & IBRD countries),2006,976583731601.0426
TSS,Sub-Saharan Africa (IDA & IBRD countries),2007,1130543907099.9292
TSS,Sub-Saharan Africa (IDA & IBRD countries),2008,1281440068651.6223
TSS,Sub-Saharan Africa (IDA & IBRD countries),2009,1224037905752.367
TSS,Sub-Saharan Africa (IDA & IBRD countries),2010,1448107365068.6628
TSS,Sub-Saharan Africa (IDA & IBRD countries),2011,1627672472377.655
TSS,Sub-Saharan Africa (IDA & IBRD countries),2012,1690475240154.749
TSS,Sub-Saharan Africa (IDA & IBRD countries),2013,1797507885741.0718
TSS,Sub-Saharan Africa (IDA & IBRD countries),2014,1874275100667.0278
TSS,Sub-Saharan Africa (IDA & IBRD countries),2015,1668662993704.6562
TSS,Sub-Saharan Africa (IDA & IBRD countries),2016,1522011045162.7805
TSS,Sub-Saharan Africa (IDA & IBRD countries),2017,1625855640496.8093
TSS,Sub-Saharan Africa (IDA & IBRD countries),2018,1780908927291.344
TSS,Sub-Saharan Africa (IDA & IBRD countries),2019,1830460925279.6018
TSS,Sub-Saharan Africa (IDA & IBRD countries),2020,1716220805506.5142
TSS,Sub-Saharan Africa (IDA & IBRD countries),2021,1932765211586.671
TSS,Sub-Saharan Africa (IDA & IBRD countries),2022,2061102939319.2312
TSS,Sub-Saharan Africa (IDA & IBRD countries),2023,2032749202553.0596
SSA,Sub-Saharan Africa (excluding high income),2000,427688179170.8961
SSA,Sub-Saharan Africa (excluding high income),2001,409106816914.19574
SSA,Sub-Saharan Africa (excluding high income),2002,445363669974.5061
SSA,Sub-Saharan Africa (excluding high income),2003,561066946684.4644
SSA,Sub-Saharan Africa (excluding high income),2004,696791130087.6636
SSA,Sub-Saharan Africa (excluding high income),2005,826950419336.0995
SSA,Sub-Saharan Africa (excluding high income),2006,975498431473.4788
SSA,Sub-Saharan Africa (excluding high income),2007,1129464143218.9048
SSA,Sub-Saharan Africa (excluding high income),2008,1280460471257.3284
SSA,Sub-Saharan Africa (excluding high income),2009,1223187004131.9338
SSA,Sub-Saharan Africa (excluding high income),2010,1447125748526.3345
SSA,Sub-Saharan Africa (excluding high income),2011,1626613553670.3948
SSA,Sub-Saharan Africa (excluding high income),2012,1689385832315.5527
SSA,Sub-Saharan Africa (excluding high income),2013,1796174725333.6858
SSA,Sub-Saharan Africa (excluding high income),2014,1872887522796.9465
SSA,Sub-Saharan Africa (excluding high income),2015,1667230590352.5269
SSA,Sub-Saharan Africa (excluding high income),2016,1520442531814.6357
SSA,Sub-Saharan Africa (excluding high income),2017,1624180269855.7954
SSA,Sub-Saharan Africa (excluding high income),2018,1779124613364.5764
SSA,Sub-Saharan Africa (excluding high income),2019,1828592235182.8677
SSA,Sub-Saharan Africa (excluding high income),2020,1714838253754.9446
SSA,Sub-Saharan Africa (excluding high income),2021,1931278037791.8655
SSA,Sub-Saharan Africa (excluding high income),2022,2059044970799.4006
SSA,Sub-Saharan Africa (excluding high income),2023,2030607752381.9211
SDN,Sudan,2000,12257299147.293604
SDN,Sudan,2001,15716361792.192642
SDN,Sudan,2002,18137128388.360603
SDN,Sudan,2003,21355298459.595512
SDN,Sudan,2004,26646007250.731857
SDN,Sudan,2005,35182711987.974014
SDN,Sudan,2006,45263831634.1497
SDN,Sudan,2007,59440139774.81277
SDN,Sudan,2008,64833083257.1431
SDN,Sudan,2009,51621044076.92307
SDN,Sudan,2010,58962978034.48276
SDN,Sudan,2011,55018567210.52632
SDN,Sudan,2012,37632919966.666664
SDN,Sudan,2013,43024018082.19178
SDN,Sudan,2014,49516748617.97752
SDN,Sudan,2015,51726758676.76768
SDN,Sudan,2016,42630376000.0
SDN,Sudan,2017,41283617976.190475
SDN,Sudan,2018,32333780383.29238
SDN,Sudan,2019,32338079165.289257
SDN,Sudan,2020,27034593750.0
SDN,Sudan,2021,34229513774.993607
SDN,Sudan,2022,51666875363.0963
SDN,Sudan,2023,109327023588.73239
SUR,Suriname,2000,947671969.6969696
SUR,Suriname,2001,834279357.7981651
SUR,Suriname,2002,1093574468.0851064
SUR,Suriname,2003,1274190311.4186852
SUR,Suriname,2004,1484092538.405267
SUR,Suriname,2005,1793410397.387383
SUR,Suriname,2006,2626380435.178773
SUR,Suriname,2007,2936612021.8579235
SUR,Suriname,2008,3532969034.608379
SUR,Suriname,2009,3875409836.0655737
SUR,Suriname,2010,4368370997.921263
SUR,Suriname,2011,4422276621.787026
SUR,Suriname,2012,4980000000.0
SUR,Suriname,2013,5145757575.757576
SUR,Suriname,2014,5240606060.606061
SUR,Suriname,2015,5126237646.220717
SUR,Suriname,2016,3317421648.0991807
SUR,Suriname,2017,3591679430.999881
SUR,Suriname,2018,3996198866.574535
SUR,Suriname,2019,4016040575.0879593
SUR,Suriname,2020,2911807496.2022653
SUR,Suriname,2021,3081401725.888325
SUR,Suriname,2022,3620987993.326366
SUR,Suriname,2023,3782437296.0432286
SWE,Sweden,2000,262835454366.8551
SWE,Sweden,2001,242395852494.409
SWE,Sweden,2002,266849061835.6595
SWE,Sweden,2003,334337212322.0756
SWE,Sweden,2004,385118044877.46466
SWE,Sweden,2005,392218088878.77856
SWE,Sweden,2006,423093437423.7619
SWE,Sweden,2007,491252589217.02075
SWE,Sweden,2008,517706149201.19556
SWE,Sweden,2009,436537014293.5535
SWE,Sweden,2010,495812558843.31036
SWE,Sweden,2011,574094112972.7327
SWE,Sweden,2012,552483727282.8025
SWE,Sweden,2013,586841821796.8911
SWE,Sweden,2014,581964017237.0946
SWE,Sweden,2015,505103781349.7569
SWE,Sweden,2016,515654671469.54694
SWE,Sweden,2017,541018749769.0971
SWE,Sweden,2018,555455371487.0894
SWE,Sweden,2019,533879529188.45374
SWE,Sweden,2020,547054174235.87585
SWE,Sweden,2021,639714956069.4681
SWE,Sweden,2022,590409594949.1022
SWE,Sweden,2023,593267701033.4082
CHE,Switzerland,2000,279216033870.2037
CHE,Switzerland,2001,286582672434.22614
CHE,Switzerland,2002,309301422430.3862
CHE,Switzerland,2003,362075086507.7597
CHE,Switzerland,2004,403912891033.37354
CHE,Switzerland,2005,418284865884.99835
CHE,Switzerland,2006,441634672196.5226
CHE,Switzerland,2007,490740715594.80176
CHE,Switzerland,2008,567267767519.158
CHE,Switzerland,2009,554212916092.2709
CHE,Switzerland,2010,598851028906.5803
CHE,Switzerland,2011,715888126682.3959
CHE,Switzerland,2012,686420221557.9899
CHE,Switzerland,2013,706234937370.9675
CHE,Switzerland,2014,726537808338.0005
CHE,Switzerland,2015,694118186379.6278
CHE,Switzerland,2016,687895460902.7133
CHE,Switzerland,2017,695200833086.4989
CHE,Switzerland,2018,725568717468.0009
CHE,Switzerland,2019,721369112726.7239
CHE,Switzerland,2020,741999406005.6272
CHE,Switzerland,2021,813408787222.4987
CHE,Switzerland,2022,818426550206.4498
CHE,Switzerland,2023,884940402230.4088
SYR,Syrian Arab Republic,2000,18937052543.4373
SYR,Syrian Arab Republic,2001,20237024724.703926
SYR,Syrian Arab Republic,2002,20669357462.383083
SYR,Syrian Arab Republic,2003,21828144686.03942
SYR,Syrian Arab Republic,2004,25086950495.049503
SYR,Syrian Arab Republic,2005,28858965517.24138
SYR,Syrian Arab Republic,2006,33751788856.304985
SYR,Syrian Arab Republic,2007,40465318382.05847
SYR,Syrian Arab Republic,2008,52557913192.8669
SYR,Syrian Arab Republic,2009,54111735241.541405
SYR,Syrian Arab Republic,2010,61390831317.86349
SYR,Syrian Arab Republic,2011,67539427670.99577
SYR,Syrian Arab Republic,2012,43190317724.70877
SYR,Syrian Arab Republic,2013,21361254647.99036
SYR,Syrian Arab Republic,2014,21502061462.21215
SYR,Syrian Arab Republic,2015,16466863097.212492
SYR,Syrian Arab Republic,2016,12597854884.462017
SYR,Syrian Arab Republic,2017,16369843341.386547
SYR,Syrian Arab Republic,2018,21497782880.748817
SYR,Syrian Arab Republic,2019,22583045052.559994
SYR,Syrian Arab Republic,2020,11155888304.002296
SYR,Syrian Arab Republic,2021,8980060818.721447
TJK,Tajikistan,2000,860541842.2636966
TJK,Tajikistan,2001,1080772551.2943304
TJK,Tajikistan,2002,1221106220.2867951
TJK,Tajikistan,2003,1555318261.4172034
TJK,Tajikistan,2004,2076176869.4108884
TJK,Tajikistan,2005,2312352020.668896
TJK,Tajikistan,2006,2830213848.620304
TJK,Tajikistan,2007,3719524540.86193
TJK,Tajikistan,2008,5161299725.276728
TJK,Tajikistan,2009,4979472364.453397
TJK,Tajikistan,2010,5642221099.177043
TJK,Tajikistan,2011,6522756255.012003
TJK,Tajikistan,2012,7633036903.076341
TJK,Tajikistan,2013,8448411318.254166
TJK,Tajikistan,2014,9112605459.328451
TJK,Tajikistan,2015,8271431485.0748415
TJK,Tajikistan,2016,6992416096.890184
TJK,Tajikistan,2017,7536402852.858016
TJK,Tajikistan,2018,7764999999.453624
TJK,Tajikistan,2019,8300813599.3084
TJK,Tajikistan,2020,8133963550.657425
TJK,Tajikistan,2021,8937805347.13963
TJK,Tajikistan,2022,10713525200.39978
TJK,Tajikistan,2023,12060602008.847782
TZA,Tanzania,2000,13371767081.742813
TZA,Tanzania,2001,13563990022.364098
TZA,Tanzania,2002,14129651895.691141
TZA,Tanzania,2003,15211487708.76844
TZA,Tanzania,2004,16673062473.398092
TZA,Tanzania,2005,18395383647.497456
TZA,Tanzania,2006,18619859795.285236
TZA,Tanzania,2007,21860434823.480766
TZA,Tanzania,2008,27947821397.927227
TZA,Tanzania,2009,29400573553.60746
TZA,Tanzania,2010,32012892919.369995
TZA,Tanzania,2011,34657140096.4836
TZA,Tanzania,2012,39650394362.92873
TZA,Tanzania,2013,45648857242.314995
TZA,Tanzania,2014,49986726460.68049
TZA,Tanzania,2015,47413919817.12405
TZA,Tanzania,2016,49774409374.453766
TZA,Tanzania,2017,53274884532.78861
TZA,Tanzania,2018,57003712892.08581
TZA,Tanzania,2019,61026731925.92128
TZA,Tanzania,2020,66068737786.06392
TZA,Tanzania,2021,70655628147.89859
TZA,Tanzania,2022,75769974505.01057
TZA,Tanzania,2023,79158286333.52399
THA,Thailand,2000,126392224253.79382
THA,Thailand,2001,120296476180.40192
THA,Thailand,2002,134300904400.02177
THA,Thailand,2003,152280615245.88742
THA,Thailand,2004,172895685154.65817
THA,Thailand,2005,189318408468.5952
THA,Thailand,2006,221758296021.62064
THA,Thailand,2007,262942621455.05292
THA,Thailand,2008,291382982430.9515
THA,Thailand,2009,281710630187.3191
THA,Thailand,2010,341104766329.1696
THA,Thailand,2011,370818739623.62195
THA,Thailand,2012,397558325278.5791
THA,Thailand,2013,420333654592.54706
THA,Thailand,2014,407339040197.65125
THA,Thailand,2015,401296238228.0839
THA,Thailand,2016,413366349747.5081
THA,Thailand,2017,456356813536.7637
THA,Thailand,2018,506754208404.4847
THA,Thailand,2019,543976691793.88586
THA,Thailand,2020,500461898480.24554
THA,Thailand,2021,506256494297.33966
THA,Thailand,2022,495645210972.7507
THA,Thailand,2023,514944993833.5776
TLS,Timor-Leste,2000,366924300.0
TLS,Timor-Leste,2001,477443500.0
TLS,Timor-Leste,2002,469455500.0
TLS,Timor-Leste,2003,490439100.0
TLS,Timor-Leste,2004,440772000.0
TLS,Timor-Leste,2005,462268000.0
TLS,Timor-Leste,2006,453792400.0
TLS,Timor-Leste,2007,542795400.0
TLS,Timor-Leste,2008,648523600.0
TLS,Timor-Leste,2009,726937800.0
TLS,Timor-Leste,2010,881909300.0
TLS,Timor-Leste,2011,1042534600.0
TLS,Timor-Leste,2012,1160555000.0
TLS,Timor-Leste,2013,1395727400.0
TLS,Timor-Leste,2014,1447535200.0
TLS,Timor-Leste,2015,1595205100.0
TLS,Timor-Leste,2016,1652603700.0
TLS,Timor-Leste,2017,1598208400.0
TLS,Timor-Leste,2018,1566157200.0
TLS,Timor-Leste,2019,2027034000.0
TLS,Timor-Leste,2020,2162619200.0
TLS,Timor-Leste,2021,3621958000.0
TLS,Timor-Leste,2022,3204753000.0
TLS,Timor-Leste,2023,2243142908.4616103
TGO,Togo,2000,2106848752.2546792
TGO,Togo,2001,2093498674.4431212
TGO,Togo,2002,2410199032.4326053
TGO,Togo,2003,2987984050.9418645
TGO,Togo,2004,3191561508.734136
TGO,Togo,2005,3221910408.4300694
TGO,Togo,2006,3320907721.810947
TGO,Togo,2007,3759964943.4056797
TGO,Togo,2008,4578849658.060658
TGO,Togo,2009,4721890900.138889
TGO,Togo,2010,4746389531.713688
TGO,Togo,2011,5422442166.4106245
TGO,Togo,2012,5413544658.504504
TGO,Togo,2013,6021732977.268109
TGO,Togo,2014,6393318261.860072
TGO,Togo,2015,5755461035.443332
TGO,Togo,2016,6071170959.120933
TGO,Togo,2017,6387422517.692251
TGO,Togo,2018,7029300383.080308
TGO,Togo,2019,6992700101.371879
TGO,Togo,2020,7400284167.784795
TGO,Togo,2021,8342243645.944384
TGO,Togo,2022,8169476148.956921
TGO,Togo,2023,9171261835.062641
TON,Tonga,2000,204848487.80648512
TON,Tonga,2001,181117230.40654567
TON,Tonga,2002,182764280.8285007
TON,Tonga,2003,202246591.2155022
TON,Tonga,2004,230657627.23132342
TON,Tonga,2005,261803684.24175352
TON,Tonga,2006,292230662.3990124
TON,Tonga,2007,298519024.14082026
TON,Tonga,2008,344436582.0757636
TON,Tonga,2009,312377678.8394101
TON,Tonga,2010,366832215.1895781
TON,Tonga,2011,414533117.6922989
TON,Tonga,2012,470705196.4326592
TON,Tonga,2013,450650633.0413497
TON,Tonga,2014,439877614.41920644
TON,Tonga,2015,437003078.563584
TON,Tonga,2016,420548712.43328804
TON,Tonga,2017,460374354.8472466
TON,Tonga,2018,488906838.5948662
TON,Tonga,2019,512053692.0786754
TON,Tonga,2020,484796854.9187562
TON,Tonga,2021,469228219.6657909
TON,Tonga,2022,500274898.08522147
TTO,Trinidad and Tobago,2000,8154338232.959776
TTO,Trinidad and Tobago,2001,8824873259.321054
TTO,Trinidad and Tobago,2002,9008273720.933954
TTO,Trinidad and Tobago,2003,11305459802.068275
TTO,Trinidad and Tobago,2004,13280275123.035402
TTO,Trinidad and Tobago,2005,15982282462.378565
TTO,Trinidad and Tobago,2006,18369361094.388645
TTO,Trinidad and Tobago,2007,21641620049.93521
TTO,Trinidad and Tobago,2008,27871587349.541267
TTO,Trinidad and Tobago,2009,19172165225.50151
TTO,Trinidad and Tobago,2010,22157948396.20422
TTO,Trinidad and Tobago,2011,25433011405.30167
TTO,Trinidad and Tobago,2012,27334581560.283688
TTO,Trinidad and Tobago,2013,28709988700.2142
TTO,Trinidad and Tobago,2014,29699968760.72777
TTO,Trinidad and Tobago,2015,27026080986.578022
TTO,Trinidad and Tobago,2016,23713671528.142097
TTO,Trinidad and Tobago,2017,24040299977.874477
TTO,Trinidad and Tobago,2018,24569079488.391327
TTO,Trinidad and Tobago,2019,23775754304.665176
TTO,Trinidad and Tobago,2020,20807571314.304337
TTO,Trinidad and Tobago,2021,24496505940.66731
TTO,Trinidad and Tobago,2022,30053575132.141956
TTO,Trinidad and Tobago,2023,28139944790.291103
TUN,Tunisia,2000,21473528160.778236
TUN,Tunisia,2001,22065832448.86228
TUN,Tunisia,2002,23141616604.524197
TUN,Tunisia,2003,27453902261.462925
TUN,Tunisia,2004,31183885241.439552
TUN,Tunisia,2005,32272186694.80428
TUN,Tunisia,2006,34376664600.589775
TUN,Tunisia,2007,38915353866.75699
TUN,Tunisia,2008,44859439902.21906
TUN,Tunisia,2009,43455740497.30611
TUN,Tunisia,2010,46206091937.96283
TUN,Tunisia,2011,48123325825.07389
TUN,Tunisia,2012,47311401812.67335
TUN,Tunisia,2013,48685446413.95297
TUN,Tunisia,2014,50271812920.612015
TUN,Tunisia,2015,45779494041.92953
TUN,Tunisia,2016,44360072680.44765
TUN,Tunisia,2017,42163530590.9462
TUN,Tunisia,2018,42686580020.83218
TUN,Tunisia,2019,41905540184.42405
TUN,Tunisia,2020,42491816475.71184
TUN,Tunisia,2021,46812290143.34397
TUN,Tunisia,2022,44579761022.899284
TUN,Tunisia,2023,48529595416.65326
TUR,Turkiye,2000,274294623164.04333
TUR,Turkiye,2001,201753123806.69525
TUR,Turkiye,2002,240249071871.10626
TUR,Turkiye,2003,314595572145.76733
TUR,Turkiye,2004,408865430220.331
TUR,Turkiye,2005,506314717661.65546
TUR,Turkiye,2006,557076157773.4795
TUR,Turkiye,2007,681321124295.9143
TUR,Turkiye,2008,770449132861.373
TUR,Turkiye,2009,649289324627.7323
TUR,Turkiye,2010,776967266305.5303
TUR,Turkiye,2011,838785289694.35
TUR,Turkiye,2012,880555885492.2687
TUR,Turkiye,2013,957799120008.3204
TUR,Turkiye,2014,938934609296.9657
TUR,Turkiye,2015,864313810469.0094
TUR,Turkiye,2016,869682881593.0414
TUR,Turkiye,2017,858988492853.742
TUR,Turkiye,2018,778972199727.8585
TUR,Turkiye,2019,761005946788.2214
TUR,Turkiye,2020,720338498174.7438
TUR,Turkiye,2021,819865253669.6614
TUR,Turkiye,2022,907118435952.6879
TUR,Turkiye,2023,1108022373259.511
TKM,Turkmenistan,2000,2904663310.9824967
TKM,Turkmenistan,2001,3534772732.3974595
TKM,Turkmenistan,2002,4462029108.723494
TKM,Turkmenistan,2003,5977440582.801714
TKM,Turkmenistan,2004,6838351088.466884
TKM,Turkmenistan,2005,8103901996.370235
TKM,Turkmenistan,2006,10276674364.896074
TKM,Turkmenistan,2007,12664165103.189493
TKM,Turkmenistan,2008,19271523178.807945
TKM,Turkmenistan,2009,20214385964.91228
TKM,Turkmenistan,2010,22583157894.736843
TKM,Turkmenistan,2011,29233333333.333332
TKM,Turkmenistan,2012,35164210526.31579
TKM,Turkmenistan,2013,39197543859.649124
TKM,Turkmenistan,2014,43524210526.31579
TKM,Turkmenistan,2015,35799714285.71429
TKM,Turkmenistan,2016,36169428571.42857
TKM,Turkmenistan,2017,37926285714.28571
TKM,Turkmenistan,2018,40765428571.42857
TKM,Turkmenistan,2019,45232857142.85714
TKM,Turkmenistan,2020,45818000000.0
TKM,Turkmenistan,2021,50007428571.42857
TKM,Turkmenistan,2022,56542857142.85714
TKM,Turkmenistan,2023,59887334844.06514
TCA,Turks and Caicos Islands,2001,358744800.0
TCA,Turks and Caicos Islands,2002,366707900.0
TCA,Turks and Caicos Islands,2003,409753600.0
TCA,Turks and Caicos Islands,2004,485598800.0
TCA,Turks and Caicos Islands,2005,578645800.0
TCA,Turks and Caicos Islands,2006,721891500.0
TCA,Turks and Caicos Islands,2007,773489700.0
TCA,Turks and Caicos Islands,2008,862683600.0
TCA,Turks and Caicos Islands,2009,703175800.0
TCA,Turks and Caicos Islands,2010,686787800.0
TCA,Turks and Caicos Islands,2011,728789600.0
TCA,Turks and Caicos Islands,2012,727161000.0
TCA,Turks and Caicos Islands,2013,754238000.0
TCA,Turks and Caicos Islands,2014,841070000.0
TCA,Turks and Caicos Islands,2015,942070000.0
TCA,Turks and Caicos Islands,2016,1032452000.0
TCA,Turks and Caicos Islands,2017,1028941663.2
TCA,Turks and Caicos Islands,2018,1128749004.5304
TCA,Turks and Caicos Islands,2019,1177285211.72521
TCA,Turks and Caicos Islands,2020,774653669.315186
TCA,Turks and Caicos Islands,2021,1045782453.5755001
TCA,Turks and Caicos Islands,2022,1228794382.95121
TCA,Turks and Caicos Islands,2023,1402054390.94734
TUV,Tuvalu,2000,15073975.534937706
TUV,Tuvalu,2001,13964732.327114027
TUV,Tuvalu,2002,16842672.59528742
TUV,Tuvalu,2003,19456338.031822786
TUV,Tuvalu,2004,22798274.979555093
TUV,Tuvalu,2005,22909979.81630778
TUV,Tuvalu,2006,24096875.463582467
TUV,Tuvalu,2007,28450168.692764957
TUV,Tuvalu,2008,31874434.857881963
TUV,Tuvalu,2009,28076983.9703819
TUV,Tuvalu,2010,32105408.47711205
TUV,Tuvalu,2011,39196957.4908996
TUV,Tuvalu,2012,39345579.47237578
TUV,Tuvalu,2013,38615890.63207455
TUV,Tuvalu,2014,38760982.65400955
TUV,Tuvalu,2015,36811936.082458735
TUV,Tuvalu,2016,41629064.22323883
TUV,Tuvalu,2017,45276595.353314556
TUV,Tuvalu,2018,48015259.87513561
TUV,Tuvalu,2019,54123198.5662913
TUV,Tuvalu,2020,51746594.31485426
TUV,Tuvalu,2021,60196405.71383929
TUV,Tuvalu,2022,59065982.08736571
TUV,Tuvalu,2023,62280311.585217156
UGA,Uganda,2000,6193246837.096873
UGA,Uganda,2001,5840503868.515731
UGA,Uganda,2002,6178563591.120514
UGA,Uganda,2003,6606884275.23087
UGA,Uganda,2004,7939487547.773837
UGA,Uganda,2005,9239221763.057926
UGA,Uganda,2006,9977647682.969542
UGA,Uganda,2007,11902564494.883343
UGA,Uganda,2008,14440404132.204687
UGA,Uganda,2009,25127805566.658375
UGA,Uganda,2010,26673441430.785694
UGA,Uganda,2011,27871725241.4723
UGA,Uganda,2012,27305915910.78771
UGA,Uganda,2013,28915786516.61233
UGA,Uganda,2014,32612397257.44579
UGA,Uganda,2015,32387183730.10015
UGA,Uganda,2016,29203988696.262615
UGA,Uganda,2017,30744473841.42399
UGA,Uganda,2018,32927025619.679546
UGA,Uganda,2019,35348155095.421455
UGA,Uganda,2020,37600368239.882416
UGA,Uganda,2021,40529788744.05949
UGA,Uganda,2022,45565333216.414154
UGA,Uganda,2023,49272882213.623
UKR,Ukraine,2000,32375083934.824116
UKR,Ukraine,2001,39309580983.228165
UKR,Ukraine,2002,43956163612.043274
UKR,Ukraine,2003,52010355753.04612
UKR,Ukraine,2004,67220154164.316605
UKR,Ukraine,2005,89238865118.52626
UKR,Ukraine,2006,111884752475.24753
UKR,Ukraine,2007,148733861386.1386
UKR,Ukraine,2008,188110390659.51477
UKR,Ukraine,2009,121552153444.12442
UKR,Ukraine,2010,141209170427.2334
UKR,Ukraine,2011,169333835201.5541
UKR,Ukraine,2012,182591753827.94882
UKR,Ukraine,2013,190498811460.02753
UKR,Ukraine,2014,133503871861.7233
UKR,Ukraine,2015,91030967789.07175
UKR,Ukraine,2016,93355869403.92232
UKR,Ukraine,2017,112090505081.73862
UKR,Ukraine,2018,130891088293.54999
UKR,Ukraine,2019,153883047509.57697
UKR,Ukraine,2020,156617722013.3422
UKR,Ukraine,2021,199765859570.9353
UKR,Ukraine,2022,161989520721.1905
UKR,Ukraine,2023,178757021386.80896
ARE,United Arab Emirates,2000,104337372362.15112
ARE,United Arab Emirates,2001,103311640571.81757
ARE,United Arab Emirates,2002,109816201497.61743
ARE,United Arab Emirates,2003,124346358066.71205
ARE,United Arab Emirates,2004,147824370319.94556
ARE,United Arab Emirates,2005,180617467964.60178
ARE,United Arab Emirates,2006,222116541865.21445
ARE,United Arab Emirates,2007,257916133424.09802
ARE,United Arab Emirates,2008,315474615738.5977
ARE,United Arab Emirates,2009,253547358747.44727
ARE,United Arab Emirates,2010,300189052688.90405
ARE,United Arab Emirates,2011,360832739550.7148
ARE,United Arab Emirates,2012,384610125391.4227
ARE,United Arab Emirates,2013,400218529748.128
ARE,United Arab Emirates,2014,414105366752.8931
ARE,United Arab Emirates,2015,370275469571.13684
ARE,United Arab Emirates,2016,369255326235.53436
ARE,United Arab Emirates,2017,390516804029.95233
ARE,United Arab Emirates,2018,427049432157.9306
ARE,United Arab Emirates,2019,417989721742.6821
ARE,United Arab Emirates,2020,349473015330.15656
ARE,United Arab Emirates,2021,415178792756.97754
ARE,United Arab Emirates,2022,507063968277.74
ARE,United Arab Emirates,2023,504173451327.43365
GBR,United Kingdom,2000,1665534876683.3105
GBR,United Kingdom,2001,1649827263567.0073
GBR,United Kingdom,2002,1785729916067.1462
GBR,United Kingdom,2003,2054422857142.857
GBR,United Kingdom,2004,2421525082387.404
GBR,United Kingdom,2005,2543180000000.0
GBR,United Kingdom,2006,2708441582336.7065
GBR,United Kingdom,2007,3090510204081.6323
GBR,United Kingdom,2008,2929411764705.8823
GBR,United Kingdom,2009,2412840006231.5
GBR,United Kingdom,2010,2485482596184.7095
GBR,United Kingdom,2011,2663805834828.0723
GBR,United Kingdom,2012,2707089726614.636
GBR,United Kingdom,2013,2784853502534.292
GBR,United Kingdom,2014,3064708247921.4277
GBR,United Kingdom,2015,2927911140916.7314
GBR,United Kingdom,2016,2689106566899.611
GBR,United Kingdom,2017,2680148052335.299
GBR,United Kingdom,2018,2871340347581.7856
GBR,United Kingdom,2019,2851407164907.808
GBR,United Kingdom,2020,2697806592293.8604
GBR,United Kingdom,2021,3141506156618.7026
GBR,United Kingdom,2022,3088839763445.0234
GBR,United Kingdom,2023,3340032380668.0356
USA,United States,2000,10250952000000.0
USA,United States,2001,10581929000000.0
USA,United States,2002,10929108000000.0
USA,United States,2003,11456450000000.0
USA,United States,2004,12217196000000.0
USA,United States,2005,13039197000000.0
USA,United States,2006,13815583000000.0
USA,United States,2007,14474228000000.0
USA,United States,2008,14769862000000.0
USA,United States,2009,14478067000000.0
USA,United States,2010,15048971000000.0
USA,United States,2011,15599732000000.0
USA,United States,2012,16253970000000.0
USA,United States,2013,16880683000000.0
USA,United States,2014,17608138000000.0
USA,United States,2015,18295019000000.0
USA,United States,2016,18804913000000.0
USA,United States,2017,19612102000000.0
USA,United States,2018,20656516000000.0
USA,United States,2019,21521395000000.0
USA,United States,2020,21322950000000.0
USA,United States,2021,23594031000000.0
USA,United States,2022,25744108000000.0
USA,United States,2023,27360935000000.0
UMC,Upper middle income,2000,4372322368009.9097
UMC,Upper middle income,2001,4374275436517.7417
UMC,Upper middle income,2002,4406150082412.212
UMC,Upper middle income,2003,4912292057325.603
UMC,Upper middle income,2004,5795163605374.284
UMC,Upper middle income,2005,6887893992464.026
UMC,Upper middle income,2006,8120870119143.412
UMC,Upper middle income,2007,9979459027920.7
UMC,Upper middle income,2008,12067662380054.367
UMC,Upper middle income,2009,11970996675669.037
UMC,Upper middle income,2010,14630255984971.008
UMC,Upper middle income,2011,17496066354586.074
UMC,Upper middle income,2012,18674953139164.668
UMC,Upper middle income,2013,19833760666069.465
UMC,Upper middle income,2014,20590348415303.805
UMC,Upper middle income,2015,19827996310186.027
UMC,Upper middle income,2016,19905034053844.01
UMC,Upper middle income,2017,21837271216675.94
UMC,Upper middle income,2018,23304307154243.176
UMC,Upper middle income,2019,23700366929893.363
UMC,Upper middle income,2020,22969949394569.816
UMC,Upper middle income,2021,27373038582479.29
UMC,Upper middle income,2022,28567593041349.32
UMC,Upper middle income,2023,29403677430761.273
URY,Uruguay,2000,22823270892.10942
URY,Uruguay,2001,20898761742.238617
URY,Uruguay,2002,13606515722.586388
URY,Uruguay,2003,12045638351.85074
URY,Uruguay,2004,13686329890.119078
URY,Uruguay,2005,17362857683.85447
URY,Uruguay,2006,19741420739.890133
URY,Uruguay,2007,23797773024.39923
URY,Uruguay,2008,31119602538.832172
URY,Uruguay,2009,32708319077.517914
URY,Uruguay,2010,41950361211.95806
URY,Uruguay,2011,50342406067.07767
URY,Uruguay,2012,54232266358.781075
URY,Uruguay,2013,61337621933.78566
URY,Uruguay,2014,61496186973.90199
URY,Uruguay,2015,57680327998.668884
URY,Uruguay,2016,57480788380.31204
URY,Uruguay,2017,65006047680.322495
URY,Uruguay,2018,65344408987.196465
URY,Uruguay,2019,62222387928.99324
URY,Uruguay,2020,53668636567.86667
URY,Uruguay,2021,60760798595.54362
URY,Uruguay,2022,70164683290.37762
URY,Uruguay,2023,77240831587.16696
UZB,Uzbekistan,2000,13760513969.314003
UZB,Uzbekistan,2001,11401421329.197435
UZB,Uzbekistan,2002,9687788512.801842
UZB,Uzbekistan,2003,10134453435.46029
UZB,Uzbekistan,2004,12030023547.88069
UZB,Uzbekistan,2005,14307509838.805326
UZB,Uzbekistan,2006,17330833852.918976
UZB,Uzbekistan,2007,22311393927.88172
UZB,Uzbekistan,2008,29549438883.83379
UZB,Uzbekistan,2009,33689223673.257736
UZB,Uzbekistan,2010,49765676402.449455
UZB,Uzbekistan,2011,60178909297.20801
UZB,Uzbekistan,2012,67517349212.06092
UZB,Uzbekistan,2013,73180037914.91043
UZB,Uzbekistan,2014,80845385809.45294
UZB,Uzbekistan,2015,86196264755.31053
UZB,Uzbekistan,2016,86138288644.17099
UZB,Uzbekistan,2017,62081322740.01623
UZB,Uzbekistan,2018,52870108214.67422
UZB,Uzbekistan,2019,60283503705.39067
UZB,Uzbekistan,2020,60224701296.78847
UZB,Uzbekistan,2021,69600614987.35088
UZB,Uzbekistan,2022,81140823252.41638
UZB,Uzbekistan,2023,90889149306.73126
VUT,Vanuatu,2000,272014627.8352617
VUT,Vanuatu,2001,257926881.7204301
VUT,Vanuatu,2002,262596535.54902846
VUT,Vanuatu,2003,314471413.00177616
VUT,Vanuatu,2004,364996869.129618
VUT,Vanuatu,2005,394962433.0293678
VUT,Vanuatu,2006,439358586.5355876
VUT,Vanuatu,2007,516392922.5137279
VUT,Vanuatu,2008,590748429.4019016
VUT,Vanuatu,2009,592622319.1456639
VUT,Vanuatu,2010,670712979.6820383
VUT,Vanuatu,2011,770153588.218833
VUT,Vanuatu,2012,747839697.7465929
VUT,Vanuatu,2013,758304466.2453394
VUT,Vanuatu,2014,772315983.8184297
VUT,Vanuatu,2015,730870802.9670509
VUT,Vanuatu,2016,780889605.899977
VUT,Vanuatu,2017,880061833.6903408
VUT,Vanuatu,2018,914736985.4309444
VUT,Vanuatu,2019,936526267.6225132
VUT,Vanuatu,2020,909421043.508407
VUT,Vanuatu,2021,950394006.5325141
VUT,Vanuatu,2022,1022219297.5033523
VUT,Vanuatu,2023,1126313359.2192256
VEN,"Venezuela, RB",2000,117146466002.66116
VEN,"Venezuela, RB",2001,122911036746.7286
VEN,"Venezuela, RB",2002,92893587733.65492
VEN,"Venezuela, RB",2003,83620628582.10815
VEN,"Venezuela, RB",2004,112451400424.9639
VEN,"Venezuela, RB",2005,145513489651.87222
VEN,"Venezuela, RB",2006,183477522123.89383
VEN,"Venezuela, RB",2007,230364012575.687
VEN,"Venezuela, RB",2008,315953388510.678
VEN,"Venezuela, RB",2009,329787628928.4715
VEN,"Venezuela, RB",2010,393192354510.6531
VEN,"Venezuela, RB",2011,316482190800.3637
VEN,"Venezuela, RB",2012,381286237847.6675
VEN,"Venezuela, RB",2013,371005379786.5662
VEN,"Venezuela, RB",2014,482359318767.7031
VNM,Viet Nam,2000,31172518403.316227
VNM,Viet Nam,2001,32685198808.55485
VNM,Viet Nam,2002,35064105500.83445
VNM,Viet Nam,2003,39552513231.91688
VNM,Viet Nam,2004,45427854693.25543
VNM,Viet Nam,2005,57633255738.19916
VNM,Viet Nam,2006,66371664817.043625
VNM,Viet Nam,2007,77414425532.24516
VNM,Viet Nam,2008,99130304099.12743
VNM,Viet Nam,2009,106014659565.21387
VNM,Viet Nam,2010,147201173196.97876
VNM,Viet Nam,2011,172595049183.9247
VNM,Viet Nam,2012,195590661129.24908
VNM,Viet Nam,2013,213708811665.34036
VNM,Viet Nam,2014,233451469642.51938
VNM,Viet Nam,2015,239258328381.7414
VNM,Viet Nam,2016,257096001177.98184
VNM,Viet Nam,2017,281353605986.90344
VNM,Viet Nam,2018,310106478394.6589
VNM,Viet Nam,2019,334365270496.66705
VNM,Viet Nam,2020,346615738537.7963
VNM,Viet Nam,2021,366474752771.00934
VNM,Viet Nam,2022,410324028883.32526
VNM,Viet Nam,2023,429716969049.5928
VIR,Virgin Islands (U.S.),2002,3262000000.0
VIR,Virgin Islands (U.S.),2003,3443000000.0
VIR,Virgin Islands (U.S.),2004,3797000000.0
VIR,Virgin Islands (U.S.),2005,4428000000.0
VIR,Virgin Islands (U.S.),2006,4484000000.0
VIR,Virgin Islands (U.S.),2007,4784000000.0
VIR,Virgin Islands (U.S.),2008,4244000000.0
VIR,Virgin Islands (U.S.),2009,4201000000.0
VIR,Virgin Islands (U.S.),2010,4324000000.0
VIR,Virgin Islands (U.S.),2011,4223000000.0
VIR,Virgin Islands (U.S.),2012,4089000000.0
VIR,Virgin Islands (U.S.),2013,3738000000.0
VIR,Virgin Islands (U.S.),2014,3565000000.0
VIR,Virgin Islands (U.S.),2015,3663000000.0
VIR,Virgin Islands (U.S.),2016,3798000000.0
VIR,Virgin Islands (U.S.),2017,3794000000.0
VIR,Virgin Islands (U.S.),2018,3923000000.0
VIR,Virgin Islands (U.S.),2019,4121000000.0
VIR,Virgin Islands (U.S.),2020,4189000000.0
VIR,Virgin Islands (U.S.),2021,4444000000.0
PSE,West Bank and Gaza,2000,4313600000.0
PSE,West Bank and Gaza,2001,4003700000.0
PSE,West Bank and Gaza,2002,3555800000.0
PSE,West Bank and Gaza,2003,3968000000.0
PSE,West Bank and Gaza,2004,4603100000.0
PSE,West Bank and Gaza,2005,5125700000.0
PSE,West Bank and Gaza,2006,5348300000.0
PSE,West Bank and Gaza,2007,5815700000.0
PSE,West Bank and Gaza,2008,7310400000.0
PSE,West Bank and Gaza,2009,8085700000.0
PSE,West Bank and Gaza,2010,9681500000.0
PSE,West Bank and Gaza,2011,11186100000.0
PSE,West Bank and Gaza,2012,12208400000.0
PSE,West Bank and Gaza,2013,13515500000.0
PSE,West Bank and Gaza,2014,13989700000.0
PSE,West Bank and Gaza,2015,13972400000.0
PSE,West Bank and Gaza,2016,15405400000.0
PSE,West Bank and Gaza,2017,16128000000.0
PSE,West Bank and Gaza,2018,16276600000.0
PSE,West Bank and Gaza,2019,17133500000.0
PSE,West Bank and Gaza,2020,15531700000.0
PSE,West Bank and Gaza,2021,18109000000.0
PSE,West Bank and Gaza,2022,19165500000.0
PSE,West Bank and Gaza,2023,17396300000.0
WLD,World,2000,33839387350047.33
WLD,World,2001,33626960202657.574
WLD,World,2002,34917697037982.79
WLD,World,2003,39152139289705.375
WLD,World,2004,44116244570754.96
WLD,World,2005,47760320738747.766
WLD,World,2006,51749808632586.664
WLD,World,2007,58314867929879.555
WLD,World,2008,64072295929643.414
WLD,World,2009,60718262754480.14
WLD,World,2010,66514174634776.0
WLD,World,2011,73957792909770.53
WLD,World,2012,75603976718162.81
WLD,World,2013,77751368312765.5
WLD,World,2014,79894385759929.17
WLD,World,2015,75359657218242.52
WLD,World,2016,76588030455295.45
WLD,World,2017,81550955754739.27
WLD,World,2018,86686870786621.52
WLD,World,2019,87945574337517.84
WLD,World,2020,85577718250195.55
WLD,World,2021,97527032881901.1
WLD,World,2022,101225059591362.84
WLD,World,2023,105435039507024.1
YEM,"Yemen, Rep.",2000,9679316770.186335
YEM,"Yemen, Rep.",2001,9852990692.987137
YEM,"Yemen, Rep.",2002,10693430511.466354
YEM,"Yemen, Rep.",2003,11777532662.04989
YEM,"Yemen, Rep.",2004,13867634371.477274
YEM,"Yemen, Rep.",2005,16731566717.188839
YEM,"Yemen, Rep.",2006,19063143369.85798
YEM,"Yemen, Rep.",2007,21650528674.09326
YEM,"Yemen, Rep.",2008,26910855807.288002
YEM,"Yemen, Rep.",2009,25130278212.55747
YEM,"Yemen, Rep.",2010,30906749533.221
YEM,"Yemen, Rep.",2011,32726417878.391018
YEM,"Yemen, Rep.",2012,35401331609.59164
YEM,"Yemen, Rep.",2013,40415233436.17665
YEM,"Yemen, Rep.",2014,43228585321.327194
YEM,"Yemen, Rep.",2015,42444490073.85545
YEM,"Yemen, Rep.",2016,31317825274.150734
YEM,"Yemen, Rep.",2017,26842229044.584846
YEM,"Yemen, Rep.",2018,21606160663.03177
ZMB,Zambia,2000,3600632111.414137
ZMB,Zambia,2001,4094441301.2142286
ZMB,Zambia,2002,4193850445.4263234
ZMB,Zambia,2003,4901869764.059568
ZMB,Zambia,2004,6221110219.455416
ZMB,Zambia,2005,8331870169.149771
ZMB,Zambia,2006,12756858899.281174
ZMB,Zambia,2007,14056957976.264833
ZMB,Zambia,2008,17910858637.904797
ZMB,Zambia,2009,15328342303.957512
ZMB,Zambia,2010,20265559483.854828
ZMB,Zambia,2011,23459515275.577595
ZMB,Zambia,2012,25503060420.026028
ZMB,Zambia,2013,28037239462.71422
ZMB,Zambia,2014,27141023558.08286
ZMB,Zambia,2015,21251216798.776245
ZMB,Zambia,2016,20958412538.309345
ZMB,Zambia,2017,25873601260.835304
ZMB,Zambia,2018,26311507273.67354
ZMB,Zambia,2019,23308667781.225754
ZMB,Zambia,2020,18137764931.280766
ZMB,Zambia,2021,22096416932.008896
ZMB,Zambia,2022,29163782140.485832
ZMB,Zambia,2023,28162630953.9285
ZWE,Zimbabwe,2000,6689957600.0
ZWE,Zimbabwe,2001,6777384700.0
ZWE,Zimbabwe,2002,6342116400.0
ZWE,Zimbabwe,2003,5727591800.0
ZWE,Zimbabwe,2004,5805598400.0
ZWE,Zimbabwe,2005,5755215200.0
ZWE,Zimbabwe,2006,5443896500.0
ZWE,Zimbabwe,2007,5291950100.0
ZWE,Zimbabwe,2008,4415702800.0
ZWE,Zimbabwe,2009,9665793300.0
ZWE,Zimbabwe,2010,12041655200.0
ZWE,Zimbabwe,2011,14101920300.0
ZWE,Zimbabwe,2012,17114849900.000002
ZWE,Zimbabwe,2013,19091020000.0
ZWE,Zimbabwe,2014,19495519600.0
ZWE,Zimbabwe,2015,19963120600.0
ZWE,Zimbabwe,2016,20548678100.0
ZWE,Zimbabwe,2017,17584890936.652306
ZWE,Zimbabwe,2018,34156069918.06094
ZWE,Zimbabwe,2019,21832234925.50214
ZWE,Zimbabwe,2020,21509698406.111595
ZWE,Zimbabwe,2021,28371238665.511635
ZWE,Zimbabwe,2022,27366627153.095413
ZWE,Zimbabwe,2023,26538273498.84614
