iso_code,country,year,value
ABW,Aruba,2000,1.03610080269524
ABW,Aruba,2001,-2.83550241253081
ABW,Aruba,2002,4.43468813342022
ABW,Aruba,2003,3.04904620110997
ABW,Aruba,2004,2.80990970893053
ABW,Aruba,2005,5.06749722968669
ABW,Aruba,2006,3.48434619543613
ABW,Aruba,2007,5.16689296887391
ABW,Aruba,2008,4.26244900176589
ABW,Aruba,2009,1.70328044813839
ABW,Aruba,2010,-1.22340655068425
ABW,Aruba,2011,4.00567421402882
ABW,Aruba,2012,0.184032701346126
ABW,Aruba,2013,-1.99594849465619
ABW,Aruba,2014,3.95889741019282
ABW,Aruba,2015,6.831286936157
ABW,Aruba,2016,-1.00279969703662
ABW,Aruba,2017,-3.17816679833555
ABW,Aruba,2018,3.46202953211427
ABW,Aruba,2019,6.01781611792313
ABW,Aruba,2020,-0.951473042327038
ABW,Aruba,2021,-4.91262490390014
ABW,Aruba,2022,3.15727939363973
ABW,Aruba,2023,6.70946117676064
AFE,Africa Eastern and Southern,2000,11.1173058824862
AFE,Africa Eastern and Southern,2001,8.31282499951298
AFE,Africa Eastern and Southern,2002,8.91492825674993
AFE,Africa Eastern and Southern,2003,7.8067408729751
AFE,Africa Eastern and Southern,2004,9.60039256006742
AFE,Africa Eastern and Southern,2005,7.62368935878268
AFE,Africa Eastern and Southern,2006,7.65225430526529
AFE,Africa Eastern and Southern,2007,8.24576476611674
AFE,Africa Eastern and Southern,2008,10.961412407556
AFE,Africa Eastern and Southern,2009,8.28143239119243
AFE,Africa Eastern and Southern,2010,5.88302203486953
AFE,Africa Eastern and Southern,2011,9.74570998523772
AFE,Africa Eastern and Southern,2012,6.20387787625781
AFE,Africa Eastern and Southern,2013,5.54626698664435
AFE,Africa Eastern and Southern,2014,5.40353538297499
AFE,Africa Eastern and Southern,2015,5.63628010156222
AFE,Africa Eastern and Southern,2016,6.73515766010987
AFE,Africa Eastern and Southern,2017,6.28646467124097
AFE,Africa Eastern and Southern,2018,4.32175867770079
AFE,Africa Eastern and Southern,2019,4.44437946494116
AFE,Africa Eastern and Southern,2020,5.29813226108107
AFE,Africa Eastern and Southern,2021,6.22269912307469
AFE,Africa Eastern and Southern,2022,9.35876732357862
AFE,Africa Eastern and Southern,2023,7.80122989057329
AFG,Afghanistan,2001,-11.7745360319214
AFG,Afghanistan,2002,6.12552202910163
AFG,Afghanistan,2003,11.655238221181
AFG,Afghanistan,2004,11.2714320572149
AFG,Afghanistan,2005,10.9127735503048
AFG,Afghanistan,2006,7.19975129292388
AFG,Afghanistan,2007,22.5277562007029
AFG,Afghanistan,2008,2.09628875042125
AFG,Afghanistan,2009,-2.16340442746143
AFG,Afghanistan,2010,3.81463031545211
AFG,Afghanistan,2011,16.5933467401627
AFG,Afghanistan,2012,7.30175646760432
AFG,Afghanistan,2013,4.82278547876986
AFG,Afghanistan,2014,0.56694454253261
AFG,Afghanistan,2015,2.44756300147404
AFG,Afghanistan,2016,-2.19752646733461
AFG,Afghanistan,2017,2.40365618765746
AFG,Afghanistan,2018,2.07134857783487
AFG,Afghanistan,2019,6.52147984832531
AFG,Afghanistan,2020,6.9629462552564
AFG,Afghanistan,2021,2.83899625081041
AFG,Afghanistan,2022,9.40623933931322
AFG,Afghanistan,2023,2.9616535410169
AFW,Africa Western and Central,2000,4.815430261735
AFW,Africa Western and Central,2001,3.86179519283827
AFW,Africa Western and Central,2002,2.67339738740157
AFW,Africa Western and Central,2003,1.71882163202884
AFW,Africa Western and Central,2004,5.68195133906449
AFW,Africa Western and Central,2005,6.68893394853546
AFW,Africa Western and Central,2006,4.64332213979795
AFW,Africa Western and Central,2007,5.47702898238883
AFW,Africa Western and Central,2008,9.11699967289589
AFW,Africa Western and Central,2009,1.48940469185958
AFW,Africa Western and Central,2010,5.42967319163332
AFW,Africa Western and Central,2011,8.51666048093151
AFW,Africa Western and Central,2012,4.73009483577319
AFW,Africa Western and Central,2013,1.55401804889429
AFW,Africa Western and Central,2014,0.731853329618588
AFW,Africa Western and Central,2015,1.91155941571227
AFW,Africa Western and Central,2016,1.736323129284
AFW,Africa Western and Central,2017,1.75910578032053
AFW,Africa Western and Central,2018,2.15033893298982
AFW,Africa Western and Central,2019,1.95694728078307
AFW,Africa Western and Central,2020,1.71555846208987
AFW,Africa Western and Central,2021,4.64220371005912
AFW,Africa Western and Central,2022,6.58712256843671
AFW,Africa Western and Central,2023,3.38669113752862
AGO,Angola,2000,418.018991534099
AGO,Angola,2001,106.352125501451
AGO,Angola,2002,196.984099399931
AGO,Angola,2003,93.9265669067308
AGO,Angola,2004,33.4435947900255
AGO,Angola,2005,42.3742492617284
AGO,Angola,2006,17.1156651448542
AGO,Angola,2007,4.30843221207182
AGO,Angola,2008,19.3657735558326
AGO,Angola,2009,-16.7621402901592
AGO,Angola,2010,32.2704691224412
AGO,Angola,2011,31.7714601558986
AGO,Angola,2012,7.25574990943825
AGO,Angola,2013,2.83972412637765
AGO,Angola,2014,3.56088477205805
AGO,Angola,2015,-3.51838534598478
AGO,Angola,2016,21.7742355863884
AGO,Angola,2017,22.6145140271114
AGO,Angola,2018,28.1670932554891
AGO,Angola,2019,19.1870038271785
AGO,Angola,2020,10.7631052824799
AGO,Angola,2021,38.8237218374918
AGO,Angola,2022,13.7105940226231
AGO,Angola,2023,17.6195377226942
ALB,Albania,2000,5.6474714679938
ALB,Albania,2001,3.81085737408868
ALB,Albania,2002,3.6474762708812
ALB,Albania,2003,5.19863530307683
ALB,Albania,2004,3.15236892537025
ALB,Albania,2005,3.30681814689954
ALB,Albania,2006,2.47818888688769
ALB,Albania,2007,4.3867093833438
ALB,Albania,2008,4.11708542559394
ALB,Albania,2009,2.41833605890835
ALB,Albania,2010,4.49314320031891
ALB,Albania,2011,2.31474379699794
ALB,Albania,2012,1.04271460643407
ALB,Albania,2013,0.288745964127756
ALB,Albania,2014,1.54991706986272
ALB,Albania,2015,0.563991350160876
ALB,Albania,2016,-0.632653419095547
ALB,Albania,2017,1.45073158124514
ALB,Albania,2018,2.9665236560994
ALB,Albania,2019,1.00059083830071
ALB,Albania,2020,0.0410649973272115
ALB,Albania,2021,3.44439880912799
ALB,Albania,2022,9.86157415467682
ALB,Albania,2023,6.06604947510885
AND,Andorra,2000,28.7415528975991
AND,Andorra,2001,3.08053517916559
AND,Andorra,2002,3.23953176987777
AND,Andorra,2003,3.17748421556476
AND,Andorra,2004,3.04242399802695
AND,Andorra,2005,3.39610212995052
AND,Andorra,2006,3.45718408670396
AND,Andorra,2007,3.21122734131436
AND,Andorra,2008,2.27433831984322
AND,Andorra,2009,0.132136132405464
AND,Andorra,2010,0.374313758110119
AND,Andorra,2011,0.196764152031051
AND,Andorra,2012,0.174556905779482
AND,Andorra,2013,0.448492200194735
AND,Andorra,2014,-0.0840193165570753
AND,Andorra,2015,0.660588959137868
AND,Andorra,2016,0.347795381575793
AND,Andorra,2017,1.13650934319639
AND,Andorra,2018,1.01247848005298
AND,Andorra,2019,1.37475350829189
AND,Andorra,2020,1.11378607410401
AND,Andorra,2021,2.5588606935971
AND,Andorra,2022,4.23665226454663
AND,Andorra,2023,6.29560082401824
ARB,Arab World,2000,11.4595357939894
ARB,Arab World,2001,1.86769984238948
ARB,Arab World,2002,3.77083954826043
ARB,Arab World,2003,5.11182917627502
ARB,Arab World,2004,10.9375405233887
ARB,Arab World,2005,14.5852590982142
ARB,Arab World,2006,9.09650632380644
ARB,Arab World,2007,8.04658597487651
ARB,Arab World,2008,15.9501259770903
ARB,Arab World,2009,-2.78022303939403
ARB,Arab World,2010,12.0069506981357
ARB,Arab World,2011,13.1672193765795
ARB,Arab World,2012,4.67972511760814
ARB,Arab World,2013,1.26026248256035
ARB,Arab World,2014,1.04867463772903
ARB,Arab World,2015,-2.11493646984442
ARB,Arab World,2016,0.920589535113145
ARB,Arab World,2017,4.8259464942787
ARB,Arab World,2018,7.04467101748188
ARB,Arab World,2019,2.3662310647694
ARB,Arab World,2020,0.406043178192824
ARB,Arab World,2021,12.7208752145056
ARB,Arab World,2022,14.8098061189166
ARB,Arab World,2023,0.854841037372282
ARE,United Arab Emirates,2000,11.4595357939894
ARE,United Arab Emirates,2001,-2.34930767820795
ARE,United Arab Emirates,2002,3.77083954826043
ARE,United Arab Emirates,2003,4.07240679733007
ARE,United Arab Emirates,2004,8.50142205885294
ARE,United Arab Emirates,2005,16.5263069327845
ARE,United Arab Emirates,2006,11.9621492865846
ARE,United Arab Emirates,2007,12.5339606714946
ARE,United Arab Emirates,2008,18.5333530849246
ARE,United Arab Emirates,2009,-15.1829798865339
ARE,United Arab Emirates,2010,16.5278863640702
ARE,United Arab Emirates,2011,13.1672193765795
ARE,United Arab Emirates,2012,4.67972511760814
ARE,United Arab Emirates,2013,-0.94932531950414
ARE,United Arab Emirates,2014,-0.668049355939203
ARE,United Arab Emirates,2015,-16.2670060316676
ARE,United Arab Emirates,2016,-5.52947860546242
ARE,United Arab Emirates,2017,4.98621314114183
ARE,United Arab Emirates,2018,7.93674803487896
ARE,United Arab Emirates,2019,-3.19440940863002
ARE,United Arab Emirates,2020,-12.0313052945464
ARE,United Arab Emirates,2021,13.8437703394455
ARE,United Arab Emirates,2022,12.6298936875673
ARE,United Arab Emirates,2023,-1.30420016236501
ARG,Argentina,2000,1.03728710073175
ARG,Argentina,2001,-1.09576771833679
ARG,Argentina,2002,30.555204053903
ARG,Argentina,2003,10.4957030215496
ARG,Argentina,2004,18.3633542492033
ARG,Argentina,2005,10.3175111982406
ARG,Argentina,2006,13.7410524859152
ARG,Argentina,2007,14.9399250245835
ARG,Argentina,2008,23.1711649813124
ARG,Argentina,2009,15.3776493708921
ARG,Argentina,2010,20.915124272047
ARG,Argentina,2011,23.7034721839593
ARG,Argentina,2012,22.3148806733049
ARG,Argentina,2013,23.9487984162746
ARG,Argentina,2014,40.2829716315506
ARG,Argentina,2015,26.5799916024707
ARG,Argentina,2016,41.1193799882279
ARG,Argentina,2017,26.0063792819079
ARG,Argentina,2018,42.0336689575031
ARG,Argentina,2019,49.1955790596612
ARG,Argentina,2020,40.0830878011993
ARG,Argentina,2021,53.8020877665554
ARG,Argentina,2022,69.8760842459268
ARG,Argentina,2023,135.368876310592
ARM,Armenia,2000,-1.37367599828147
ARM,Armenia,2001,4.02796948177824
ARM,Armenia,2002,2.35739901911141
ARM,Armenia,2003,4.5985157283794
ARM,Armenia,2004,6.27859410767147
ARM,Armenia,2005,3.20875666635281
ARM,Armenia,2006,4.61801250818827
ARM,Armenia,2007,4.2778755387818
ARM,Armenia,2008,5.98956236068734
ARM,Armenia,2009,2.49725307891563
ARM,Armenia,2010,7.76871548067652
ARM,Armenia,2011,4.28154999826118
ARM,Armenia,2012,5.34580441814725
ARM,Armenia,2013,3.36682464224465
ARM,Armenia,2014,2.30918242990974
ARM,Armenia,2015,1.21390990471085
ARM,Armenia,2016,0.268575076501392
ARM,Armenia,2017,2.15064189848613
ARM,Armenia,2018,2.78770951425761
ARM,Armenia,2019,1.06562263923419
ARM,Armenia,2020,1.80659270159933
ARM,Armenia,2021,6.90051365787157
ARM,Armenia,2022,7.98587852828175
ARM,Armenia,2023,2.67300354889213
ASM,American Samoa,2003,1.36505293715847
ASM,American Samoa,2004,-3.25907462221531
ASM,American Samoa,2005,-1.36558343263874
ASM,American Samoa,2006,2.81367521367521
ASM,American Samoa,2007,3.16061220726536
ASM,American Samoa,2008,11.0593351972663
ASM,American Samoa,2009,25.776397515528
ASM,American Samoa,2010,-15.3648895532304
ASM,American Samoa,2011,-0.52356020942409
ASM,American Samoa,2012,17.3684210526316
ASM,American Samoa,2013,2.24358974358974
ASM,American Samoa,2014,-0.962160294226521
ASM,American Samoa,2015,1.4697327650683
ASM,American Samoa,2016,1.40582171236608
ASM,American Samoa,2017,-1.94089005769675
ASM,American Samoa,2018,1.69536107125778
ASM,American Samoa,2019,1.74828930007058
ASM,American Samoa,2020,6.72878072142282
ASM,American Samoa,2021,4.8425556863277
ASM,American Samoa,2022,14.1527648578811
ATG,Antigua and Barbuda,2000,1.48825220695463
ATG,Antigua and Barbuda,2001,2.08478316538981
ATG,Antigua and Barbuda,2002,1.29268465711701
ATG,Antigua and Barbuda,2003,-0.483244128267359
ATG,Antigua and Barbuda,2004,2.34982330100517
ATG,Antigua and Barbuda,2005,4.67677680492626
ATG,Antigua and Barbuda,2006,1.12406956736658
ATG,Antigua and Barbuda,2007,4.37354365910269
ATG,Antigua and Barbuda,2008,4.73737157423442
ATG,Antigua and Barbuda,2009,1.11082507238632
ATG,Antigua and Barbuda,2010,1.60551428909972
ATG,Antigua and Barbuda,2011,0.668645512053459
ATG,Antigua and Barbuda,2012,0.192742785601624
ATG,Antigua and Barbuda,2013,0.476877446195644
ATG,Antigua and Barbuda,2014,1.77839219993881
ATG,Antigua and Barbuda,2015,2.78817037438111
ATG,Antigua and Barbuda,2016,-0.468201309637678
ATG,Antigua and Barbuda,2017,0.312054499370376
ATG,Antigua and Barbuda,2018,1.46029012290431
ATG,Antigua and Barbuda,2019,0.718452311457611
ATG,Antigua and Barbuda,2020,0.800069551909715
ATG,Antigua and Barbuda,2021,4.91376057826946
ATG,Antigua and Barbuda,2022,6.49885619566375
ATG,Antigua and Barbuda,2023,4.80547577274675
AUS,Australia,2000,2.5507652827131
AUS,Australia,2001,4.63074057685395
AUS,Australia,2002,2.84035444214652
AUS,Australia,2003,2.98554508941196
AUS,Australia,2004,3.23229936195307
AUS,Australia,2005,3.82548066795754
AUS,Australia,2006,5.11533977799769
AUS,Australia,2007,4.98605173231132
AUS,Australia,2008,4.56978290693471
AUS,Australia,2009,4.94917908012782
AUS,Australia,2010,1.15377249328591
AUS,Australia,2011,6.20197668065047
AUS,Australia,2012,1.8056989221342
AUS,Australia,2013,-0.163600551424906
AUS,Australia,2014,1.40539601622476
AUS,Australia,2015,-0.623858470510584
AUS,Australia,2016,-0.663157619625991
AUS,Australia,2017,3.65318441813451
AUS,Australia,2018,1.86901478899458
AUS,Australia,2019,3.46820261012924
AUS,Australia,2020,1.88550119010648
AUS,Australia,2021,3.0799498600023
AUS,Australia,2022,7.17553361510235
AUS,Australia,2023,6.51199894950456
AUT,Austria,2000,1.36731401336769
AUT,Austria,2001,1.93728367228805
AUT,Austria,2002,1.10421508890414
AUT,Austria,2003,1.26700272386712
AUT,Austria,2004,1.72796220966988
AUT,Austria,2005,2.53196772218678
AUT,Austria,2006,2.04461988969157
AUT,Austria,2007,2.2592709576015
AUT,Austria,2008,1.93379073721434
AUT,Austria,2009,1.73939285831332
AUT,Austria,2010,0.891338457893553
AUT,Austria,2011,1.81993753082695
AUT,Austria,2012,2.09166482584344
AUT,Austria,2013,1.70872300692841
AUT,Austria,2014,2.00674390270015
AUT,Austria,2015,2.29263492397251
AUT,Austria,2016,1.81475079739224
AUT,Austria,2017,0.975317709275998
AUT,Austria,2018,1.81048023343624
AUT,Austria,2019,1.47368476959242
AUT,Austria,2020,2.59313274910787
AUT,Austria,2021,1.92612910926519
AUT,Austria,2022,4.75477834804261
AUT,Austria,2023,6.64765341628686
AZE,Azerbaijan,2000,12.4927738128452
AZE,Azerbaijan,2001,2.51501022581932
AZE,Azerbaijan,2002,4.21438623360075
AZE,Azerbaijan,2003,6.96146570847378
AZE,Azerbaijan,2004,9.25196510735844
AZE,Azerbaijan,2005,14.7234965182528
AZE,Azerbaijan,2006,11.3012191438311
AZE,Azerbaijan,2007,21.0293287543152
AZE,Azerbaijan,2008,27.777459536561
AZE,Azerbaijan,2009,-18.8449572890202
AZE,Azerbaijan,2010,13.5458167908374
AZE,Azerbaijan,2011,22.524361140543
AZE,Azerbaijan,2012,2.88293295403217
AZE,Azerbaijan,2013,0.445064509020867
AZE,Azerbaijan,2014,-1.28499552026639
AZE,Azerbaijan,2015,-8.84969256895297
AZE,Azerbaijan,2016,14.6714002511137
AZE,Azerbaijan,2017,16.1724003104411
AZE,Azerbaijan,2018,12.1848769569655
AZE,Azerbaijan,2019,-0.241307927446329
AZE,Azerbaijan,2020,-7.39596582740913
AZE,Azerbaijan,2021,21.5888241949245
AZE,Azerbaijan,2022,37.2705611565603
AZE,Azerbaijan,2023,-9.20663944963042
BDI,Burundi,2000,38.9448932030909
BDI,Burundi,2001,13.7164067920133
BDI,Burundi,2002,1.02785857373888
BDI,Burundi,2003,11.9457486448591
BDI,Burundi,2004,13.1461593314354
BDI,Burundi,2005,18.8415894769233
BDI,Burundi,2006,2.84566633376673
BDI,Burundi,2007,8.27337562886336
BDI,Burundi,2008,24.2157937434401
BDI,Burundi,2009,10.4587965254196
BDI,Burundi,2010,8.56155516425477
BDI,Burundi,2011,8.36425019828808
BDI,Burundi,2012,14.294071682425
BDI,Burundi,2013,7.9531039994456
BDI,Burundi,2014,5.30565602774391
BDI,Burundi,2015,21.3187470230149
BDI,Burundi,2016,0.97317644189674
BDI,Burundi,2017,11.4491826066034
BDI,Burundi,2018,-2.85085930198137
BDI,Burundi,2019,0.851867434051655
BDI,Burundi,2020,5.9665023314011
BDI,Burundi,2021,8.51671971494707
BDI,Burundi,2022,18.3317223148693
BDI,Burundi,2023,11.3760314899613
BEL,Belgium,2000,2.01459203440002
BEL,Belgium,2001,1.98281815411856
BEL,Belgium,2002,1.63999827941501
BEL,Belgium,2003,1.85011616570733
BEL,Belgium,2004,1.91498852327605
BEL,Belgium,2005,2.08307330437046
BEL,Belgium,2006,2.26471638352143
BEL,Belgium,2007,1.9316781494056
BEL,Belgium,2008,1.90886955920959
BEL,Belgium,2009,0.781821008464917
BEL,Belgium,2010,1.70310453341449
BEL,Belgium,2011,2.29252176896657
BEL,Belgium,2012,2.20573636168733
BEL,Belgium,2013,1.41248972600334
BEL,Belgium,2014,0.840395739536802
BEL,Belgium,2015,1.12183847077587
BEL,Belgium,2016,1.89528922644591
BEL,Belgium,2017,1.98316339488014
BEL,Belgium,2018,1.71728226802716
BEL,Belgium,2019,1.85424074414335
BEL,Belgium,2020,1.59611666393067
BEL,Belgium,2021,2.7426355945688
BEL,Belgium,2022,6.84397975156924
BEL,Belgium,2023,4.508102848783
BEN,Benin,2000,4.3410556635676
BEN,Benin,2001,1.97028558167254
BEN,Benin,2002,3.55421325456054
BEN,Benin,2003,3.06170412441227
BEN,Benin,2004,0.769711003809874
BEN,Benin,2005,4.29366413526147
BEN,Benin,2006,2.09431707279076
BEN,Benin,2007,0.390153238195737
BEN,Benin,2008,6.43415220578032
BEN,Benin,2009,2.53969206095486
BEN,Benin,2010,0.880885670477909
BEN,Benin,2011,3.73308304042652
BEN,Benin,2012,7.69890807691425
BEN,Benin,2013,1.39729839455183
BEN,Benin,2014,-0.247782653882282
BEN,Benin,2015,0.85150426118021
BEN,Benin,2016,0.683591111274652
BEN,Benin,2017,-0.367897725119164
BEN,Benin,2018,0.670447614217636
BEN,Benin,2019,-0.39755379308734
BEN,Benin,2020,2.87803228859791
BEN,Benin,2021,1.61872506665755
BEN,Benin,2022,4.13878000011482
BEN,Benin,2023,3.38546435195668
BFA,Burkina Faso,2000,-0.819773185220825
BFA,Burkina Faso,2001,3.96155291715017
BFA,Burkina Faso,2002,3.05698609068348
BFA,Burkina Faso,2003,1.48472881492427
BFA,Burkina Faso,2004,0.0906485898375564
BFA,Burkina Faso,2005,3.73938539728054
BFA,Burkina Faso,2006,-0.662826822466556
BFA,Burkina Faso,2007,2.49234918341701
BFA,Burkina Faso,2008,9.15980043749074
BFA,Burkina Faso,2009,2.40550487042772
BFA,Burkina Faso,2010,3.77961872815705
BFA,Burkina Faso,2011,6.73800480732596
BFA,Burkina Faso,2012,5.82399948795916
BFA,Burkina Faso,2013,-2.12917117768745
BFA,Burkina Faso,2014,-0.620386925840478
BFA,Burkina Faso,2015,-2.22395417919314
BFA,Burkina Faso,2016,2.60429919226561
BFA,Burkina Faso,2017,1.41629727998107
BFA,Burkina Faso,2018,1.07396688968345
BFA,Burkina Faso,2019,0.51290051556127
BFA,Burkina Faso,2020,6.46559578788029
BFA,Burkina Faso,2021,0.112863112943955
BFA,Burkina Faso,2022,5.88896511236759
BFA,Burkina Faso,2023,1.99804752407688
BGD,Bangladesh,2000,3.44665934914798
BGD,Bangladesh,2001,3.26116013222439
BGD,Bangladesh,2002,3.8928674350377
BGD,Bangladesh,2003,5.81581664789621
BGD,Bangladesh,2004,4.5621363796936
BGD,Bangladesh,2005,4.58636070641845
BGD,Bangladesh,2006,5.87593581109938
BGD,Bangladesh,2007,6.47126010502515
BGD,Bangladesh,2008,7.86096609394262
BGD,Bangladesh,2009,6.76435468091874
BGD,Bangladesh,2010,7.14466302810841
BGD,Bangladesh,2011,7.85945085272492
BGD,Bangladesh,2012,8.16457367624635
BGD,Bangladesh,2013,7.17495343232414
BGD,Bangladesh,2014,5.66878852513904
BGD,Bangladesh,2015,5.87277704102323
BGD,Bangladesh,2016,27.8507377248339
BGD,Bangladesh,2017,5.04759758203714
BGD,Bangladesh,2018,5.80553876704575
BGD,Bangladesh,2019,3.65813755162172
BGD,Bangladesh,2020,3.84106338588026
BGD,Bangladesh,2021,4.1211747067957
BGD,Bangladesh,2022,5.04902187883131
BGD,Bangladesh,2023,6.89712404003441
BGR,Bulgaria,2000,7.38083885101
BGR,Bulgaria,2001,6.11773237385735
BGR,Bulgaria,2002,3.84837869171173
BGR,Bulgaria,2003,2.18941082692299
BGR,Bulgaria,2004,5.58155791993171
BGR,Bulgaria,2005,6.59425897441935
BGR,Bulgaria,2006,6.75647490079174
BGR,Bulgaria,2007,11.0514316831737
BGR,Bulgaria,2008,8.10345619465454
BGR,Bulgaria,2009,3.9380183620588
BGR,Bulgaria,2010,0.764129878916592
BGR,Bulgaria,2011,6.11283035981589
BGR,Bulgaria,2012,1.11217885256747
BGR,Bulgaria,2013,0.0719518095394278
BGR,Bulgaria,2014,1.34078287386647
BGR,Bulgaria,2015,2.94774648723617
BGR,Bulgaria,2016,3.32355920411145
BGR,Bulgaria,2017,4.81312131224342
BGR,Bulgaria,2018,4.25525729817191
BGR,Bulgaria,2019,5.23548704810747
BGR,Bulgaria,2020,4.34103862385629
BGR,Bulgaria,2021,6.96662433933332
BGR,Bulgaria,2022,15.9183596891222
BGR,Bulgaria,2023,7.98419924336682
BHR,Bahrain,2000,14.3225233904652
BHR,Bahrain,2001,-3.36382791997714
BHR,Bahrain,2002,3.41434955563101
BHR,Bahrain,2003,8.60258061783617
BHR,Bahrain,2004,10.9910846225111
BHR,Bahrain,2005,13.7349678263372
BHR,Bahrain,2006,8.84243671557729
BHR,Bahrain,2007,8.43563269466976
BHR,Bahrain,2008,11.3650919229748
BHR,Bahrain,2009,-12.9939412103814
BHR,Bahrain,2010,12.0069506981357
BHR,Bahrain,2011,9.48596325068939
BHR,Bahrain,2012,2.93394725551211
BHR,Bahrain,2013,0.499828956383851
BHR,Bahrain,2014,-1.44043683471969
BHR,Bahrain,2015,-8.75667340246945
BHR,Bahrain,2016,0.35724777804711
BHR,Bahrain,2017,4.61583421430929
BHR,Bahrain,2018,4.21271352571605
BHR,Bahrain,2019,0.164802199458762
BHR,Bahrain,2020,-5.8288484641256
BHR,Bahrain,2021,9.20840263580602
BHR,Bahrain,2022,7.84929462083215
BHR,Bahrain,2023,-4.14375165818939
BHS,"Bahamas, The",2000,0.92270742527738
BHS,"Bahamas, The",2001,0.353150704560917
BHS,"Bahamas, The",2002,3.96047432502201
BHS,"Bahamas, The",2003,1.15487905427804
BHS,"Bahamas, The",2004,1.19499759116476
BHS,"Bahamas, The",2005,5.05600839849254
BHS,"Bahamas, The",2006,0.828194507426659
BHS,"Bahamas, The",2007,2.94796581175521
BHS,"Bahamas, The",2008,1.48861068805519
BHS,"Bahamas, The",2009,-1.03638031397996
BHS,"Bahamas, The",2010,-0.392565565624793
BHS,"Bahamas, The",2011,-0.858605322784499
BHS,"Bahamas, The",2012,3.35553252540916
BHS,"Bahamas, The",2013,-0.169413674488652
BHS,"Bahamas, The",2014,3.64817136334401
BHS,"Bahamas, The",2015,5.30893214629577
BHS,"Bahamas, The",2016,1.60448975573296
BHS,"Bahamas, The",2017,1.34831042029538
BHS,"Bahamas, The",2018,0.456170832413122
BHS,"Bahamas, The",2019,4.59340787218045
BHS,"Bahamas, The",2020,-2.6348030197491
BHS,"Bahamas, The",2021,-1.07183744667745
BHS,"Bahamas, The",2022,4.30104615816353
BHS,"Bahamas, The",2023,6.34442014479342
BIH,Bosnia and Herzegovina,2000,30.3325930267657
BIH,Bosnia and Herzegovina,2001,4.72611761621648
BIH,Bosnia and Herzegovina,2002,5.00786637251515
BIH,Bosnia and Herzegovina,2003,1.41086147967751
BIH,Bosnia and Herzegovina,2004,2.16197157775764
BIH,Bosnia and Herzegovina,2005,6.18901576798206
BIH,Bosnia and Herzegovina,2006,7.80012735973601
BIH,Bosnia and Herzegovina,2007,6.19756939107606
BIH,Bosnia and Herzegovina,2008,7.33535128597794
BIH,Bosnia and Herzegovina,2009,0.18546652937485
BIH,Bosnia and Herzegovina,2010,1.40629396620604
BIH,Bosnia and Herzegovina,2011,2.43252790824482
BIH,Bosnia and Herzegovina,2012,0.795773347301477
BIH,Bosnia and Herzegovina,2013,-0.224122003175367
BIH,Bosnia and Herzegovina,2014,1.00033721930362
BIH,Bosnia and Herzegovina,2015,1.36573070914964
BIH,Bosnia and Herzegovina,2016,1.33330596746471
BIH,Bosnia and Herzegovina,2017,1.77870702677497
BIH,Bosnia and Herzegovina,2018,2.79162490401892
BIH,Bosnia and Herzegovina,2019,2.47150468459363
BIH,Bosnia and Herzegovina,2020,0.0621425496305932
BIH,Bosnia and Herzegovina,2021,4.96460441570017
BIH,Bosnia and Herzegovina,2022,11.8088401064015
BIH,Bosnia and Herzegovina,2023,6.76270435629395
BLR,Belarus,2000,185.290760909447
BLR,Belarus,2001,79.5345724468495
BLR,Belarus,2002,44.8937388361962
BLR,Belarus,2003,30.6853215603655
BLR,Belarus,2004,22.675122504115
BLR,Belarus,2005,18.9721605296381
BLR,Belarus,2006,10.7486157350723
BLR,Belarus,2007,12.8727022297205
BLR,Belarus,2008,21.2135361351524
BLR,Belarus,2009,9.25866190363965
BLR,Belarus,2010,11.3403098820796
BLR,Belarus,2011,70.7612909673781
BLR,Belarus,2012,75.2416666493216
BLR,Belarus,2013,21.263000253545
BLR,Belarus,2014,18.1922024446735
BLR,Belarus,2015,16.0231277230064
BLR,Belarus,2016,8.34168809944582
BLR,Belarus,2017,8.62294196692545
BLR,Belarus,2018,12.1397170957777
BLR,Belarus,2019,8.57664221529303
BLR,Belarus,2020,11.8776975676281
BLR,Belarus,2021,15.3264196397445
BLR,Belarus,2022,14.8848623664839
BLR,Belarus,2023,7.36823053571227
BLZ,Belize,2000,1.44428759552335
BLZ,Belize,2001,-1.9214546052185
BLZ,Belize,2002,0.691897818951915
BLZ,Belize,2003,-4.10750365836
BLZ,Belize,2004,2.14174873146229
BLZ,Belize,2005,3.00344412152837
BLZ,Belize,2006,3.22145168702571
BLZ,Belize,2007,3.80629927037283
BLZ,Belize,2008,3.60557468225117
BLZ,Belize,2009,-2.51886906561739
BLZ,Belize,2010,2.2485368571529
BLZ,Belize,2011,4.91658876106118
BLZ,Belize,2012,0.741764529847956
BLZ,Belize,2013,1.92028288137456
BLZ,Belize,2014,1.11425408928791
BLZ,Belize,2015,-0.304580065916582
BLZ,Belize,2016,2.09427966302344
BLZ,Belize,2017,3.03291030935591
BLZ,Belize,2018,0.0777284726732006
BLZ,Belize,2019,-0.11783540640397
BLZ,Belize,2020,-0.652000223707887
BLZ,Belize,2021,0.630768469073601
BLZ,Belize,2022,7.25244797063618
BLZ,Belize,2023,6.50970161380764
BMU,Bermuda,2000,-4.23635614734731
BMU,Bermuda,2001,-1.36919574128204
BMU,Bermuda,2002,8.58044229104615
BMU,Bermuda,2003,2.82473952065922
BMU,Bermuda,2004,4.6921425981385
BMU,Bermuda,2005,6.7623747376536
BMU,Bermuda,2006,19.5791618081038
BMU,Bermuda,2007,6.57489483173077
BMU,Bermuda,2008,5.10891410236363
BMU,Bermuda,2009,1.04358316995928
BMU,Bermuda,2010,2.23622200255707
BMU,Bermuda,2011,-1.15125598094265
BMU,Bermuda,2012,6.69820369155734
BMU,Bermuda,2013,1.65727319420499
BMU,Bermuda,2014,3.01189087721518
BMU,Bermuda,2015,2.95202006984243
BMU,Bermuda,2016,4.37320384221451
BMU,Bermuda,2017,-0.094833735989738
BMU,Bermuda,2018,1.6111169764896
BMU,Bermuda,2019,2.41935194490377
BMU,Bermuda,2020,-0.409804359592485
BMU,Bermuda,2021,0.361400030497762
BMU,Bermuda,2022,0.938226826481198
BMU,Bermuda,2023,4.10639245421443
BOL,Bolivia,2000,5.19540520801752
BOL,Bolivia,2001,1.87009365776751
BOL,Bolivia,2002,2.82075739734616
BOL,Bolivia,2003,6.32999229252485
BOL,Bolivia,2004,7.96770950924268
BOL,Bolivia,2005,5.94079763021928
BOL,Bolivia,2006,13.6636795403543
BOL,Bolivia,2007,7.37335386111839
BOL,Bolivia,2008,10.381181762675
BOL,Bolivia,2009,-2.41989432827502
BOL,Bolivia,2010,8.77750811554523
BOL,Bolivia,2011,14.6023542400665
BOL,Bolivia,2012,7.10027550115058
BOL,Bolivia,2013,5.99538836854924
BOL,Bolivia,2014,2.04949764468354
BOL,Bolivia,2015,-4.62060229480602
BOL,Bolivia,2016,-1.3548705355405
BOL,Bolivia,2017,6.06139996076533
BOL,Bolivia,2018,3.05626590816588
BOL,Bolivia,2019,-0.693003422953112
BOL,Bolivia,2020,-1.85438658655737
BOL,Bolivia,2021,3.95611963961919
BOL,Bolivia,2022,5.12446446625671
BOL,Bolivia,2023,-0.505250428968196
BRA,Brazil,2000,5.60606514085735
BRA,Brazil,2001,8.22509432125631
BRA,Brazil,2002,9.79811223755975
BRA,Brazil,2003,14.0910215230394
BRA,Brazil,2004,7.75206076321267
BRA,Brazil,2005,7.43122475252851
BRA,Brazil,2006,6.77427411913297
BRA,Brazil,2007,6.43903808702757
BRA,Brazil,2008,8.7785527236756
BRA,Brazil,2009,7.31348274592885
BRA,Brazil,2010,8.42333833667878
BRA,Brazil,2011,8.3185922188201
BRA,Brazil,2012,7.9431269413538
BRA,Brazil,2013,7.50456453292993
BRA,Brazil,2014,7.84670974352809
BRA,Brazil,2015,7.56617501207116
BRA,Brazil,2016,8.10360435870246
BRA,Brazil,2017,3.67138451275035
BRA,Brazil,2018,4.49353433137021
BRA,Brazil,2019,4.22425886899158
BRA,Brazil,2020,6.47249960755747
BRA,Brazil,2021,13.047270877833
BRA,Brazil,2022,8.5702819532232
BRA,Brazil,2023,4.65899475870381
BRB,Barbados,2000,-1.32283915072432
BRB,Barbados,2001,2.2553892518755
BRB,Barbados,2002,0.907856236699956
BRB,Barbados,2003,1.11587216720588
BRB,Barbados,2004,5.82814413602402
BRB,Barbados,2005,6.66772455718578
BRB,Barbados,2006,4.09637073569277
BRB,Barbados,2007,8.61226108302537
BRB,Barbados,2008,1.80693487399488
BRB,Barbados,2009,-1.82970441549448
BRB,Barbados,2010,18.8527284822355
BRB,Barbados,2011,3.66694041932899
BRB,Barbados,2012,-1.01754183582014
BRB,Barbados,2013,2.74359414985743
BRB,Barbados,2014,0.00746353844473902
BRB,Barbados,2015,-0.611165126966512
BRB,Barbados,2016,-0.967050709686362
BRB,Barbados,2017,3.36727197112887
BRB,Barbados,2018,3.25265217777908
BRB,Barbados,2019,2.14644727501501
BRB,Barbados,2020,5.1139219922773
BRB,Barbados,2021,2.32921875143295
BRB,Barbados,2022,0.664976976473824
BRB,Barbados,2023,3.18212980720116
BRN,Brunei Darussalam,2000,2.37672035245946
BRN,Brunei Darussalam,2001,-4.97305267701049
BRN,Brunei Darussalam,2002,-0.135384149567656
BRN,Brunei Darussalam,2003,6.30997052770057
BRN,Brunei Darussalam,2004,16.5419530801955
BRN,Brunei Darussalam,2005,20.5036158493576
BRN,Brunei Darussalam,2006,9.94435222859258
BRN,Brunei Darussalam,2007,4.69688854570667
BRN,Brunei Darussalam,2008,16.0207669612963
BRN,Brunei Darussalam,2009,-21.7392663171489
BRN,Brunei Darussalam,2010,4.98008956509719
BRN,Brunei Darussalam,2011,20.1807686846284
BRN,Brunei Darussalam,2012,1.22025197904199
BRN,Brunei Darussalam,2013,-2.82348952713912
BRN,Brunei Darussalam,2014,-1.84601542355594
BRN,Brunei Darussalam,2015,-17.6127432412634
BRN,Brunei Darussalam,2016,-9.16949513646259
BRN,Brunei Darussalam,2017,4.95526868232284
BRN,Brunei Darussalam,2018,9.21562481534343
BRN,Brunei Darussalam,2019,-3.33372764830381
BRN,Brunei Darussalam,2020,-10.8637594994
BRN,Brunei Darussalam,2021,15.4659284363945
BRN,Brunei Darussalam,2022,24.2367266802876
BRN,Brunei Darussalam,2023,-12.8961956287324
BTN,Bhutan,2000,16.5271465766662
BTN,Bhutan,2001,5.33733054010742
BTN,Bhutan,2002,5.16519301584195
BTN,Bhutan,2003,3.62430623598658
BTN,Bhutan,2004,4.34588162820633
BTN,Bhutan,2005,6.4792024025566
BTN,Bhutan,2006,6.57512374147177
BTN,Bhutan,2007,4.68817791946599
BTN,Bhutan,2008,5.60618091108023
BTN,Bhutan,2009,4.4240994174459
BTN,Bhutan,2010,8.32696239631917
BTN,Bhutan,2011,8.88020593346201
BTN,Bhutan,2012,8.63679344825027
BTN,Bhutan,2013,6.16413159831512
BTN,Bhutan,2014,5.72222883359687
BTN,Bhutan,2015,3.20977724189126
BTN,Bhutan,2016,4.0489129986434
BTN,Bhutan,2017,4.34963395991817
BTN,Bhutan,2018,1.15086273454624
BTN,Bhutan,2019,3.10800839980718
BTN,Bhutan,2020,5.28737431504244
BTN,Bhutan,2021,7.62801338690346
BTN,Bhutan,2022,5.7948551929732
BWA,Botswana,2000,14.1709669143697
BWA,Botswana,2001,8.31282499951298
BWA,Botswana,2002,1.18737069613121
BWA,Botswana,2003,3.25908437200664
BWA,Botswana,2004,10.0787886535731
BWA,Botswana,2005,15.4717065693105
BWA,Botswana,2006,5.1543983602337
BWA,Botswana,2007,6.02919765064402
BWA,Botswana,2008,9.37273025563468
BWA,Botswana,2009,15.1089337480839
BWA,Botswana,2010,7.6830614533247
BWA,Botswana,2011,12.6533215833519
BWA,Botswana,2012,3.01184160842378
BWA,Botswana,2013,1.5321209980109
BWA,Botswana,2014,9.60400220258751
BWA,Botswana,2015,3.73031737555105
BWA,Botswana,2016,11.9049111318198
BWA,Botswana,2017,-2.64991927643297
BWA,Botswana,2018,0.0571969585408283
BWA,Botswana,2019,0.507585435653098
BWA,Botswana,2020,4.37899382741232
BWA,Botswana,2021,8.38144972399829
BWA,Botswana,2022,14.6175509748138
BWA,Botswana,2023,2.12467971961613
CAF,Central African Republic,2000,8.5066010783456
CAF,Central African Republic,2001,0.425938675009292
CAF,Central African Republic,2002,-2.37188170574854
CAF,Central African Republic,2003,1.33641863140784
CAF,Central African Republic,2004,-4.43978593836373
CAF,Central African Republic,2005,4.18843708159385
CAF,Central African Republic,2006,3.33404593869069
CAF,Central African Republic,2007,1.83823165042337
CAF,Central African Republic,2008,7.07707072361423
CAF,Central African Republic,2009,0.711628390754186
CAF,Central African Republic,2010,4.21130931097511
CAF,Central African Republic,2011,4.00911505710052
CAF,Central African Republic,2012,6.18103617692616
CAF,Central African Republic,2013,2.48748677760067
CAF,Central African Republic,2014,11.8938033016777
CAF,Central African Republic,2015,2.70826310785282
CAF,Central African Republic,2016,2.98011408445534
CAF,Central African Republic,2017,6.44370628779525
CAF,Central African Republic,2018,-1.22411715845705
CAF,Central African Republic,2019,2.32783705140642
CAF,Central African Republic,2020,1.98216055627785
CAF,Central African Republic,2021,3.18576646900353
CAF,Central African Republic,2022,5.9679244498741
CAF,Central African Republic,2023,3.39995299007134
CAN,Canada,2000,4.37419903079417
CAN,Canada,2001,1.5736767667921
CAN,Canada,2002,1.25752345524339
CAN,Canada,2003,3.24973700697623
CAN,Canada,2004,3.26087389828982
CAN,Canada,2005,3.11663850487676
CAN,Canada,2006,2.57017267466084
CAN,Canada,2007,3.30054564423155
CAN,Canada,2008,3.99631645542576
CAN,Canada,2009,-2.32492207227941
CAN,Canada,2010,2.84863776634425
CAN,Canada,2011,3.24445517550211
CAN,Canada,2012,1.21844370738719
CAN,Canada,2013,1.74073790573416
CAN,Canada,2014,1.94119897748668
CAN,Canada,2015,-0.867651312323389
CAN,Canada,2016,0.716978140660657
CAN,Canada,2017,2.57101465425282
CAN,Canada,2018,1.6511181981862
CAN,Canada,2019,1.54607075438069
CAN,Canada,2020,1.07081026807496
CAN,Canada,2021,7.66486542253131
CAN,Canada,2022,7.65381992676227
CAN,Canada,2023,1.5347101132531
CEB,Central Europe and the Baltics,2000,5.53606478204385
CEB,Central Europe and the Baltics,2001,5.37523124435772
CEB,Central Europe and the Baltics,2002,3.84837869171173
CEB,Central Europe and the Baltics,2003,3.88938600534479
CEB,Central Europe and the Baltics,2004,4.9331164049614
CEB,Central Europe and the Baltics,2005,3.11436952510556
CEB,Central Europe and the Baltics,2006,3.88062372679858
CEB,Central Europe and the Baltics,2007,5.44367721666583
CEB,Central Europe and the Baltics,2008,5.52922978301194
CEB,Central Europe and the Baltics,2009,2.73284071725568
CEB,Central Europe and the Baltics,2010,0.920113149429753
CEB,Central Europe and the Baltics,2011,3.06571454649757
CEB,Central Europe and the Baltics,2012,2.18343357394524
CEB,Central Europe and the Baltics,2013,1.1327980246691
CEB,Central Europe and the Baltics,2014,1.34078287386647
CEB,Central Europe and the Baltics,2015,1.23453645747557
CEB,Central Europe and the Baltics,2016,0.987474343866324
CEB,Central Europe and the Baltics,2017,2.7092393048564
CEB,Central Europe and the Baltics,2018,3.5930097078956
CEB,Central Europe and the Baltics,2019,3.82267611749334
CEB,Central Europe and the Baltics,2020,2.40777968361606
CEB,Central Europe and the Baltics,2021,5.34023602800748
CEB,Central Europe and the Baltics,2022,10.689577427514
CEB,Central Europe and the Baltics,2023,9.54718862520608
CHE,Switzerland,2000,1.36728550428708
CHE,Switzerland,2001,0.974383320001323
CHE,Switzerland,2002,-0.249463899497144
CHE,Switzerland,2003,1.17975924142517
CHE,Switzerland,2004,0.296627279296985
CHE,Switzerland,2005,0.924638291551645
CHE,Switzerland,2006,2.15025798459116
CHE,Switzerland,2007,2.37706132688891
CHE,Switzerland,2008,1.44992801006573
CHE,Switzerland,2009,0.457543979622471
CHE,Switzerland,2010,0.312736574258764
CHE,Switzerland,2011,-0.0204529167059491
CHE,Switzerland,2012,0.0637202631572649
CHE,Switzerland,2013,-0.0868426404352363
CHE,Switzerland,2014,-0.653123803620176
CHE,Switzerland,2015,-1.2650568747671
CHE,Switzerland,2016,-0.583291591583972
CHE,Switzerland,2017,-0.367869216813958
CHE,Switzerland,2018,0.764289197175742
CHE,Switzerland,2019,-0.103895158007788
CHE,Switzerland,2020,-0.699187622738137
CHE,Switzerland,2021,1.24619196669597
CHE,Switzerland,2022,2.4971595038279
CHE,Switzerland,2023,1.02331402592833
CHI,Channel Islands,2010,2.31458585810039
CHI,Channel Islands,2011,3.36234799786833
CHI,Channel Islands,2012,5.45465670838978
CHI,Channel Islands,2013,2.03816645010104
CHI,Channel Islands,2014,1.7787742558955
CHI,Channel Islands,2015,3.03415108880192
CHI,Channel Islands,2016,1.39650492613288
CHI,Channel Islands,2017,3.06230710188164
CHI,Channel Islands,2018,4.30931162934687
CHI,Channel Islands,2019,2.95476691310121
CHI,Channel Islands,2020,2.83334988896617
CHI,Channel Islands,2021,0.21684009581287
CHI,Channel Islands,2022,7.35832205919618
CHI,Channel Islands,2023,5.75258334988345
CHL,Chile,2000,4.56004348689325
CHL,Chile,2001,4.27714698160932
CHL,Chile,2002,3.34066036755067
CHL,Chile,2003,4.30030088589093
CHL,Chile,2004,7.02476170687822
CHL,Chile,2005,7.12031535651923
CHL,Chile,2006,12.3498959180141
CHL,Chile,2007,5.08875706456591
CHL,Chile,2008,0.31113250293626
CHL,Chile,2009,3.57779503707295
CHL,Chile,2010,8.85744149583176
CHL,Chile,2011,3.26051486014924
CHL,Chile,2012,0.76346667921203
CHL,Chile,2013,2.26077061226466
CHL,Chile,2014,5.85289162817273
CHL,Chile,2015,4.95436552710441
CHL,Chile,2016,4.56065604390805
CHL,Chile,2017,4.82819188168904
CHL,Chile,2018,1.59019973757384
CHL,Chile,2019,2.56778721379496
CHL,Chile,2020,9.66572269693961
CHL,Chile,2021,6.9147558846894
CHL,Chile,2022,7.91378346570282
CHL,Chile,2023,6.59951204566833
CHN,China,2000,2.06279261346987
CHN,China,2001,2.04704945728633
CHN,China,2002,0.602099078250106
CHN,China,2003,2.60317771902103
CHN,China,2004,6.95199268086466
CHN,China,2005,3.90374426907985
CHN,China,2006,3.92654939643413
CHN,China,2007,7.74968649303898
CHN,China,2008,7.79534603698191
CHN,China,2009,-0.209533361180647
CHN,China,2010,6.88138025334055
CHN,China,2011,8.07568446704094
CHN,China,2012,2.33121757581199
CHN,China,2013,2.16337002665455
CHN,China,2014,1.03106368780396
CHN,China,2015,-0.00294409364951775
CHN,China,2016,1.40734602732051
CHN,China,2017,4.2326819752236
CHN,China,2018,3.49974763567195
CHN,China,2019,1.28670040766232
CHN,China,2020,0.49249391805742
CHN,China,2021,4.55232657897571
CHN,China,2022,1.82367710735865
CHN,China,2023,-0.582393794026771
CIV,Cote d'Ivoire,2000,1.60101728726917
CIV,Cote d'Ivoire,2001,6.87596879742645
CIV,Cote d'Ivoire,2002,4.58213735216555
CIV,Cote d'Ivoire,2003,3.27812069285412
CIV,Cote d'Ivoire,2004,-2.50335752004385
CIV,Cote d'Ivoire,2005,1.21513493970562
CIV,Cote d'Ivoire,2006,1.3595382596009
CIV,Cote d'Ivoire,2007,3.08854944572292
CIV,Cote d'Ivoire,2008,5.37293348500339
CIV,Cote d'Ivoire,2009,1.20777929723688
CIV,Cote d'Ivoire,2010,1.5162179241976
CIV,Cote d'Ivoire,2011,5.70932050005679
CIV,Cote d'Ivoire,2012,-0.404098360740875
CIV,Cote d'Ivoire,2013,2.87673042852516
CIV,Cote d'Ivoire,2014,4.40733235572075
CIV,Cote d'Ivoire,2015,4.77568237270827
CIV,Cote d'Ivoire,2016,-1.17983243565696
CIV,Cote d'Ivoire,2017,-1.04167724817084
CIV,Cote d'Ivoire,2018,1.68197647173226
CIV,Cote d'Ivoire,2019,1.98335249260808
CIV,Cote d'Ivoire,2020,1.82838309372076
CIV,Cote d'Ivoire,2021,3.93013137544369
CIV,Cote d'Ivoire,2022,2.08589858906348
CIV,Cote d'Ivoire,2023,2.92244000008407
CMR,Cameroon,2000,1.53156295867964
CMR,Cameroon,2001,2.46935891471448
CMR,Cameroon,2002,2.77449284953897
CMR,Cameroon,2003,1.95291444913342
CMR,Cameroon,2004,0.139487834807241
CMR,Cameroon,2005,1.35714195904053
CMR,Cameroon,2006,2.29967497786163
CMR,Cameroon,2007,0.490708034705946
CMR,Cameroon,2008,4.94053681167803
CMR,Cameroon,2009,3.60351518418189
CMR,Cameroon,2010,0.688187082777645
CMR,Cameroon,2011,2.58904424747894
CMR,Cameroon,2012,1.94228536388823
CMR,Cameroon,2013,3.05345916925037
CMR,Cameroon,2014,2.01421263022257
CMR,Cameroon,2015,0.309791677780538
CMR,Cameroon,2016,0.661808977155886
CMR,Cameroon,2017,1.02514116066253
CMR,Cameroon,2018,1.89699162266248
CMR,Cameroon,2019,1.16977181911541
CMR,Cameroon,2020,0.705572037621721
CMR,Cameroon,2021,2.92103933375591
CMR,Cameroon,2022,6.83105473248673
CMR,Cameroon,2023,4.65972285962381
COD,"Congo, Dem. Rep.",2000,2630.1226744224
COD,"Congo, Dem. Rep.",2001,73.059711361527
COD,"Congo, Dem. Rep.",2002,31.7194612289405
COD,"Congo, Dem. Rep.",2003,13.4154535204973
COD,"Congo, Dem. Rep.",2004,6.36545826266112
COD,"Congo, Dem. Rep.",2005,29.8695466222574
COD,"Congo, Dem. Rep.",2006,13.3252253838394
COD,"Congo, Dem. Rep.",2007,20.2714649760467
COD,"Congo, Dem. Rep.",2008,20.4653166179567
COD,"Congo, Dem. Rep.",2009,32.6579291552673
COD,"Congo, Dem. Rep.",2010,20.7863251488693
COD,"Congo, Dem. Rep.",2011,13.791660106755
COD,"Congo, Dem. Rep.",2012,5.93999221193936
COD,"Congo, Dem. Rep.",2013,2.7712914145543
COD,"Congo, Dem. Rep.",2014,0.99363066697174
COD,"Congo, Dem. Rep.",2015,-1.15587859287012
COD,"Congo, Dem. Rep.",2016,4.34922894475879
COD,"Congo, Dem. Rep.",2017,43.0686597641677
COD,"Congo, Dem. Rep.",2018,30.998612148703
COD,"Congo, Dem. Rep.",2019,5.89540537440325
COD,"Congo, Dem. Rep.",2020,3.90154957064527
COD,"Congo, Dem. Rep.",2021,14.9754345531209
COD,"Congo, Dem. Rep.",2022,10.1064172353471
COD,"Congo, Dem. Rep.",2023,13.1719312219148
COG,"Congo, Rep.",2000,47.0400830761822
COG,"Congo, Rep.",2001,-13.9252081683231
COG,"Congo, Rep.",2002,-1.7389275602747
COG,"Congo, Rep.",2003,-4.2515369203041
COG,"Congo, Rep.",2004,16.807238305785
COG,"Congo, Rep.",2005,32.4987395105464
COG,"Congo, Rep.",2006,11.3803017625706
COG,"Congo, Rep.",2007,6.74011713181295
COG,"Congo, Rep.",2008,16.2692034276536
COG,"Congo, Rep.",2009,-21.1652331128962
COG,"Congo, Rep.",2010,29.4176837966296
COG,"Congo, Rep.",2011,10.953325511462
COG,"Congo, Rep.",2012,11.3640902368718
COG,"Congo, Rep.",2013,-1.10456218926858
COG,"Congo, Rep.",2014,-6.46456331292119
COG,"Congo, Rep.",2015,-17.2539875449458
COG,"Congo, Rep.",2016,-3.50248728902629
COG,"Congo, Rep.",2017,12.3656768528042
COG,"Congo, Rep.",2018,22.2344412921584
COG,"Congo, Rep.",2019,-1.31736650195613
COG,"Congo, Rep.",2020,-13.9995678950009
COG,"Congo, Rep.",2021,23.2907180099124
COG,"Congo, Rep.",2022,18.2608987808466
COG,"Congo, Rep.",2023,-7.56770228699291
COL,Colombia,2000,33.6753705095567
COL,Colombia,2001,6.51844829184243
COL,Colombia,2002,5.96819057183866
COL,Colombia,2003,6.82901484222947
COL,Colombia,2004,7.28303340681478
COL,Colombia,2005,4.75319610754772
COL,Colombia,2006,5.80766087330477
COL,Colombia,2007,5.20203381220654
COL,Colombia,2008,7.67738291518263
COL,Colombia,2009,4.06422546745482
COL,Colombia,2010,3.80486029146383
COL,Colombia,2011,6.38680337285258
COL,Colombia,2012,3.61665506268449
COL,Colombia,2013,1.90767643221162
COL,Colombia,2014,2.2356323764315
COL,Colombia,2015,2.44932842052003
COL,Colombia,2016,5.14833430514589
COL,Colombia,2017,5.13373589963346
COL,Colombia,2018,4.63057967327826
COL,Colombia,2019,4.00262054293638
COL,Colombia,2020,1.48172462037553
COL,Colombia,2021,7.80211309545884
COL,Colombia,2022,14.8665745551143
COL,Colombia,2023,6.33605731984103
COM,Comoros,2000,-4.46002451335903
COM,Comoros,2001,8.62998398922237
COM,Comoros,2002,4.17065591684414
COM,Comoros,2003,5.11182917627502
COM,Comoros,2004,3.38836173249462
COM,Comoros,2005,0.315881658228534
COM,Comoros,2006,3.11076370928964
COM,Comoros,2007,3.5449226957637
COM,Comoros,2008,3.14428979865365
COM,Comoros,2009,0.986041110949643
COM,Comoros,2010,1.6751524700268
COM,Comoros,2011,3.04568880149402
COM,Comoros,2012,4.27048256936031
COM,Comoros,2013,1.75215703553242
COM,Comoros,2014,0.835044861947765
COM,Comoros,2015,-0.522859922969374
COM,Comoros,2016,1.71498680821954
COM,Comoros,2017,0.40249413511539
COM,Comoros,2018,1.8356679398124
COM,Comoros,2019,4.20910596809098
COM,Comoros,2020,0.669668394306555
COM,Comoros,2021,0.169479511384438
COM,Comoros,2022,4.94193319951842
COM,Comoros,2023,2.91808886046567
CPV,Cabo Verde,2000,-7.90110347163402
CPV,Cabo Verde,2001,5.15533499557392
CPV,Cabo Verde,2002,-0.363208871086854
CPV,Cabo Verde,2003,4.92109973715145
CPV,Cabo Verde,2004,-6.3325469946369
CPV,Cabo Verde,2005,-1.79488316970148
CPV,Cabo Verde,2006,4.63977091870937
CPV,Cabo Verde,2007,18.5684167934982
CPV,Cabo Verde,2008,3.712743703679
CPV,Cabo Verde,2009,1.95455824513613
CPV,Cabo Verde,2010,0.654415406092099
CPV,Cabo Verde,2011,2.74704089816066
CPV,Cabo Verde,2012,0.677607456621359
CPV,Cabo Verde,2013,1.42476019715654
CPV,Cabo Verde,2014,-0.100319979407018
CPV,Cabo Verde,2015,1.62040755881043
CPV,Cabo Verde,2016,1.67992479299215
CPV,Cabo Verde,2017,1.2969136763507
CPV,Cabo Verde,2018,1.70417119144814
CPV,Cabo Verde,2019,0.694871191088424
CPV,Cabo Verde,2020,0.366160426431094
CPV,Cabo Verde,2021,1.34990112558344
CPV,Cabo Verde,2022,6.34319040438669
CPV,Cabo Verde,2023,3.79259432080659
CRI,Costa Rica,2000,9.38971354763002
CRI,Costa Rica,2001,9.72093785734141
CRI,Costa Rica,2002,9.78688628299894
CRI,Costa Rica,2003,10.6482369879288
CRI,Costa Rica,2004,13.3503494314835
CRI,Costa Rica,2005,13.0133254440442
CRI,Costa Rica,2006,12.9843104872931
CRI,Costa Rica,2007,10.5167859473878
CRI,Costa Rica,2008,11.4237857850437
CRI,Costa Rica,2009,9.70133091776152
CRI,Costa Rica,2010,6.6288448617527
CRI,Costa Rica,2011,4.5932251410207
CRI,Costa Rica,2012,4.73363297222332
CRI,Costa Rica,2013,4.59021167481144
CRI,Costa Rica,2014,6.20692042008149
CRI,Costa Rica,2015,3.95521539698855
CRI,Costa Rica,2016,1.95876480203574
CRI,Costa Rica,2017,2.8588837280198
CRI,Costa Rica,2018,2.19247842793764
CRI,Costa Rica,2019,2.56679211746589
CRI,Costa Rica,2020,0.772593247062218
CRI,Costa Rica,2021,2.37413082580539
CRI,Costa Rica,2022,6.28038513680281
CRI,Costa Rica,2023,-0.087922596921004
CSS,Caribbean small states,2000,1.44428759552335
CSS,Caribbean small states,2001,2.08478316538981
CSS,Caribbean small states,2002,0.907856236699956
CSS,Caribbean small states,2003,1.11587216720588
CSS,Caribbean small states,2004,3.74722621391517
CSS,Caribbean small states,2005,4.67677680492626
CSS,Caribbean small states,2006,4.09637073569277
CSS,Caribbean small states,2007,4.37354365910269
CSS,Caribbean small states,2008,2.53277352430888
CSS,Caribbean small states,2009,0.318436532246153
CSS,Caribbean small states,2010,2.2485368571529
CSS,Caribbean small states,2011,1.6853218819098
CSS,Caribbean small states,2012,1.09274185566588
CSS,Caribbean small states,2013,1.92028288137456
CSS,Caribbean small states,2014,1.11425408928791
CSS,Caribbean small states,2015,2.78817037438111
CSS,Caribbean small states,2016,1.20132522527356
CSS,Caribbean small states,2017,2.17154353020716
CSS,Caribbean small states,2018,0.456170832413122
CSS,Caribbean small states,2019,2.38707108730274
CSS,Caribbean small states,2020,-0.866950860241658
CSS,Caribbean small states,2021,2.79031777299367
CSS,Caribbean small states,2022,4.22003570092014
CSS,Caribbean small states,2023,4.03314414454677
CUB,Cuba,2000,1.74116359273691
CUB,Cuba,2001,0.454939112139584
CUB,Cuba,2002,4.53317575927858
CUB,Cuba,2003,2.97351054323785
CUB,Cuba,2004,0.605978559202299
CUB,Cuba,2005,0.380080729225
CUB,Cuba,2006,10.3655612005023
CUB,Cuba,2007,3.58977546191458
CUB,Cuba,2008,-0.344532566813086
CUB,Cuba,2009,0.634175020657153
CUB,Cuba,2010,1.20204852948169
CUB,Cuba,2011,4.32376713223725
CUB,Cuba,2012,2.91405780485152
CUB,Cuba,2013,2.65783023966264
CUB,Cuba,2014,3.46337574129474
CUB,Cuba,2015,3.43904876302352
CUB,Cuba,2016,4.32834924313742
CUB,Cuba,2017,4.11359090116284
CUB,Cuba,2018,1.03226933491902
CUB,Cuba,2019,3.54474299448344
CUB,Cuba,2020,16.5559626167225
CUB,Cuba,2021,401.591191263656
CUB,Cuba,2022,14.1554019623172
CUW,Curacao,2001,1.78999857118836
CUW,Curacao,2002,0.410001233829732
CUW,Curacao,2003,1.61999985788088
CUW,Curacao,2004,1.38000006901808
CUW,Curacao,2005,4.1000007530757
CUW,Curacao,2006,3.13000095849051
CUW,Curacao,2007,2.99999676544999
CUW,Curacao,2008,6.900002850503
CUW,Curacao,2009,1.79999792995866
CUW,Curacao,2010,2.77999992864359
CUW,Curacao,2011,-1.22227291824896
CUW,Curacao,2012,3.18400059113418
CUW,Curacao,2013,1.3323001564294
CUW,Curacao,2014,1.49869869811268
CUW,Curacao,2015,-0.476487692925147
CUW,Curacao,2016,-0.0472619991623873
CUW,Curacao,2017,1.58549917027221
CUW,Curacao,2018,2.58479965749217
CUW,Curacao,2019,2.62590163550418
CUW,Curacao,2020,2.68113286971705
CUW,Curacao,2021,3.75902232115968
CUW,Curacao,2022,4.99778285828292
CUW,Curacao,2023,2.40355185282874
CYM,Cayman Islands,2007,3.07284853429965
CYM,Cayman Islands,2008,3.04772749497712
CYM,Cayman Islands,2009,0.610375781069393
CYM,Cayman Islands,2010,-0.20640583789077
CYM,Cayman Islands,2011,-0.46045298844831
CYM,Cayman Islands,2012,1.26141317100767
CYM,Cayman Islands,2013,1.37820331588176
CYM,Cayman Islands,2014,0.886728378363429
CYM,Cayman Islands,2015,0.341900567720671
CYM,Cayman Islands,2016,1.00009233254727
CYM,Cayman Islands,2017,1.98679824630499
CYM,Cayman Islands,2018,2.66279949920632
CYM,Cayman Islands,2019,3.39631203940991
CYM,Cayman Islands,2020,0.139369732138746
CYM,Cayman Islands,2021,2.1453321619356
CYM,Cayman Islands,2022,3.58324759973381
CYM,Cayman Islands,2023,3.64092096854627
CYP,Cyprus,2000,2.74344564026107
CYP,Cyprus,2001,3.66029355253119
CYP,Cyprus,2002,0.296396056514055
CYP,Cyprus,2003,5.38769793007168
CYP,Cyprus,2004,2.70922879204608
CYP,Cyprus,2005,2.01950935851605
CYP,Cyprus,2006,3.086062010182
CYP,Cyprus,2007,4.138210620417
CYP,Cyprus,2008,4.73480325951397
CYP,Cyprus,2009,0.263083463505069
CYP,Cyprus,2010,1.88051148001726
CYP,Cyprus,2011,1.61624900011381
CYP,Cyprus,2012,1.67877921551435
CYP,Cyprus,2013,-0.937739537664939
CYP,Cyprus,2014,-1.33826258326664
CYP,Cyprus,2015,-0.754233926922836
CYP,Cyprus,2016,-0.574742676988038
CYP,Cyprus,2017,1.02039367253803
CYP,Cyprus,2018,1.02575008362142
CYP,Cyprus,2019,1.35009084401798
CYP,Cyprus,2020,-1.20792011655351
CYP,Cyprus,2021,3.04391069697645
CYP,Cyprus,2022,6.68855378219979
CYP,Cyprus,2023,3.82970232014782
CZE,Czechia,2000,1.75947549977866
CZE,Czechia,2001,4.93457746461048
CZE,Czechia,2002,2.80027663544087
CZE,Czechia,2003,1.41248099534141
CZE,Czechia,2004,4.05711059265661
CZE,Czechia,2005,0.117801171537195
CZE,Czechia,2006,0.683240174112825
CZE,Czechia,2007,3.5608713781301
CZE,Czechia,2008,2.02633116957389
CZE,Czechia,2009,2.64518583028629
CZE,Czechia,2010,-0.485125312858614
CZE,Czechia,2011,-0.221133399885247
CZE,Czechia,2012,1.3433900864304
CZE,Czechia,2013,1.27158777843077
CZE,Czechia,2014,2.70671595220047
CZE,Czechia,2015,1.23453645747557
CZE,Czechia,2016,1.49123390258281
CZE,Czechia,2017,1.68362051457846
CZE,Czechia,2018,2.81335978857678
CZE,Czechia,2019,3.84131790816744
CZE,Czechia,2020,4.51623222399486
CZE,Czechia,2021,4.03442638918558
CZE,Czechia,2022,8.67110088094911
CZE,Czechia,2023,8.15889263966358
DEU,Germany,2000,-0.343812757492771
DEU,Germany,2001,1.4329895045
DEU,Germany,2002,1.49930880788536
DEU,Germany,2003,1.32178165560011
DEU,Germany,2004,1.15505926547247
DEU,Germany,2005,0.534316525502064
DEU,Germany,2006,0.446999819733776
DEU,Germany,2007,1.83955502364017
DEU,Germany,2008,0.947839900359398
DEU,Germany,2009,1.9947040666511
DEU,Germany,2010,0.682498555076293
DEU,Germany,2011,1.23193488042945
DEU,Germany,2012,1.43207641485445
DEU,Germany,2013,1.99503161955657
DEU,Germany,2014,1.90082487333854
DEU,Germany,2015,1.68539778304084
DEU,Germany,2016,1.25625862371237
DEU,Germany,2017,1.46798919402306
DEU,Germany,2018,1.86533423127291
DEU,Germany,2019,2.01597612377067
DEU,Germany,2020,1.75504597095741
DEU,Germany,2021,2.80292938819132
DEU,Germany,2022,6.09185662231558
DEU,Germany,2023,6.14291653024772
DJI,Djibouti,2014,1.26230441351029
DJI,Djibouti,2015,1.80710082094966
DJI,Djibouti,2016,0.302782333572253
DJI,Djibouti,2017,0.562231530282162
DJI,Djibouti,2018,0.656016212542539
DJI,Djibouti,2019,0.449797430981619
DJI,Djibouti,2020,1.77780976577868
DJI,Djibouti,2021,1.70103136920272
DJI,Djibouti,2022,4.61922015773493
DJI,Djibouti,2023,4.56452579428684
DMA,Dominica,2000,-1.78273060588339
DMA,Dominica,2001,2.08434537110425
DMA,Dominica,2002,0.790588617204534
DMA,Dominica,2003,-3.11927298068933
DMA,Dominica,2004,3.79200651376708
DMA,Dominica,2005,-1.4482278443829
DMA,Dominica,2006,2.36708049903913
DMA,Dominica,2007,1.52504863379201
DMA,Dominica,2008,1.50837811577367
DMA,Dominica,2009,8.00391387466848
DMA,Dominica,2010,0.296969744927253
DMA,Dominica,2011,1.6853218819098
DMA,Dominica,2012,-1.96154334602758
DMA,Dominica,2013,3.56648686732856
DMA,Dominica,2014,-0.297826834035376
DMA,Dominica,2015,6.81983377311113
DMA,Dominica,2016,3.69789870271713
DMA,Dominica,2017,-3.07331479794894
DMA,Dominica,2018,2.72491582561258
DMA,Dominica,2019,4.48328635371882
DMA,Dominica,2020,-1.13372148579388
DMA,Dominica,2021,3.02596515876192
DMA,Dominica,2022,3.56303629768684
DMA,Dominica,2023,2.86621599756806
DNK,Denmark,2000,3.01337860060458
DNK,Denmark,2001,2.51734647587271
DNK,Denmark,2002,2.38932906577161
DNK,Denmark,2003,1.49453569209793
DNK,Denmark,2004,2.08488936896001
DNK,Denmark,2005,2.89794820154816
DNK,Denmark,2006,2.0885516235807
DNK,Denmark,2007,2.42481356608116
DNK,Denmark,2008,4.2542588202313
DNK,Denmark,2009,0.571749193755537
DNK,Denmark,2010,3.18685980343099
DNK,Denmark,2011,0.646380325027508
DNK,Denmark,2012,2.4078426280274
DNK,Denmark,2013,0.846911221576292
DNK,Denmark,2014,1.01870652494551
DNK,Denmark,2015,0.409102896444253
DNK,Denmark,2016,0.4265129525064
DNK,Denmark,2017,1.10061874339993
DNK,Denmark,2018,0.593022200778364
DNK,Denmark,2019,0.950878601964675
DNK,Denmark,2020,2.82692165384543
DNK,Denmark,2021,2.76891919858527
DNK,Denmark,2022,9.09696553405558
DNK,Denmark,2023,-3.78891798596015
DOM,Dominican Republic,2000,7.20776279717097
DOM,Dominican Republic,2001,6.04073883566554
DOM,Dominican Republic,2002,6.92066884933828
DOM,Dominican Republic,2003,33.4615406633308
DOM,Dominican Republic,2004,45.166310045594
DOM,Dominican Republic,2005,5.78125184255489
DOM,Dominican Republic,2006,6.64124477285613
DOM,Dominican Republic,2007,7.63662743651099
DOM,Dominican Republic,2008,10.3916875139185
DOM,Dominican Republic,2009,3.49814656597557
DOM,Dominican Republic,2010,5.44341331542486
DOM,Dominican Republic,2011,8.06075517514766
DOM,Dominican Republic,2012,5.09818154500647
DOM,Dominican Republic,2013,4.69281914231266
DOM,Dominican Republic,2014,4.32128893767675
DOM,Dominican Republic,2015,2.47188597709767
DOM,Dominican Republic,2016,1.99367846452935
DOM,Dominican Republic,2017,4.18137503365021
DOM,Dominican Republic,2018,4.12148968696981
DOM,Dominican Republic,2019,2.52561865647056
DOM,Dominican Republic,2020,4.72350401957794
DOM,Dominican Republic,2021,7.77715811136834
DOM,Dominican Republic,2022,10.7141556508469
DOM,Dominican Republic,2023,6.42391980187598
DZA,Algeria,2000,22.6780091898695
DZA,Algeria,2001,8.01436296032362
DZA,Algeria,2002,1.37285594197843
DZA,Algeria,2003,8.94246223966068
DZA,Algeria,2004,11.4465037894298
DZA,Algeria,2005,12.3615933409306
DZA,Algeria,2006,10.7811837491585
DZA,Algeria,2007,7.09551578753664
DZA,Algeria,2008,15.1178821648641
DZA,Algeria,2009,-7.37374817582526
DZA,Algeria,2010,15.5569181228695
DZA,Algeria,2011,16.908708362389
DZA,Algeria,2012,8.0024465381386
DZA,Algeria,2013,0.892752993665269
DZA,Algeria,2014,1.45036466088149
DZA,Algeria,2015,-4.98674479527003
DZA,Algeria,2016,0.85668822422295
DZA,Algeria,2017,4.93800729466362
DZA,Algeria,2018,6.16467836481588
DZA,Algeria,2019,0.882992828066392
DZA,Algeria,2020,-4.71138391622452
DZA,Algeria,2021,15.9325995891296
DZA,Algeria,2022,22.9512626061838
DZA,Algeria,2023,0.854841037372282
EAP,East Asia & Pacific (excluding high income),2000,2.63973272434666
EAP,East Asia & Pacific (excluding high income),2001,4.02071928409904
EAP,East Asia & Pacific (excluding high income),2002,4.23109181372058
EAP,East Asia & Pacific (excluding high income),2003,5.48742913790147
EAP,East Asia & Pacific (excluding high income),2004,5.000584125964
EAP,East Asia & Pacific (excluding high income),2005,6.64518598144788
EAP,East Asia & Pacific (excluding high income),2006,5.27411064845734
EAP,East Asia & Pacific (excluding high income),2007,7.31471517255495
EAP,East Asia & Pacific (excluding high income),2008,7.79534603698191
EAP,East Asia & Pacific (excluding high income),2009,1.76512587619911
EAP,East Asia & Pacific (excluding high income),2010,6.26499886932319
EAP,East Asia & Pacific (excluding high income),2011,5.41240809007968
EAP,East Asia & Pacific (excluding high income),2012,3.57651352093811
EAP,East Asia & Pacific (excluding high income),2013,2.8690452471251
EAP,East Asia & Pacific (excluding high income),2014,3.29936912050763
EAP,East Asia & Pacific (excluding high income),2015,2.53089897431484
EAP,East Asia & Pacific (excluding high income),2016,2.24475651909437
EAP,East Asia & Pacific (excluding high income),2017,2.97917098640468
EAP,East Asia & Pacific (excluding high income),2018,3.74065383086987
EAP,East Asia & Pacific (excluding high income),2019,1.49948619479095
EAP,East Asia & Pacific (excluding high income),2020,1.22360923994052
EAP,East Asia & Pacific (excluding high income),2021,3.71344836687553
EAP,East Asia & Pacific (excluding high income),2022,5.63837728809762
EAP,East Asia & Pacific (excluding high income),2023,3.88899446253055
EAR,Early-demographic dividend,2000,7.20776279717097
EAR,Early-demographic dividend,2001,6.04073883566554
EAR,Early-demographic dividend,2002,4.77470676867063
EAR,Early-demographic dividend,2003,5.75974076655675
EAR,Early-demographic dividend,2004,7.61152431608578
EAR,Early-demographic dividend,2005,7.02679084259007
EAR,Early-demographic dividend,2006,8.40093821740371
EAR,Early-demographic dividend,2007,7.31471517255495
EAR,Early-demographic dividend,2008,11.3650919229748
EAR,Early-demographic dividend,2009,4.87312691925838
EAR,Early-demographic dividend,2010,7.00928360259741
EAR,Early-demographic dividend,2011,8.06075517514766
EAR,Early-demographic dividend,2012,5.00323590794862
EAR,Early-demographic dividend,2013,4.03979089350075
EAR,Early-demographic dividend,2014,4.04671089085367
EAR,Early-demographic dividend,2015,3.13924707851245
EAR,Early-demographic dividend,2016,2.51784593601241
EAR,Early-demographic dividend,2017,4.34963395991817
EAR,Early-demographic dividend,2018,3.81832356943335
EAR,Early-demographic dividend,2019,3.06187945458328
EAR,Early-demographic dividend,2020,3.21740233241114
EAR,Early-demographic dividend,2021,6.00397322136207
EAR,Early-demographic dividend,2022,8.24119195323605
EAR,Early-demographic dividend,2023,4.41698784584244
EAS,East Asia & Pacific,2000,2.59524900352988
EAS,East Asia & Pacific,2001,3.36684864796393
EAS,East Asia & Pacific,2002,3.12888319863409
EAS,East Asia & Pacific,2003,3.13919902823034
EAS,East Asia & Pacific,2004,3.40077939399152
EAS,East Asia & Pacific,2005,4.01448119786032
EAS,East Asia & Pacific,2006,3.95374053497327
EAS,East Asia & Pacific,2007,4.55181814081514
EAS,East Asia & Pacific,2008,7.1718933790194
EAS,East Asia & Pacific,2009,1.83440603874207
EAS,East Asia & Pacific,2010,2.9485448087142
EAS,East Asia & Pacific,2011,3.908337110026
EAS,East Asia & Pacific,2012,2.88426651899299
EAS,East Asia & Pacific,2013,2.1268984974193
EAS,East Asia & Pacific,2014,2.27264477705273
EAS,East Asia & Pacific,2015,2.52668356967288
EAS,East Asia & Pacific,2016,1.76808353719983
EAS,East Asia & Pacific,2017,2.72863624113932
EAS,East Asia & Pacific,2018,3.49974763567195
EAS,East Asia & Pacific,2019,1.49948619479095
EAS,East Asia & Pacific,2020,1.27492101558921
EAS,East Asia & Pacific,2021,3.25017571972322
EAS,East Asia & Pacific,2022,5.46517905025054
EAS,East Asia & Pacific,2023,3.8410061487137
ECA,Europe & Central Asia (excluding high income),2000,27.1617380473374
ECA,Europe & Central Asia (excluding high income),2001,10.200915874305
ECA,Europe & Central Asia (excluding high income),2002,5.80322409676619
ECA,Europe & Central Asia (excluding high income),2003,8.32077420436579
ECA,Europe & Central Asia (excluding high income),2004,8.4336944783275
ECA,Europe & Central Asia (excluding high income),2005,7.93510297063291
ECA,Europe & Central Asia (excluding high income),2006,10.7486157350723
ECA,Europe & Central Asia (excluding high income),2007,12.8727022297205
ECA,Europe & Central Asia (excluding high income),2008,12.046153593928
ECA,Europe & Central Asia (excluding high income),2009,3.26627847024425
ECA,Europe & Central Asia (excluding high income),2010,8.90130951132168
ECA,Europe & Central Asia (excluding high income),2011,10.0870132354684
ECA,Europe & Central Asia (excluding high income),2012,5.69492443855372
ECA,Europe & Central Asia (excluding high income),2013,3.49991704639481
ECA,Europe & Central Asia (excluding high income),2014,3.74965558187807
ECA,Europe & Central Asia (excluding high income),2015,2.19434690627374
ECA,Europe & Central Asia (excluding high income),2016,3.50806334370899
ECA,Europe & Central Asia (excluding high income),2017,6.28980617702843
ECA,Europe & Central Asia (excluding high income),2018,3.33677576027664
ECA,Europe & Central Asia (excluding high income),2019,3.82718214785177
ECA,Europe & Central Asia (excluding high income),2020,2.22797604954881
ECA,Europe & Central Asia (excluding high income),2021,8.47251160639347
ECA,Europe & Central Asia (excluding high income),2022,12.082081128641
ECA,Europe & Central Asia (excluding high income),2023,7.56734869529775
ECS,Europe & Central Asia,2000,4.47967881735316
ECS,Europe & Central Asia,2001,4.09514138773128
ECS,Europe & Central Asia,2002,3.28200527560323
ECS,Europe & Central Asia,2003,3.49287081530224
ECS,Europe & Central Asia,2004,3.49115483978527
ECS,Europe & Central Asia,2005,3.25778740662618
ECS,Europe & Central Asia,2006,3.60897403829189
ECS,Europe & Central Asia,2007,4.28207267323516
ECS,Europe & Central Asia,2008,5.14866635179049
ECS,Europe & Central Asia,2009,1.8361578215539
ECS,Europe & Central Asia,2010,1.95405819967772
ECS,Europe & Central Asia,2011,2.74248694353884
ECS,Europe & Central Asia,2012,2.30678949485736
ECS,Europe & Central Asia,2013,1.46435077472427
ECS,Europe & Central Asia,2014,1.39387536573275
ECS,Europe & Central Asia,2015,1.3432208131948
ECS,Europe & Central Asia,2016,1.32688898114866
ECS,Europe & Central Asia,2017,1.91914020037598
ECS,Europe & Central Asia,2018,2.33659148986059
ECS,Europe & Central Asia,2019,2.3432096640605
ECS,Europe & Central Asia,2020,1.80012779437816
ECS,Europe & Central Asia,2021,3.73941259915679
ECS,Europe & Central Asia,2022,8.19886147930275
ECS,Europe & Central Asia,2023,6.4069165256975
ECU,Ecuador,2000,-11.6834509266758
ECU,Ecuador,2001,26.5982167835475
ECU,Ecuador,2002,11.4865624240994
ECU,Ecuador,2003,11.2472798399136
ECU,Ecuador,2004,6.39061997126917
ECU,Ecuador,2005,8.5829912693266
ECU,Ecuador,2006,8.71658582881744
ECU,Ecuador,2007,7.06342171694234
ECU,Ecuador,2008,15.0941160082403
ECU,Ecuador,2009,-2.76912594900325
ECU,Ecuador,2010,9.01371738601253
ECU,Ecuador,2011,6.83751222954146
ECU,Ecuador,2012,5.00323590794862
ECU,Ecuador,2013,2.66686728017176
ECU,Ecuador,2014,2.05296051570632
ECU,Ecuador,2015,-5.47563265671535
ECU,Ecuador,2016,1.17114450392724
ECU,Ecuador,2017,0.932031656124835
ECU,Ecuador,2018,1.81939670683758
ECU,Ecuador,2019,-0.0565751872692744
ECU,Ecuador,2020,-1.82595644256135
ECU,Ecuador,2021,2.04901082789537
ECU,Ecuador,2022,2.19571108300103
ECU,Ecuador,2023,-0.408196858042402
EGY,"Egypt, Arab Rep.",2000,3.9444069943829
EGY,"Egypt, Arab Rep.",2001,1.86769984238948
EGY,"Egypt, Arab Rep.",2002,3.16557906750616
EGY,"Egypt, Arab Rep.",2003,6.77749360613839
EGY,"Egypt, Arab Rep.",2004,11.6699083405668
EGY,"Egypt, Arab Rep.",2005,6.21272950618375
EGY,"Egypt, Arab Rep.",2006,7.35997773059287
EGY,"Egypt, Arab Rep.",2007,12.5957398238768
EGY,"Egypt, Arab Rep.",2008,12.2039844630996
EGY,"Egypt, Arab Rep.",2009,11.1855422672375
EGY,"Egypt, Arab Rep.",2010,10.1068646295721
EGY,"Egypt, Arab Rep.",2011,11.6629763507332
EGY,"Egypt, Arab Rep.",2012,19.4828774694148
EGY,"Egypt, Arab Rep.",2013,8.71267457488472
EGY,"Egypt, Arab Rep.",2014,11.2476245037869
EGY,"Egypt, Arab Rep.",2015,9.93088973035982
EGY,"Egypt, Arab Rep.",2016,6.24566313377426
EGY,"Egypt, Arab Rep.",2017,29.5184798346035
EGY,"Egypt, Arab Rep.",2018,21.1748208164536
EGY,"Egypt, Arab Rep.",2019,13.6180959109963
EGY,"Egypt, Arab Rep.",2020,6.17693409847963
EGY,"Egypt, Arab Rep.",2021,4.84715643244118
EGY,"Egypt, Arab Rep.",2022,10.4257892435745
EGY,"Egypt, Arab Rep.",2023,24.8250653743744
EMU,Euro area,2000,3.00678969554613
EMU,Euro area,2001,3.56549051791027
EMU,Euro area,2002,3.10632960896287
EMU,Euro area,2003,3.29720896814655
EMU,Euro area,2004,2.6694946269314
EMU,Euro area,2005,2.30808610474062
EMU,Euro area,2006,2.99080079182585
EMU,Euro area,2007,2.61057158958665
EMU,Euro area,2008,3.01147459583804
EMU,Euro area,2009,0.826254455991474
EMU,Euro area,2010,0.836737164066626
EMU,Euro area,2011,1.64455786724509
EMU,Euro area,2012,1.69057953121213
EMU,Euro area,2013,1.24217063840594
EMU,Euro area,2014,0.678004883700446
EMU,Euro area,2015,1.00513571955375
EMU,Euro area,2016,0.586737235633514
EMU,Euro area,2017,1.36347794376776
EMU,Euro area,2018,1.85885334644831
EMU,Euro area,2019,1.92131128850029
EMU,Euro area,2020,1.69673105025914
EMU,Euro area,2021,2.49536237654851
EMU,Euro area,2022,6.32569953527321
EMU,Euro area,2023,6.1890982846439
ERI,Eritrea,2000,24.9775947531466
ERI,Eritrea,2001,15.0772695786828
ERI,Eritrea,2002,16.1486673617657
ERI,Eritrea,2003,21.8728417590652
ERI,Eritrea,2004,24.7992856783348
ERI,Eritrea,2005,7.62368935878268
ERI,Eritrea,2006,11.3940039534664
ERI,Eritrea,2007,7.28820826067988
ERI,Eritrea,2008,16.0762200958727
ERI,Eritrea,2009,29.5045071421789
ERI,Eritrea,2010,-16.2281996990874
ERI,Eritrea,2011,19.5382281454081
ESP,Spain,2000,3.41275215199308
ESP,Spain,2001,4.16231329368432
ESP,Spain,2002,4.09170223216766
ESP,Spain,2003,4.00396565634753
ESP,Spain,2004,3.91166579007734
ESP,Spain,2005,4.21292347607995
ESP,Spain,2006,4.07248877016583
ESP,Spain,2007,3.56123410802316
ESP,Spain,2008,2.45204362701759
ESP,Spain,2009,0.231283094273067
ESP,Spain,2010,0.292837726232122
ESP,Spain,2011,-0.145958716781735
ESP,Spain,2012,-0.202955006065054
ESP,Spain,2013,0.438174975884493
ESP,Spain,2014,-0.220686783271887
ESP,Spain,2015,0.55244184266985
ESP,Spain,2016,0.372182498532794
ESP,Spain,2017,1.25794431599297
ESP,Spain,2018,1.18735474303686
ESP,Spain,2019,1.42867121354817
ESP,Spain,2020,1.133914569064
ESP,Spain,2021,2.55611238398019
ESP,Spain,2022,4.71187418437
ESP,Spain,2023,6.23528003904008
EST,Estonia,2000,3.68470593171919
EST,Estonia,2001,6.84871455238316
EST,Estonia,2002,4.80387872898523
EST,Estonia,2003,3.88938600534479
EST,Estonia,2004,4.68946479782957
EST,Estonia,2005,5.92389032127517
EST,Estonia,2006,8.97863858720744
EST,Estonia,2007,12.3541662792359
EST,Estonia,2008,6.79511028249959
EST,Estonia,2009,-0.3876296370875
EST,Estonia,2010,1.81654195519067
EST,Estonia,2011,5.5391726685742
EST,Estonia,2012,4.2055273670252
EST,Estonia,2013,4.12395305572544
EST,Estonia,2014,2.8565454191879
EST,Estonia,2015,1.3064346804756
EST,Estonia,2016,2.43852995890495
EST,Estonia,2017,3.74109667289247
EST,Estonia,2018,4.84907777388747
EST,Estonia,2019,3.82267611749334
EST,Estonia,2020,0.753341077907294
EST,Estonia,2021,5.37232915617214
EST,Estonia,2022,15.7824225083313
EST,Estonia,2023,8.05478314709862
ETH,Ethiopia,2000,6.79999995365581
ETH,Ethiopia,2001,-5.7553353403771
ETH,Ethiopia,2002,-3.62143421303298
ETH,Ethiopia,2003,12.7679783276093
ETH,Ethiopia,2004,3.91136245621962
ETH,Ethiopia,2005,9.87551191119556
ETH,Ethiopia,2006,11.5523498044968
ETH,Ethiopia,2007,17.2205794805554
ETH,Ethiopia,2008,30.3116730814218
ETH,Ethiopia,2009,24.1464152909465
ETH,Ethiopia,2010,1.44457231740674
ETH,Ethiopia,2011,20.061875081957
ETH,Ethiopia,2012,33.5414050179965
ETH,Ethiopia,2013,4.90197929907841
ETH,Ethiopia,2014,10.9817882908686
ETH,Ethiopia,2015,10.8365427789744
ETH,Ethiopia,2016,10.3979255406466
ETH,Ethiopia,2017,6.67685508319342
ETH,Ethiopia,2018,12.3822948123876
ETH,Ethiopia,2019,12.8603968185939
ETH,Ethiopia,2020,18.2545902876571
ETH,Ethiopia,2021,21.7632640675501
ETH,Ethiopia,2022,34.6673530169267
ETH,Ethiopia,2023,33.0206928816945
EUU,European Union,2000,3.27013375083118
EUU,European Union,2001,3.66029355253119
EUU,European Union,2002,2.95365633626594
EUU,European Union,2003,2.28608674769211
EUU,European Union,2004,2.96881074959956
EUU,European Union,2005,2.62309460808356
EUU,European Union,2006,2.8955395734697
EUU,European Union,2007,2.9663454228881
EUU,European Union,2008,3.37328382552511
EUU,European Union,2009,1.73939285831332
EUU,European Union,2010,0.920113149429753
EUU,European Union,2011,1.66934505042573
EUU,European Union,2012,1.70237984690991
EUU,European Union,2013,1.1449273315191
EUU,European Union,2014,0.902550731497669
EUU,European Union,2015,1.23453645747557
EUU,European Union,2016,0.885483330309867
EUU,European Union,2017,1.4999372190243
EUU,European Union,2018,1.98705887836203
EUU,European Union,2019,2.33858818675805
EUU,European Union,2020,2.03874603854945
EUU,European Union,2021,2.7426355945688
EUU,European Union,2022,6.68855378219979
EUU,European Union,2023,6.4069165256975
FCS,Fragile and conflict affected situations,2000,9.77706144512396
FCS,Fragile and conflict affected situations,2001,6.55411843600844
FCS,Fragile and conflict affected situations,2002,5.25374127819229
FCS,Fragile and conflict affected situations,2003,6.80044175915803
FCS,Fragile and conflict affected situations,2004,5.79426460544603
FCS,Fragile and conflict affected situations,2005,10.072132103637
FCS,Fragile and conflict affected situations,2006,7.46134453965777
FCS,Fragile and conflict affected situations,2007,7.03666107458216
FCS,Fragile and conflict affected situations,2008,9.50278364771555
FCS,Fragile and conflict affected situations,2009,1.86213189302369
FCS,Fragile and conflict affected situations,2010,6.39240138953099
FCS,Fragile and conflict affected situations,2011,8.58039895814788
FCS,Fragile and conflict affected situations,2012,5.89315892251292
FCS,Fragile and conflict affected situations,2013,2.93476376578086
FCS,Fragile and conflict affected situations,2014,2.01421263022257
FCS,Fragile and conflict affected situations,2015,2.87358724902536
FCS,Fragile and conflict affected situations,2016,2.35601152773487
FCS,Fragile and conflict affected situations,2017,4.97709135296878
FCS,Fragile and conflict affected situations,2018,4.99499373120171
FCS,Fragile and conflict affected situations,2019,4.1352478990478
FCS,Fragile and conflict affected situations,2020,2.69628145077427
FCS,Fragile and conflict affected situations,2021,8.86671534219447
FCS,Fragile and conflict affected situations,2022,10.6137918253156
FCS,Fragile and conflict affected situations,2023,4.65972285962381
FIN,Finland,2000,1.6373922792211
FIN,Finland,2001,3.30463098190734
FIN,Finland,2002,0.943133381955889
FIN,Finland,2003,0.189983210669325
FIN,Finland,2004,0.602239824535914
FIN,Finland,2005,0.929374203846905
FIN,Finland,2006,0.920180249520939
FIN,Finland,2007,2.75439823049277
FIN,Finland,2008,3.03758643288272
FIN,Finland,2009,1.77522532415489
FIN,Finland,2010,0.348873130171754
FIN,Finland,2011,2.60092822778056
FIN,Finland,2012,2.9453461844269
FIN,Finland,2013,2.56139416275289
FIN,Finland,2014,1.64467040761917
FIN,Finland,2015,1.63270263049233
FIN,Finland,2016,0.055195317210746
FIN,Finland,2017,0.836045810858835
FIN,Finland,2018,1.98705887836203
FIN,Finland,2019,1.48185905545748
FIN,Finland,2020,1.63841612956087
FIN,Finland,2021,2.43461236911682
FIN,Finland,2022,5.44943422380896
FIN,Finland,2023,3.91351734729513
FJI,Fiji,2000,-4.71987387917059
FJI,Fiji,2001,3.24539621003876
FJI,Fiji,2002,3.2664474825379
FJI,Fiji,2003,7.70277935731754
FJI,Fiji,2004,2.19400859215372
FJI,Fiji,2005,6.64518598144788
FJI,Fiji,2006,3.74675881881485
FJI,Fiji,2007,3.02445641038638
FJI,Fiji,2008,2.15811881653597
FJI,Fiji,2009,1.39069502079087
FJI,Fiji,2010,4.22978499907929
FJI,Fiji,2011,9.39134051859072
FJI,Fiji,2012,3.57651352093811
FJI,Fiji,2013,3.62129654202479
FJI,Fiji,2014,12.505405677962
FJI,Fiji,2015,2.53089897431484
FJI,Fiji,2016,2.6333258273187
FJI,Fiji,2017,1.69845734775171
FJI,Fiji,2018,1.42571827219933
FJI,Fiji,2019,1.54802217867768
FJI,Fiji,2020,-1.48397938044806
FJI,Fiji,2021,-2.51306312524909
FJI,Fiji,2022,2.44798502613514
FJI,Fiji,2023,4.09957635834306
FRA,France,2000,1.41757330609269
FRA,France,2001,1.90239798365953
FRA,France,2002,2.06427794390869
FRA,France,2003,1.80137945300186
FRA,France,2004,1.63363926345291
FRA,France,2005,1.96210340238625
FRA,France,2006,1.99737950119192
FRA,France,2007,2.38503022478749
FRA,France,2008,2.30079919814972
FRA,France,2009,0.10596110398285
FRA,France,2010,1.0894464568955
FRA,France,2011,0.851478332211457
FRA,France,2012,1.08204689479506
FRA,France,2013,0.747875807739717
FRA,France,2014,0.570795063645548
FRA,France,2015,1.13444010309355
FRA,France,2016,0.517258225639353
FRA,France,2017,0.586343167177745
FRA,France,2018,1.11459330798793
FRA,France,2019,1.21052307126166
FRA,France,2020,2.9779787161909
FRA,France,2021,1.22181611014376
FRA,France,2022,3.22063217116909
FRA,France,2023,5.30357175264875
FRO,Faroe Islands,2009,1.59447437718794
FRO,Faroe Islands,2010,6.94863066561592
FRO,Faroe Islands,2011,-0.952002297174914
FRO,Faroe Islands,2012,-2.40012352793522
FRO,Faroe Islands,2013,1.51621182344519
FRO,Faroe Islands,2014,2.67172494481022
FRO,Faroe Islands,2015,4.87854955309814
FRO,Faroe Islands,2016,7.86638738548197
FRO,Faroe Islands,2017,0.375894775177869
FRO,Faroe Islands,2018,-0.425379106897282
FRO,Faroe Islands,2019,3.49989705671146
FRO,Faroe Islands,2020,-0.111554948657087
FRO,Faroe Islands,2021,2.02544410571137
FRO,Faroe Islands,2022,5.77914288280571
FRO,Faroe Islands,2023,4.0731868743961
FSM,"Micronesia, Fed. Sts.",2000,1.07890621048246
FSM,"Micronesia, Fed. Sts.",2001,1.10884683902268
FSM,"Micronesia, Fed. Sts.",2002,0.0941828893132595
FSM,"Micronesia, Fed. Sts.",2003,-0.364125356444902
FSM,"Micronesia, Fed. Sts.",2004,0.99330611340207
FSM,"Micronesia, Fed. Sts.",2005,2.0969946720524
FSM,"Micronesia, Fed. Sts.",2006,1.38470893905473
FSM,"Micronesia, Fed. Sts.",2007,3.17445993547543
FSM,"Micronesia, Fed. Sts.",2008,5.00497828605305
FSM,"Micronesia, Fed. Sts.",2009,5.36161961358638
FSM,"Micronesia, Fed. Sts.",2010,3.60298457333592
FSM,"Micronesia, Fed. Sts.",2011,1.59563243436212
FSM,"Micronesia, Fed. Sts.",2012,7.12250101573797
FSM,"Micronesia, Fed. Sts.",2013,0.636944648983501
FSM,"Micronesia, Fed. Sts.",2014,3.02389423731965
FSM,"Micronesia, Fed. Sts.",2015,-5.25035878326008
FSM,"Micronesia, Fed. Sts.",2016,2.19417711945734
FSM,"Micronesia, Fed. Sts.",2017,9.55981161695448
FSM,"Micronesia, Fed. Sts.",2018,9.19220055710306
FSM,"Micronesia, Fed. Sts.",2019,-3.4313725490196
FSM,"Micronesia, Fed. Sts.",2020,-3.69543147208122
FSM,"Micronesia, Fed. Sts.",2021,1.98318062005774
FSM,"Micronesia, Fed. Sts.",2022,11.1211664152841
FSM,"Micronesia, Fed. Sts.",2023,6.1442403402407
GAB,Gabon,2000,28.0893435970034
GAB,Gabon,2001,-0.168658932431669
GAB,Gabon,2002,0.855807814236272
GAB,Gabon,2003,-0.217120395730603
GAB,Gabon,2004,7.7652785346058
GAB,Gabon,2005,20.0944728946612
GAB,Gabon,2006,9.86813727770777
GAB,Gabon,2007,4.23136164247251
GAB,Gabon,2008,20.4789590409741
GAB,Gabon,2009,-18.0745351045978
GAB,Gabon,2010,16.5643202141089
GAB,Gabon,2011,12.68122777311
GAB,Gabon,2012,-2.9419027036061
GAB,Gabon,2013,-6.15792493444491
GAB,Gabon,2014,-0.851390333321461
GAB,Gabon,2015,-8.92717245327955
GAB,Gabon,2016,-4.26975397974572
GAB,Gabon,2017,3.82030214446843
GAB,Gabon,2018,7.17665749439934
GAB,Gabon,2019,1.54748519798422
GAB,Gabon,2020,-9.00986856172324
GAB,Gabon,2021,20.3384091824716
GAB,Gabon,2022,14.7583426834649
GAB,Gabon,2023,-9.96401107833999
GBR,United Kingdom,2000,1.12168277632433
GBR,United Kingdom,2001,1.51124724360405
GBR,United Kingdom,2002,2.11905123960993
GBR,United Kingdom,2003,2.38704464690977
GBR,United Kingdom,2004,2.58863879949745
GBR,United Kingdom,2005,2.94152197734185
GBR,United Kingdom,2006,2.79243712895396
GBR,United Kingdom,2007,2.24798308671129
GBR,United Kingdom,2008,3.4271950462041
GBR,United Kingdom,2009,1.89709031895291
GBR,United Kingdom,2010,1.58908069179591
GBR,United Kingdom,2011,2.19599393425145
GBR,United Kingdom,2012,1.54274315899465
GBR,United Kingdom,2013,2.10944102288553
GBR,United Kingdom,2014,1.31890253888587
GBR,United Kingdom,2015,0.658400581149991
GBR,United Kingdom,2016,1.96415133662747
GBR,United Kingdom,2017,1.85511700587182
GBR,United Kingdom,2018,1.92064708685382
GBR,United Kingdom,2019,2.13295141520851
GBR,United Kingdom,2020,4.96982052549251
GBR,United Kingdom,2021,0.0665566228650079
GBR,United Kingdom,2022,5.44390479781602
GBR,United Kingdom,2023,7.29825479586994
GEO,Georgia,2000,4.67821081510431
GEO,Georgia,2001,5.37434640155622
GEO,Georgia,2002,5.91907467017472
GEO,Georgia,2003,3.42601021010252
GEO,Georgia,2004,8.4336944783275
GEO,Georgia,2005,7.93510297063291
GEO,Georgia,2006,8.44730526034763
GEO,Georgia,2007,9.46750810327333
GEO,Georgia,2008,9.5923273865413
GEO,Georgia,2009,-2.13576824299331
GEO,Georgia,2010,15.9058283591544
GEO,Georgia,2011,9.17171128297396
GEO,Georgia,2012,0.291166471422628
GEO,Georgia,2013,-0.650965016455302
GEO,Georgia,2014,4.58990448370156
GEO,Georgia,2015,5.37742167651898
GEO,Georgia,2016,2.27481842989697
GEO,Georgia,2017,7.54674499838114
GEO,Georgia,2018,3.48481628679124
GEO,Georgia,2019,3.99568034557234
GEO,Georgia,2020,6.84793338769904
GEO,Georgia,2021,10.229587650373
GEO,Georgia,2022,8.13545014384806
GEO,Georgia,2023,2.94809953621152
GHA,Ghana,2000,27.230113843564
GHA,Ghana,2001,34.8179440663303
GHA,Ghana,2002,22.8185847230637
GHA,Ghana,2003,28.7044072059077
GHA,Ghana,2004,14.3501511250415
GHA,Ghana,2005,14.963718404163
GHA,Ghana,2006,84.6834718225876
GHA,Ghana,2007,16.1042405872748
GHA,Ghana,2008,19.4102710868683
GHA,Ghana,2009,15.6665686221496
GHA,Ghana,2010,16.5956447322347
GHA,Ghana,2011,13.9148221759821
GHA,Ghana,2012,15.2052787396605
GHA,Ghana,2013,54.0129117583926
GHA,Ghana,2014,23.9399587593999
GHA,Ghana,2015,13.2529666807363
GHA,Ghana,2016,15.7486203078991
GHA,Ghana,2017,10.6773082339139
GHA,Ghana,2018,10.5684824952629
GHA,Ghana,2019,8.48107029698721
GHA,Ghana,2020,9.36557496583738
GHA,Ghana,2021,12.1061016311773
GHA,Ghana,2022,28.1682478691229
GHA,Ghana,2023,33.0798250532954
GIN,Guinea,2000,6.30012395836252
GIN,Guinea,2001,1.75242631853581
GIN,Guinea,2002,0.43277237665886
GIN,Guinea,2003,15.9106965575684
GIN,Guinea,2004,16.5215833233368
GIN,Guinea,2005,27.3908453723395
GIN,Guinea,2006,37.584061466216
GIN,Guinea,2007,13.6188701451883
GIN,Guinea,2008,16.7051270193255
GIN,Guinea,2009,1.77103008648227
GIN,Guinea,2010,16.1026033748146
GIN,Guinea,2011,8.99929064251756
GIN,Guinea,2012,11.5159611123425
GIN,Guinea,2013,4.32935646096067
GIN,Guinea,2014,2.6158977058997
GIN,Guinea,2015,2.9722848994975
GIN,Guinea,2016,5.66895163278967
GIN,Guinea,2017,10.3565072127234
GIN,Guinea,2018,7.05908442039132
GIN,Guinea,2019,9.40290766328131
GIN,Guinea,2020,4.24998016732003
GIN,Guinea,2021,11.9862978624966
GIN,Guinea,2022,2.80558292389495
GIN,Guinea,2023,3.92197888518862
GMB,"Gambia, The",2000,2.2169826127346
GMB,"Gambia, The",2001,1.80543765163377
GMB,"Gambia, The",2002,10.3913445898093
GMB,"Gambia, The",2003,12.8939411821531
GMB,"Gambia, The",2004,94.1901141376152
GMB,"Gambia, The",2005,4.11380528257159
GMB,"Gambia, The",2006,1.30320399765218
GMB,"Gambia, The",2007,4.41482490193262
GMB,"Gambia, The",2008,2.47584586803727
GMB,"Gambia, The",2009,4.51330535299645
GMB,"Gambia, The",2010,5.64433086097335
GMB,"Gambia, The",2011,4.57212350369147
GMB,"Gambia, The",2012,3.84516021372072
GMB,"Gambia, The",2013,5.93313138058191
GMB,"Gambia, The",2014,5.21172310682789
GMB,"Gambia, The",2015,9.72036242675256
GMB,"Gambia, The",2016,7.82062274860979
GMB,"Gambia, The",2017,3.92171862000133
GMB,"Gambia, The",2018,6.95176403794258
GMB,"Gambia, The",2019,6.25220639943007
GMB,"Gambia, The",2020,2.18875895856547
GMB,"Gambia, The",2021,7.3821228563862
GMB,"Gambia, The",2022,8.81707580376896
GMB,"Gambia, The",2023,15.6019043854862
GNB,Guinea-Bissau,2000,-22.9323193799366
GNB,Guinea-Bissau,2001,3.76203746852637
GNB,Guinea-Bissau,2002,3.37438322483159
GNB,Guinea-Bissau,2003,-0.570313376444105
GNB,Guinea-Bissau,2004,-5.48079611953119
GNB,Guinea-Bissau,2005,3.1144126331738
GNB,Guinea-Bissau,2006,-4.24338612900782
GNB,Guinea-Bissau,2007,5.99026579629418
GNB,Guinea-Bissau,2008,12.7627326964103
GNB,Guinea-Bissau,2009,-3.82520779013052
GNB,Guinea-Bissau,2010,5.21501552229329
GNB,Guinea-Bissau,2011,8.45292200371514
GNB,Guinea-Bissau,2012,-0.0272211604902992
GNB,Guinea-Bissau,2013,-0.932275244837825
GNB,Guinea-Bissau,2014,1.2975573716642
GNB,Guinea-Bissau,2015,14.5196628984565
GNB,Guinea-Bissau,2016,2.84072773699329
GNB,Guinea-Bissau,2017,10.3961209224862
GNB,Guinea-Bissau,2018,-2.53156124592356
GNB,Guinea-Bissau,2019,2.15654088111805
GNB,Guinea-Bissau,2020,0.309718603527614
GNB,Guinea-Bissau,2021,2.16173928550757
GNB,Guinea-Bissau,2022,4.2142843930848
GNB,Guinea-Bissau,2023,5.39039286757867
GNQ,Equatorial Guinea,2000,64.7350222970558
GNQ,Equatorial Guinea,2001,-11.9715274350058
GNQ,Equatorial Guinea,2002,-1.58289027139674
GNQ,Equatorial Guinea,2003,0.635621901563525
GNQ,Equatorial Guinea,2004,16.9227635071874
GNQ,Equatorial Guinea,2005,59.3290506697722
GNQ,Equatorial Guinea,2006,12.9763712005288
GNQ,Equatorial Guinea,2007,3.0376538593557
GNQ,Equatorial Guinea,2008,19.8400389323386
GNQ,Equatorial Guinea,2009,-20.8302309584088
GNQ,Equatorial Guinea,2010,24.9065341802403
GNQ,Equatorial Guinea,2011,17.045106569847
GNQ,Equatorial Guinea,2012,4.85478204392102
GNQ,Equatorial Guinea,2013,-1.07267375706822
GNQ,Equatorial Guinea,2014,-1.27384264682834
GNQ,Equatorial Guinea,2015,-20.1927503678985
GNQ,Equatorial Guinea,2016,-6.2854221112699
GNQ,Equatorial Guinea,2017,12.7423831594725
GNQ,Equatorial Guinea,2018,9.51383429692252
GNQ,Equatorial Guinea,2019,-3.16368983363937
GNQ,Equatorial Guinea,2020,-10.1685457458373
GNQ,Equatorial Guinea,2021,17.9386307222713
GNQ,Equatorial Guinea,2022,22.1004087260455
GNQ,Equatorial Guinea,2023,-7.64752019845845
GRC,Greece,2000,1.61880041041648
GRC,Greece,2001,3.47068748328935
GRC,Greece,2002,2.95365633626594
GRC,Greece,2003,3.55858801200597
GRC,Greece,2004,2.96881074959956
GRC,Greece,2005,1.90041814391672
GRC,Greece,2006,3.36453588627148
GRC,Greece,2007,3.36710337451804
GRC,Greece,2008,4.06288931120949
GRC,Greece,2009,2.36843421286838
GRC,Greece,2010,1.180920638269
GRC,Greece,2011,0.976658122998671
GRC,Greece,2012,-0.334570200125881
GRC,Greece,2013,-1.96032167877375
GRC,Greece,2014,-1.92347453577474
GRC,Greece,2015,-0.17475366575222
GRC,Greece,2016,-0.489960701596374
GRC,Greece,2017,0.203613276800695
GRC,Greece,2018,-0.234800895538129
GRC,Greece,2019,0.245015797961827
GRC,Greece,2020,-0.3639597319481
GRC,Greece,2021,1.39275645318513
GRC,Greece,2022,6.4958241447423
GRC,Greece,2023,5.87456266805546
GRD,Grenada,2000,2.86302977239589
GRD,Grenada,2001,2.14417694306613
GRD,Grenada,2002,0.372146666086891
GRD,Grenada,2003,-0.0770720974060168
GRD,Grenada,2004,2.0311480128201
GRD,Grenada,2005,2.48974192114287
GRD,Grenada,2006,4.6325878594249
GRD,Grenada,2007,2.3194437271099
GRD,Grenada,2008,7.84772902644215
GRD,Grenada,2009,-0.00989979844902678
GRD,Grenada,2010,0.479792195397422
GRD,Grenada,2011,0.224507391716472
GRD,Grenada,2012,3.92615000865237
GRD,Grenada,2013,2.92309825170382
GRD,Grenada,2014,0.775212924728535
GRD,Grenada,2015,2.75839206279986
GRD,Grenada,2016,2.64424525750435
GRD,Grenada,2017,1.5261735013888
GRD,Grenada,2018,-0.703659389914975
GRD,Grenada,2019,3.32753294754764
GRD,Grenada,2020,-0.299985587376284
GRD,Grenada,2021,2.79031777299367
GRD,Grenada,2022,1.62494161129776
GRD,Grenada,2023,3.823033409956
GRL,Greenland,2000,2.11009321468467
GRL,Greenland,2001,3.40225682840818
GRL,Greenland,2002,3.10308366667165
GRL,Greenland,2003,6.53297806665232
GRL,Greenland,2004,-0.538444084879913
GRL,Greenland,2005,-3.22917708259992
GRL,Greenland,2006,2.23838314534038
GRL,Greenland,2007,-0.0475153423214891
GRL,Greenland,2008,-2.01334418011534
GRL,Greenland,2009,5.53863543152578
GRL,Greenland,2010,2.02760491933817
GRL,Greenland,2011,2.88404565929712
GRL,Greenland,2012,3.44533181192106
GRL,Greenland,2013,1.06737253143181
GRL,Greenland,2014,0.990273554004744
GRL,Greenland,2015,8.14438057205848
GRL,Greenland,2016,3.53778245812826
GRL,Greenland,2017,3.2664996424492
GRL,Greenland,2018,1.84672035174569
GRL,Greenland,2019,0.744863000194002
GRL,Greenland,2020,0.703000441093323
GRL,Greenland,2021,-0.416168295320645
GTM,Guatemala,2000,6.83011466821127
GTM,Guatemala,2001,-5.61014528351383
GTM,Guatemala,2002,6.4691750654456
GTM,Guatemala,2003,4.47123467160999
GTM,Guatemala,2004,6.02385881441585
GTM,Guatemala,2005,5.66843562624204
GTM,Guatemala,2006,4.98133297071131
GTM,Guatemala,2007,7.11535054335639
GTM,Guatemala,2008,9.4074918223814
GTM,Guatemala,2009,3.60017527305328
GTM,Guatemala,2010,5.13757298846622
GTM,Guatemala,2011,6.89464340316468
GTM,Guatemala,2012,3.37775084412593
GTM,Guatemala,2013,3.35844634594847
GTM,Guatemala,2014,2.86031160659735
GTM,Guatemala,2015,2.23162145989066
GTM,Guatemala,2016,2.70719129663175
GTM,Guatemala,2017,1.7479141087134
GTM,Guatemala,2018,1.27161217513023
GTM,Guatemala,2019,3.56578287211866
GTM,Guatemala,2020,2.87232203437225
GTM,Guatemala,2021,3.16642125173291
GTM,Guatemala,2022,6.31527590909438
GTM,Guatemala,2023,6.64227801635242
GUM,Guam,2003,4.23956469911589
GUM,Guam,2004,1.79534074166956
GUM,Guam,2005,5.0644082344359
GUM,Guam,2006,4.40688073216
GUM,Guam,2007,3.01294733451209
GUM,Guam,2008,3.82348519599265
GUM,Guam,2009,3.19692668414319
GUM,Guam,2010,0.237584677615857
GUM,Guam,2011,0.62907025079673
GUM,Guam,2012,3.43097913322632
GUM,Guam,2013,0.84049308927905
GUM,Guam,2014,2.07782277044168
GUM,Guam,2015,2.52246816503092
GUM,Guam,2016,1.57407577083902
GUM,Guam,2017,0.998991461381451
GUM,Guam,2018,1.47239079307833
GUM,Guam,2019,2.43881496389949
GUM,Guam,2020,4.03539008928644
GUM,Guam,2021,3.25017571972322
GUM,Guam,2022,5.46517905025054
GUY,Guyana,2000,6.58604372567883
GUY,Guyana,2001,0.321971564083512
GUY,Guyana,2002,2.61875157240041
GUY,Guyana,2003,4.71856672944857
GUY,Guyana,2004,6.77523783891412
GUY,Guyana,2005,7.63242891934588
GUY,Guyana,2006,174.857704742568
GUY,Guyana,2007,8.21101038547327
GUY,Guyana,2008,9.55474858618992
GUY,Guyana,2009,1.15311395698279
GUY,Guyana,2010,3.97225241927488
GUY,Guyana,2011,2.40931982980719
GUY,Guyana,2012,4.72761506665056
GUY,Guyana,2013,-0.53668052810572
GUY,Guyana,2014,-2.10540388667033
GUY,Guyana,2015,3.00430951684523
GUY,Guyana,2016,0.898175926516998
GUY,Guyana,2017,2.10900787395214
GUY,Guyana,2018,-2.88748792539391
GUY,Guyana,2019,2.96118846307267
GUY,Guyana,2020,-26.2960990745423
GUY,Guyana,2021,22.4176933066434
GUY,Guyana,2022,12.0604452530687
GUY,Guyana,2023,-12.8675261337105
HIC,High income,2000,2.88433930020895
HIC,High income,2001,2.58976943892402
HIC,High income,2002,2.80027663544087
HIC,High income,2003,2.82473952065922
HIC,High income,2004,3.04242399802695
HIC,High income,2005,2.94152197734185
HIC,High income,2006,2.8955395734697
HIC,High income,2007,3.33382450937479
HIC,High income,2008,4.02960288331762
HIC,High income,2009,1.586850062683
HIC,High income,2010,1.5047865386211
HIC,High income,2011,1.99591508916262
HIC,High income,2012,2.09166482584344
HIC,High income,2013,1.3323001564294
HIC,High income,2014,1.20095646597851
HIC,High income,2015,1.32071091723995
HIC,High income,2016,0.950322479212474
HIC,High income,2017,1.98679824630499
HIC,High income,2018,1.95385298260793
HIC,High income,2019,1.84430430326128
HIC,High income,2020,1.32125719950292
HIC,High income,2021,2.80128464647184
HIC,High income,2022,5.9368968854381
HIC,High income,2023,4.75854916721366
HKG,"Hong Kong SAR, China",2000,-3.39416371132833
HKG,"Hong Kong SAR, China",2001,-1.77403160610798
HKG,"Hong Kong SAR, China",2002,-3.40188923853884
HKG,"Hong Kong SAR, China",2003,-6.00769960516233
HKG,"Hong Kong SAR, China",2004,-3.59081194875468
HKG,"Hong Kong SAR, China",2005,-0.150061899138137
HKG,"Hong Kong SAR, China",2006,-0.534803185177395
HKG,"Hong Kong SAR, China",2007,3.13741749094942
HKG,"Hong Kong SAR, China",2008,1.28148277791765
HKG,"Hong Kong SAR, China",2009,-0.375418129080259
HKG,"Hong Kong SAR, China",2010,0.270631981013935
HKG,"Hong Kong SAR, China",2011,3.89786843894694
HKG,"Hong Kong SAR, China",2012,3.54482583426005
HKG,"Hong Kong SAR, China",2013,1.81248196706605
HKG,"Hong Kong SAR, China",2014,2.85026459638024
HKG,"Hong Kong SAR, China",2015,3.6435717873687
HKG,"Hong Kong SAR, China",2016,1.6382712065802
HKG,"Hong Kong SAR, China",2017,2.88058680368654
HKG,"Hong Kong SAR, China",2018,3.65955345372002
HKG,"Hong Kong SAR, China",2019,2.04491647121345
HKG,"Hong Kong SAR, China",2020,0.638293116434753
HKG,"Hong Kong SAR, China",2021,0.683636960252912
HKG,"Hong Kong SAR, China",2022,1.68885829817785
HKG,"Hong Kong SAR, China",2023,2.77774905222925
HND,Honduras,2000,7.99344674107078
HND,Honduras,2001,8.08434938014908
HND,Honduras,2002,5.13193992154596
HND,Honduras,2003,5.75974076655675
HND,Honduras,2004,6.45198385160759
HND,Honduras,2005,7.27916415839877
HND,Honduras,2006,5.34866346521486
HND,Honduras,2007,6.62550716828601
HND,Honduras,2008,7.79051363926141
HND,Honduras,2009,7.65373242322937
HND,Honduras,2010,4.67604329499009
HND,Honduras,2011,7.8072052366428
HND,Honduras,2012,3.57978742613756
HND,Honduras,2013,1.37403051856492
HND,Honduras,2014,6.84935672480186
HND,Honduras,2015,6.9327703694637
HND,Honduras,2016,3.67806814426042
HND,Honduras,2017,4.5128429763521
HND,Honduras,2018,1.94721691531043
HND,Honduras,2019,3.35874088466439
HND,Honduras,2020,3.40198228348704
HND,Honduras,2021,4.60572808888793
HND,Honduras,2022,9.31239503002736
HND,Honduras,2023,6.1785877403702
HPC,Heavily indebted poor countries (HIPC),2000,8.0972754941041
HPC,Heavily indebted poor countries (HIPC),2001,5.82661895863355
HPC,Heavily indebted poor countries (HIPC),2002,3.55421325456054
HPC,Heavily indebted poor countries (HIPC),2003,6.27947337751162
HPC,Heavily indebted poor countries (HIPC),2004,9.05090240497574
HPC,Heavily indebted poor countries (HIPC),2005,8.58488444144687
HPC,Heavily indebted poor countries (HIPC),2006,7.46134453965777
HPC,Heavily indebted poor countries (HIPC),2007,7.28820826067988
HPC,Heavily indebted poor countries (HIPC),2008,9.55474858618992
HPC,Heavily indebted poor countries (HIPC),2009,3.60351518418189
HPC,Heavily indebted poor countries (HIPC),2010,5.64433086097335
HPC,Heavily indebted poor countries (HIPC),2011,8.99929064251756
HPC,Heavily indebted poor countries (HIPC),2012,5.82399948795916
HPC,Heavily indebted poor countries (HIPC),2013,3.58690582613154
HPC,Heavily indebted poor countries (HIPC),2014,2.04949764468354
HPC,Heavily indebted poor countries (HIPC),2015,3.00430951684523
HPC,Heavily indebted poor countries (HIPC),2016,4.08186837702725
HPC,Heavily indebted poor countries (HIPC),2017,4.12270412733761
HPC,Heavily indebted poor countries (HIPC),2018,3.04136223867999
HPC,Heavily indebted poor countries (HIPC),2019,3.00001181631713
HPC,Heavily indebted poor countries (HIPC),2020,3.40198228348704
HPC,Heavily indebted poor countries (HIPC),2021,5.16433588592962
HPC,Heavily indebted poor countries (HIPC),2022,8.66620854081535
HPC,Heavily indebted poor countries (HIPC),2023,4.65972285962381
HRV,Croatia,2000,4.35088461209688
HRV,Croatia,2001,4.22808559680259
HRV,Croatia,2002,3.84070455117511
HRV,Croatia,2003,4.30049516603847
HRV,Croatia,2004,3.62413483551181
HRV,Croatia,2005,3.11436952510556
HRV,Croatia,2006,3.88062372679858
HRV,Croatia,2007,4.28626980768851
HRV,Croatia,2008,5.52922978301194
HRV,Croatia,2009,2.98499874568037
HRV,Croatia,2010,0.920113149429753
HRV,Croatia,2011,1.66934505042573
HRV,Croatia,2012,1.41145606381943
HRV,Croatia,2013,0.73288886582057
HRV,Croatia,2014,0.126544520072585
HRV,Croatia,2015,0.12437215819854
HRV,Croatia,2016,0.0151130697192627
HRV,Croatia,2017,1.23163897621677
HRV,Croatia,2018,2.02559756591751
HRV,Croatia,2019,1.98838183285723
HRV,Croatia,2020,0.803359807884533
HRV,Croatia,2021,2.08111752959877
HRV,Croatia,2022,8.01280669780672
HRV,Croatia,2023,11.7403306343319
HTI,Haiti,2000,91.3806637936128
HTI,Haiti,2001,13.2483298704949
HTI,Haiti,2002,10.2209698640329
HTI,Haiti,2003,17.9855214217412
HTI,Haiti,2004,19.3029246947154
HTI,Haiti,2005,10.072132103637
HTI,Haiti,2006,13.5183157532254
HTI,Haiti,2007,4.11225632167309
HTI,Haiti,2008,12.6749391714258
HTI,Haiti,2009,11.6014672379655
HTI,Haiti,2010,7.39382346704139
HTI,Haiti,2011,4.32073061328364
HTI,Haiti,2012,8.20779379091175
HTI,Haiti,2013,8.07714884191483
HTI,Haiti,2014,2.21898603934831
HTI,Haiti,2015,5.20596329822199
HTI,Haiti,2016,15.7032145295515
HTI,Haiti,2017,13.7798773975934
HTI,Haiti,2018,6.5357588755091
HTI,Haiti,2019,19.8003879006213
HTI,Haiti,2020,18.6851861283427
HTI,Haiti,2021,18.9602364056386
HTI,Haiti,2022,30.2012918564443
HTI,Haiti,2023,31.5119631448975
HUN,Hungary,2000,9.58348091637275
HUN,Hungary,2001,11.0465639891595
HUN,Hungary,2002,8.09150583095244
HUN,Hungary,2003,5.43344610640528
HUN,Hungary,2004,5.09107072516386
HUN,Hungary,2005,2.62703094651735
HUN,Hungary,2006,3.65668643970305
HUN,Hungary,2007,5.44367721666583
HUN,Hungary,2008,4.80613866757824
HUN,Hungary,2009,4.1990645514699
HUN,Hungary,2010,2.53257045300049
HUN,Hungary,2011,1.92872070289376
HUN,Hungary,2012,2.89276167816158
HUN,Hungary,2013,2.82053189026186
HUN,Hungary,2014,3.6927260947232
HUN,Hungary,2015,2.7757419080134
HUN,Hungary,2016,1.3204719948326
HUN,Hungary,2017,4.02970505144422
HUN,Hungary,2018,4.847425391946
HUN,Hungary,2019,4.78502518079389
HUN,Hungary,2020,6.38947660567723
HUN,Hungary,2021,6.43924810515087
HUN,Hungary,2022,14.2313411581322
HUN,Hungary,2023,14.7490051351556
IBD,IBRD only,2000,7.38083885101
IBD,IBRD only,2001,5.37434640155622
IBD,IBRD only,2002,4.92118791987299
IBD,IBRD only,2003,5.62319259054456
IBD,IBRD only,2004,7.7652785346058
IBD,IBRD only,2005,6.66772455718578
IBD,IBRD only,2006,8.44730526034763
IBD,IBRD only,2007,7.11535054335639
IBD,IBRD only,2008,9.5923273865413
IBD,IBRD only,2009,3.16159648072517
IBD,IBRD only,2010,7.00928360259741
IBD,IBRD only,2011,6.83751222954146
IBD,IBRD only,2012,4.73363297222332
IBD,IBRD only,2013,2.83972412637765
IBD,IBRD only,2014,2.86031160659735
IBD,IBRD only,2015,2.1694364984367
IBD,IBRD only,2016,2.62804309696658
IBD,IBRD only,2017,4.20702850443691
IBD,IBRD only,2018,3.61211059645764
IBD,IBRD only,2019,2.37667415121405
IBD,IBRD only,2020,2.38848095642257
IBD,IBRD only,2021,6.19285088635113
IBD,IBRD only,2022,9.56630364653237
IBD,IBRD only,2023,5.25924289518227
IBT,IDA & IBRD total,2000,6.83011466821127
IBT,IDA & IBRD total,2001,5.69636400289016
IBT,IDA & IBRD total,2002,4.19252107522244
IBT,IDA & IBRD total,2003,5.61833211850035
IBT,IDA & IBRD total,2004,7.09980032947256
IBT,IDA & IBRD total,2005,7.05610348587702
IBT,IDA & IBRD total,2006,7.55679942246153
IBT,IDA & IBRD total,2007,7.20177940201813
IBT,IDA & IBRD total,2008,9.39011103900804
IBT,IDA & IBRD total,2009,3.13941322099926
IBT,IDA & IBRD total,2010,6.32809696031494
IBT,IDA & IBRD total,2011,7.83332804468386
IBT,IDA & IBRD total,2012,4.92959071322825
IBT,IDA & IBRD total,2013,3.36263549409656
IBT,IDA & IBRD total,2014,2.99107712093694
IBT,IDA & IBRD total,2015,2.96001569336683
IBT,IDA & IBRD total,2016,2.77395951681252
IBT,IDA & IBRD total,2017,4.15203958049391
IBT,IDA & IBRD total,2018,3.57593206720305
IBT,IDA & IBRD total,2019,2.82429576528958
IBT,IDA & IBRD total,2020,2.82883193883481
IBT,IDA & IBRD total,2021,5.8428798374009
IBT,IDA & IBRD total,2022,8.61824524701927
IBT,IDA & IBRD total,2023,5.14466745732078
IDA,IDA total,2000,6.468815226824
IDA,IDA total,2001,6.01279243381738
IDA,IDA total,2002,3.92137857065688
IDA,IDA total,2003,5.53933744651502
IDA,IDA total,2004,6.79561761190055
IDA,IDA total,2005,7.27916415839877
IDA,IDA total,2006,6.79728556994954
IDA,IDA total,2007,7.28820826067988
IDA,IDA total,2008,9.11982488742804
IDA,IDA total,2009,3.11722996127335
IDA,IDA total,2010,5.64433086097335
IDA,IDA total,2011,8.58039895814788
IDA,IDA total,2012,5.82399948795916
IDA,IDA total,2013,3.58693538896726
IDA,IDA total,2014,3.48482234984576
IDA,IDA total,2015,3.69597694948588
IDA,IDA total,2016,2.97683473353541
IDA,IDA total,2017,4.10173894336428
IDA,IDA total,2018,3.52803102290719
IDA,IDA total,2019,3.34313691610601
IDA,IDA total,2020,3.13798391090493
IDA,IDA total,2021,5.56666402809906
IDA,IDA total,2022,8.07767918224402
IDA,IDA total,2023,4.65972285962381
IDB,IDA blend,2000,4.53937220050526
IDB,IDA blend,2001,4.20036560280634
IDB,IDA blend,2002,2.74372157214314
IDB,IDA blend,2003,5.38192737520464
IDB,IDA blend,2004,3.76961636384112
IDB,IDA blend,2005,5.34634143735731
IDB,IDA blend,2006,4.63617938906714
IDB,IDA blend,2007,5.71974957140439
IDB,IDA blend,2008,7.55224645311535
IDB,IDA blend,2009,1.85984206066762
IDB,IDA blend,2010,4.82630221569335
IDB,IDA blend,2011,7.08705667975752
IDB,IDA blend,2012,4.39104776358013
IDB,IDA blend,2013,3.57671112814791
IDB,IDA blend,2014,1.7989498941914
IDB,IDA blend,2015,2.81102859289464
IDB,IDA blend,2016,2.30606279951792
IDB,IDA blend,2017,3.74337042170357
IDB,IDA blend,2018,3.11334381483177
IDB,IDA blend,2019,2.93799665764543
IDB,IDA blend,2020,0.535866232026407
IDB,IDA blend,2021,7.23089062265045
IDB,IDA blend,2022,8.50917325062476
IDB,IDA blend,2023,4.06636025144491
IDN,Indonesia,2000,20.4474568521459
IDN,Indonesia,2001,14.2957154362836
IDN,Indonesia,2002,5.89605169318483
IDN,Indonesia,2003,5.48742913790147
IDN,Indonesia,2004,8.55072703186366
IDN,Indonesia,2005,14.3317870842712
IDN,Indonesia,2006,14.087424416793
IDN,Indonesia,2007,11.2585785308968
IDN,Indonesia,2008,18.1497512494668
IDN,Indonesia,2009,8.27475243172917
IDN,Indonesia,2010,15.2642936576449
IDN,Indonesia,2011,7.46594303367513
IDN,Indonesia,2012,3.75387875323653
IDN,Indonesia,2013,4.96599029131677
IDN,Indonesia,2014,5.44317454935612
IDN,Indonesia,2015,3.98024266013961
IDN,Indonesia,2016,2.43892408688207
IDN,Indonesia,2017,4.29267812199525
IDN,Indonesia,2018,3.81832356943335
IDN,Indonesia,2019,1.59848849984144
IDN,Indonesia,2020,-0.401651435218994
IDN,Indonesia,2021,6.00397322136207
IDN,Indonesia,2022,9.56668684525337
IDN,Indonesia,2023,1.5330736733459
IDX,IDA only,2000,6.69302183966732
IDX,IDA only,2001,6.55411843600844
IDX,IDA only,2002,4.17065591684414
IDX,IDA only,2003,5.75974076655675
IDX,IDA only,2004,7.0727591038912
IDX,IDA only,2005,7.63242891934588
IDX,IDA only,2006,7.46134453965777
IDX,IDA only,2007,7.43627840440044
IDX,IDA only,2008,9.21371767444133
IDX,IDA only,2009,4.03530386157287
IDX,IDA only,2010,6.26499886932319
IDX,IDA only,2011,8.58039895814788
IDX,IDA only,2012,5.89315892251292
IDX,IDA only,2013,3.63300945054496
IDX,IDA only,2014,3.79025038594511
IDX,IDA only,2015,4.23801100733569
IDX,IDA only,2016,3.64687311981158
IDX,IDA only,2017,4.23616904362789
IDX,IDA only,2018,3.80584978003358
IDX,IDA only,2019,3.46709767699252
IDX,IDA only,2020,3.30969230794909
IDX,IDA only,2021,5.56666402809906
IDX,IDA only,2022,8.07767918224402
IDX,IDA only,2023,5.39039286757867
IMN,Isle of Man,2000,3.30467642451447
IMN,Isle of Man,2001,3.94179410350442
IMN,Isle of Man,2002,2.48308532818655
IMN,Isle of Man,2003,3.16682314898067
IMN,Isle of Man,2004,5.4488670166636
IMN,Isle of Man,2005,2.89669891422825
IMN,Isle of Man,2006,3.56126163688073
IMN,Isle of Man,2007,11.6230960809632
IMN,Isle of Man,2008,37.7329037032917
IMN,Isle of Man,2009,6.96588300576593
IMN,Isle of Man,2010,5.20678784279833
IMN,Isle of Man,2011,4.85475952954853
IMN,Isle of Man,2012,-3.68368421655127
IMN,Isle of Man,2013,1.53566217535929
IMN,Isle of Man,2014,-0.522056397610342
IMN,Isle of Man,2015,-0.627042047072379
IMN,Isle of Man,2016,2.2367860662342
IMN,Isle of Man,2017,3.99999709759626
IMN,Isle of Man,2018,1.29998718635152
IMN,Isle of Man,2019,1.80000342483409
IMN,Isle of Man,2020,-0.205802426208734
IMN,Isle of Man,2021,6.5149168978037
IND,India,2000,3.64497015989629
IND,India,2001,3.21561601727176
IND,India,2002,3.71568377761413
IND,India,2003,3.8677980853483
IND,India,2004,5.72541322793228
IND,India,2005,5.6219032632798
IND,India,2006,8.40093821740371
IND,India,2007,6.9444182524999
IND,India,2008,9.19396962637209
IND,India,2009,7.04036543564477
IND,India,2010,10.5260308551661
IND,India,2011,8.73357890618065
IND,India,2012,7.9343874779296
IND,India,2013,6.18650400083453
IND,India,2014,3.33175691706154
IND,India,2015,2.27958810849833
IND,India,2016,3.23797495080767
IND,India,2017,3.96925793352338
IND,India,2018,3.88424027196663
IND,India,2019,2.40551716106513
IND,India,2020,4.81485791893405
IND,India,2021,8.35490771481598
IND,India,2022,6.74751308321969
IND,India,2023,1.33405065563208
IRL,Ireland,2000,6.87495036290895
IRL,Ireland,2001,6.85968606420811
IRL,Ireland,2002,5.18690228016905
IRL,Ireland,2003,3.91173002963818
IRL,Ireland,2004,0.515337991145543
IRL,Ireland,2005,3.07321051112383
IRL,Ireland,2006,3.41989682157653
IRL,Ireland,2007,1.19848938400241
IRL,Ireland,2008,-0.504526540606662
IRL,Ireland,2009,-4.62459909075902
IRL,Ireland,2010,-2.85830318555095
IRL,Ireland,2011,1.8645376125239
IRL,Ireland,2012,2.43515097679379
IRL,Ireland,2013,1.33941394529278
IRL,Ireland,2014,0.260925717324383
IRL,Ireland,2015,8.90845059884661
IRL,Ireland,2016,0.119373685791231
IRL,Ireland,2017,1.4999372190243
IRL,Ireland,2018,0.92433709655964
IRL,Ireland,2019,3.39169553046668
IRL,Ireland,2020,-1.92433938965517
IRL,Ireland,2021,1.09810305153333
IRL,Ireland,2022,6.76287565719737
IRL,Ireland,2023,3.62187153658782
IRN,"Iran, Islamic Rep.",2000,24.9292605173053
IRN,"Iran, Islamic Rep.",2001,14.8054189526999
IRN,"Iran, Islamic Rep.",2002,28.2796940893818
IRN,"Iran, Islamic Rep.",2003,13.1363946157608
IRN,"Iran, Islamic Rep.",2004,24.7082423900547
IRN,"Iran, Islamic Rep.",2005,20.1661916084688
IRN,"Iran, Islamic Rep.",2006,14.5825930244323
IRN,"Iran, Islamic Rep.",2007,22.9390613586981
IRN,"Iran, Islamic Rep.",2008,19.4219808649055
IRN,"Iran, Islamic Rep.",2009,4.59851691322106
IRN,"Iran, Islamic Rep.",2010,15.882625978134
IRN,"Iran, Islamic Rep.",2011,33.4095331541239
IRN,"Iran, Islamic Rep.",2012,18.9538841448282
IRN,"Iran, Islamic Rep.",2013,36.775631886208
IRN,"Iran, Islamic Rep.",2014,9.75876873256327
IRN,"Iran, Islamic Rep.",2015,0.197001678736839
IRN,"Iran, Islamic Rep.",2016,9.39978461338336
IRN,"Iran, Islamic Rep.",2017,13.0353311671579
IRN,"Iran, Islamic Rep.",2018,31.6411842965085
IRN,"Iran, Islamic Rep.",2019,30.5348662272656
IRN,"Iran, Islamic Rep.",2020,44.2649836337424
IRN,"Iran, Islamic Rep.",2021,56.3196546439665
IRN,"Iran, Islamic Rep.",2022,50.585248062505
IRN,"Iran, Islamic Rep.",2023,30.4931401221187
IRQ,Iraq,2000,24.7463688646904
IRQ,Iraq,2001,-19.1508057512295
IRQ,Iraq,2002,8.16786888651433
IRQ,Iraq,2003,13.8561168354067
IRQ,Iraq,2004,17.3093408876534
IRQ,Iraq,2005,35.8533892833561
IRQ,Iraq,2006,23.0540605913159
IRQ,Iraq,2007,14.4390436314681
IRQ,Iraq,2008,30.17540867057
IRQ,Iraq,2009,-19.521200513663
IRQ,Iraq,2010,16.5867407502258
IRQ,Iraq,2011,24.6894374235643
IRQ,Iraq,2012,2.66976938276827
IRQ,Iraq,2013,-0.0113328650677573
IRQ,Iraq,2014,-4.80663703991596
IRQ,Iraq,2015,-28.7601353853759
IRQ,Iraq,2016,-11.1041709203303
IRQ,Iraq,2017,14.6503597888451
IRQ,Iraq,2018,18.2039920993937
IRQ,Iraq,2019,-2.6744400357903
IRQ,Iraq,2020,-11.2201963874445
IRQ,Iraq,2021,38.8998331529519
IRQ,Iraq,2022,26.9938337592464
IRQ,Iraq,2023,-18.1894127218862
ISL,Iceland,2000,4.02479334126352
ISL,Iceland,2001,8.70374978605457
ISL,Iceland,2002,5.87213784679803
ISL,Iceland,2003,0.491863235904162
ISL,Iceland,2004,2.6750133342794
ISL,Iceland,2005,3.06586110573276
ISL,Iceland,2006,8.61668451093136
ISL,Iceland,2007,4.33314563453666
ISL,Iceland,2008,12.1352814872696
ISL,Iceland,2009,10.8047085143171
ISL,Iceland,2010,6.36885446534224
ISL,Iceland,2011,3.09666958205543
ISL,Iceland,2012,3.44088030034162
ISL,Iceland,2013,2.12454183861854
ISL,Iceland,2014,4.14165194460018
ISL,Iceland,2015,6.0545203480569
ISL,Iceland,2016,2.260860866933
ISL,Iceland,2017,0.936992856331969
ISL,Iceland,2018,2.63161215080015
ISL,Iceland,2019,4.4567758015221
ISL,Iceland,2020,4.01588811980919
ISL,Iceland,2021,6.37202614559868
ISL,Iceland,2022,8.88519456670855
ISL,Iceland,2023,5.69949212718926
ISR,Israel,2000,1.93992992965086
ISR,Israel,2001,1.76189715486676
ISR,Israel,2002,4.77470676867063
ISR,Israel,2003,-0.523467068815407
ISR,Israel,2004,0.163590346310571
ISR,Israel,2005,1.02444525792463
ISR,Israel,2006,1.46892302709307
ISR,Israel,2007,0.845336075657514
ISR,Israel,2008,1.32168903097873
ISR,Israel,2009,4.41430871491701
ISR,Israel,2010,1.22335517674681
ISR,Israel,2011,1.46699975880868
ISR,Israel,2012,3.32947036626514
ISR,Israel,2013,1.70388527748064
ISR,Israel,2014,0.658477266941688
ISR,Israel,2015,2.33451238274172
ISR,Israel,2016,0.378235722738012
ISR,Israel,2017,0.0402732589144676
ISR,Israel,2018,0.653516850568892
ISR,Israel,2019,1.90166538221106
ISR,Israel,2020,0.971284967965317
ISR,Israel,2021,2.07020211665778
ISR,Israel,2022,4.72579800556809
ISR,Israel,2023,4.26608944082265
ITA,Italy,2000,1.75602880972008
ITA,Italy,2001,3.063979740947
ITA,Italy,2002,3.30500766954664
ITA,Italy,2003,3.16726431769459
ITA,Italy,2004,2.62976046181673
ITA,Italy,2005,2.08420448729447
ITA,Italy,2006,2.21589144511496
ITA,Italy,2007,2.46674494868053
ITA,Italy,2008,2.40459493235909
ITA,Italy,2009,1.7725353756538
ITA,Italy,2010,0.597839678325897
ITA,Italy,2011,1.72878373434861
ITA,Italy,2012,1.70237984690991
ITA,Italy,2013,1.12578398838561
ITA,Italy,2014,0.902550731497669
ITA,Italy,2015,0.782776474937791
ITA,Italy,2016,1.24817181951231
ITA,Italy,2017,0.709821721481291
ITA,Italy,2018,1.07058153142322
ITA,Italy,2019,1.04700690370913
ITA,Italy,2020,1.57740277527265
ITA,Italy,2021,1.28332191197099
ITA,Italy,2022,3.56016140243167
ITA,Italy,2023,5.81875394007432
JAM,Jamaica,2000,10.5870802513251
JAM,Jamaica,2001,7.80736940095173
JAM,Jamaica,2002,9.08384842898865
JAM,Jamaica,2003,11.6240551108509
JAM,Jamaica,2004,12.8585995341944
JAM,Jamaica,2005,11.4687438682087
JAM,Jamaica,2006,8.84819293265961
JAM,Jamaica,2007,11.3208103797352
JAM,Jamaica,2008,13.54680952549
JAM,Jamaica,2009,11.6565049802064
JAM,Jamaica,2010,9.81023516820396
JAM,Jamaica,2011,5.79618847204975
JAM,Jamaica,2012,6.57190361388207
JAM,Jamaica,2013,8.41581565660749
JAM,Jamaica,2014,6.92994589148002
JAM,Jamaica,2015,6.65540782392959
JAM,Jamaica,2016,4.66411175576692
JAM,Jamaica,2017,6.54982735214614
JAM,Jamaica,2018,4.99324114976486
JAM,Jamaica,2019,3.18250309465809
JAM,Jamaica,2020,3.46419204267427
JAM,Jamaica,2021,7.42596071258264
JAM,Jamaica,2022,12.7978003859778
JAM,Jamaica,2023,11.6865531940529
JOR,Jordan,2000,-0.413869577569187
JOR,Jordan,2001,0.773909402226451
JOR,Jordan,2002,0.924509731059914
JOR,Jordan,2003,2.14726310376403
JOR,Jordan,2004,3.09507950152911
JOR,Jordan,2005,2.00647430326822
JOR,Jordan,2006,10.6494515467628
JOR,Jordan,2007,5.04891837327762
JOR,Jordan,2008,23.6246844255135
JOR,Jordan,2009,3.16159648072517
JOR,Jordan,2010,8.07745609713074
JOR,Jordan,2011,5.91051095801734
JOR,Jordan,2012,4.60681522593885
JOR,Jordan,2013,6.1436238894444
JOR,Jordan,2014,3.44532356315609
JOR,Jordan,2015,2.16975211695323
JOR,Jordan,2016,1.36200664175068
JOR,Jordan,2017,1.78355010971296
JOR,Jordan,2018,2.27304680591043
JOR,Jordan,2019,0.844355656854063
JOR,Jordan,2020,-0.708587970279524
JOR,Jordan,2021,2.20360600532175
JOR,Jordan,2022,2.61607218645355
JOR,Jordan,2023,1.79036458654697
JPN,Japan,2000,-1.33626008998714
JPN,Japan,2001,-1.08487984815201
JPN,Japan,2002,-1.39097861535799
JPN,Japan,2003,-1.60770370751224
JPN,Japan,2004,-1.12476639985243
JPN,Japan,2005,-1.19401768056427
JPN,Japan,2006,-0.862018389228027
JPN,Japan,2007,-0.705243547499791
JPN,Japan,2008,-0.911530288285164
JPN,Japan,2009,-0.569564924624345
JPN,Japan,2010,-1.88074194993916
JPN,Japan,2011,-1.62208025009267
JPN,Japan,2012,-0.75609311955516
JPN,Japan,2013,-0.354375054330276
JPN,Japan,2014,1.68629478626674
JPN,Japan,2015,2.111298993275
JPN,Japan,2016,0.419944376057273
JPN,Japan,2017,-0.0743495037290671
JPN,Japan,2018,-0.00023750638760589
JPN,Japan,2019,0.63480316569607
JPN,Japan,2020,0.941449700794308
JPN,Japan,2021,-0.19006062486126
JPN,Japan,2022,0.333979877221765
JPN,Japan,2023,3.79301783489684
KAZ,Kazakhstan,2000,17.4264026783762
KAZ,Kazakhstan,2001,10.1564326382591
KAZ,Kazakhstan,2002,5.80322409676619
KAZ,Kazakhstan,2003,11.7385246474223
KAZ,Kazakhstan,2004,16.1316269947904
KAZ,Kazakhstan,2005,17.8748272505452
KAZ,Kazakhstan,2006,21.5517089095579
KAZ,Kazakhstan,2007,15.5270972952622
KAZ,Kazakhstan,2008,20.9365382117877
KAZ,Kazakhstan,2009,4.69108507403161
KAZ,Kazakhstan,2010,19.5422853937296
KAZ,Kazakhstan,2011,20.5429582655299
KAZ,Kazakhstan,2012,4.78556981066754
KAZ,Kazakhstan,2013,9.49908144359215
KAZ,Kazakhstan,2014,5.77123952478276
KAZ,Kazakhstan,2015,1.82354987628641
KAZ,Kazakhstan,2016,13.6384336176426
KAZ,Kazakhstan,2017,11.211105653729
KAZ,Kazakhstan,2018,9.20560599766662
KAZ,Kazakhstan,2019,7.63328623733945
KAZ,Kazakhstan,2020,4.21085829258907
KAZ,Kazakhstan,2021,13.9300750551614
KAZ,Kazakhstan,2022,19.7690064802492
KAZ,Kazakhstan,2023,9.85761932391583
KEN,Kenya,2000,6.07984848923864
KEN,Kenya,2001,1.57312029702597
KEN,Kenya,2002,0.93320555589554
KEN,Kenya,2003,6.19731323900996
KEN,Kenya,2004,7.12684155505391
KEN,Kenya,2005,4.89964972058961
KEN,Kenya,2006,23.5301332510109
KEN,Kenya,2007,8.12948559613378
KEN,Kenya,2008,15.1511749642626
KEN,Kenya,2009,27.6968163767013
KEN,Kenya,2010,1.63919964802533
KEN,Kenya,2011,10.0650129672316
KEN,Kenya,2012,9.52297221154848
KEN,Kenya,2013,7.3375622336044
KEN,Kenya,2014,7.63503190149002
KEN,Kenya,2015,9.23865468396285
KEN,Kenya,2016,5.84962894648808
KEN,Kenya,2017,7.58193402820181
KEN,Kenya,2018,4.21502841459056
KEN,Kenya,2019,4.2752342393575
KEN,Kenya,2020,4.94885283291357
KEN,Kenya,2021,4.3307475585662
KEN,Kenya,2022,6.95705445631218
KEN,Kenya,2023,6.10780209189015
KGZ,Kyrgyz Republic,2000,27.1617380473374
KGZ,Kyrgyz Republic,2001,7.33297415426459
KGZ,Kyrgyz Republic,2002,2.02529559228444
KGZ,Kyrgyz Republic,2003,3.97456242996095
KGZ,Kyrgyz Republic,2004,5.10869478075887
KGZ,Kyrgyz Republic,2005,7.12862226955437
KGZ,Kyrgyz Republic,2006,9.39161779468316
KGZ,Kyrgyz Republic,2007,14.8765522207783
KGZ,Kyrgyz Republic,2008,22.2159884113739
KGZ,Kyrgyz Republic,2009,4.03530386157287
KGZ,Kyrgyz Republic,2010,10.0339035419669
KGZ,Kyrgyz Republic,2011,22.4818422448936
KGZ,Kyrgyz Republic,2012,8.65631680881187
KGZ,Kyrgyz Republic,2013,3.17518813604272
KGZ,Kyrgyz Republic,2014,8.41522543621389
KGZ,Kyrgyz Republic,2015,3.42728750288953
KGZ,Kyrgyz Republic,2016,6.05056427055605
KGZ,Kyrgyz Republic,2017,6.32714586262388
KGZ,Kyrgyz Republic,2018,3.44744511589256
KGZ,Kyrgyz Republic,2019,9.81131194747459
KGZ,Kyrgyz Republic,2020,5.34018553508729
KGZ,Kyrgyz Republic,2021,15.992797923604
KGZ,Kyrgyz Republic,2022,19.6572842421774
KGZ,Kyrgyz Republic,2023,13.4157414075184
KHM,Cambodia,2000,-3.23183761782212
KHM,Cambodia,2001,6.39768180690317
KHM,Cambodia,2002,1.99307788083713
KHM,Cambodia,2003,3.27258919409623
KHM,Cambodia,2004,7.50279728095273
KHM,Cambodia,2005,8.0167045733216
KHM,Cambodia,2006,6.79728556994954
KHM,Cambodia,2007,8.60024943029427
KHM,Cambodia,2008,11.7884320279306
KHM,Cambodia,2009,0.751138640296162
KHM,Cambodia,2010,6.26499886932319
KHM,Cambodia,2011,4.95076723151411
KHM,Cambodia,2012,2.63843608534771
KHM,Cambodia,2013,2.8690452471251
KHM,Cambodia,2014,3.29936912050763
KHM,Cambodia,2015,3.06935934141643
KHM,Cambodia,2016,1.58007480575829
KHM,Cambodia,2017,2.07650709154852
KHM,Cambodia,2018,3.81658094506807
KHM,Cambodia,2019,2.79255741070172
KHM,Cambodia,2020,-0.824281402832511
KHM,Cambodia,2021,2.64573403501885
KHM,Cambodia,2022,3.51502483143302
KHM,Cambodia,2023,1.06309607242758
KIR,Kiribati,2000,0.999410501910305
KIR,Kiribati,2001,0.323139353024771
KIR,Kiribati,2002,8.01171384518935
KIR,Kiribati,2003,9.44077098782279
KIR,Kiribati,2004,-3.90622574937444
KIR,Kiribati,2005,4.03382900497181
KIR,Kiribati,2006,-5.43651943832718
KIR,Kiribati,2007,7.31471517255495
KIR,Kiribati,2008,9.50278364771555
KIR,Kiribati,2009,1.9984618347907
KIR,Kiribati,2010,-0.858149904545002
KIR,Kiribati,2011,1.99862599481449
KIR,Kiribati,2012,-0.542030495756194
KIR,Kiribati,2013,-2.97924613794956
KIR,Kiribati,2014,5.00430936891283
KIR,Kiribati,2015,3.13924707851245
KIR,Kiribati,2016,1.71663114660052
KIR,Kiribati,2017,0.91703742395508
KIR,Kiribati,2018,3.86213659037344
KIR,Kiribati,2019,-3.28622635523891
KIR,Kiribati,2020,4.45803262864328
KIR,Kiribati,2021,9.47162129039607
KIR,Kiribati,2022,-2.43745796327806
KIR,Kiribati,2023,3.36844589533216
KNA,St. Kitts and Nevis,2000,-5.75137393409402
KNA,St. Kitts and Nevis,2001,3.3332218722913
KNA,St. Kitts and Nevis,2002,3.47602085514819
KNA,St. Kitts and Nevis,2003,1.66939097961971
KNA,St. Kitts and Nevis,2004,3.83914963846918
KNA,St. Kitts and Nevis,2005,-1.62376578076149
KNA,St. Kitts and Nevis,2006,14.1683305695624
KNA,St. Kitts and Nevis,2007,6.32437713169216
KNA,St. Kitts and Nevis,2008,1.35551501481876
KNA,St. Kitts and Nevis,2009,3.06968292788258
KNA,St. Kitts and Nevis,2010,0.628549213284927
KNA,St. Kitts and Nevis,2011,5.65965351498537
KNA,St. Kitts and Nevis,2012,-0.643441223095877
KNA,St. Kitts and Nevis,2013,0.313904254767678
KNA,St. Kitts and Nevis,2014,1.20095646597851
KNA,St. Kitts and Nevis,2015,-0.156232298668698
KNA,St. Kitts and Nevis,2016,1.20132522527356
KNA,St. Kitts and Nevis,2017,4.75051936491064
KNA,St. Kitts and Nevis,2018,-0.14899986700226
KNA,St. Kitts and Nevis,2019,0.0747452453393862
KNA,St. Kitts and Nevis,2020,-5.74014001963613
KNA,St. Kitts and Nevis,2021,-3.32596719351518
KNA,St. Kitts and Nevis,2022,3.42010359088465
KNA,St. Kitts and Nevis,2023,5.14466745732078
KOR,"Korea, Rep.",2000,1.02176500548737
KOR,"Korea, Rep.",2001,3.47849914716076
KOR,"Korea, Rep.",2002,3.03313964628073
KOR,"Korea, Rep.",2003,3.44999346268816
KOR,"Korea, Rep.",2004,3.12788028772735
KOR,"Korea, Rep.",2005,1.041401491649
KOR,"Korea, Rep.",2006,-0.223195612442552
KOR,"Korea, Rep.",2007,2.41919594427836
KOR,"Korea, Rep.",2008,2.8263023010858
KOR,"Korea, Rep.",2009,3.60864412572843
KOR,"Korea, Rep.",2010,2.73749683726491
KOR,"Korea, Rep.",2011,1.2818638059201
KOR,"Korea, Rep.",2012,1.2518081696316
KOR,"Korea, Rep.",2013,1.01854380505277
KOR,"Korea, Rep.",2014,0.906896750615815
KOR,"Korea, Rep.",2015,3.18559596664953
KOR,"Korea, Rep.",2016,1.98603850545349
KOR,"Korea, Rep.",2017,2.22278138152841
KOR,"Korea, Rep.",2018,0.482948983102617
KOR,"Korea, Rep.",2019,-0.839325308149668
KOR,"Korea, Rep.",2020,1.56374685675343
KOR,"Korea, Rep.",2021,2.76293194144772
KOR,"Korea, Rep.",2022,1.27552257409207
KOR,"Korea, Rep.",2023,2.06407396162432
KWT,Kuwait,2000,20.521710179026
KWT,Kuwait,2001,-7.71871077505772
KWT,Kuwait,2002,5.14828982462735
KWT,Kuwait,2003,4.92065019374949
KWT,Kuwait,2004,11.3712679311342
KWT,Kuwait,2005,21.7710117887694
KWT,Kuwait,2006,16.1763628454097
KWT,Kuwait,2007,4.30736220673592
KWT,Kuwait,2008,18.6629427337913
KWT,Kuwait,2009,-17.1665374455073
KWT,Kuwait,2010,11.1033505813839
KWT,Kuwait,2011,17.2275372444238
KWT,Kuwait,2012,7.4872520591001
KWT,Kuwait,2013,0.223023775634857
KWT,Kuwait,2014,-6.75796305451594
KWT,Kuwait,2015,-25.9583314682208
KWT,Kuwait,2016,-6.83784137377464
KWT,Kuwait,2017,16.2308738354507
KWT,Kuwait,2018,11.2991701085752
KWT,Kuwait,2019,-0.110446099385726
KWT,Kuwait,2020,-16.4586799927762
KWT,Kuwait,2021,28.7770836845713
KWT,Kuwait,2022,18.8292916806594
KWT,Kuwait,2023,-7.35671016267938
LAC,Latin America & Caribbean (excluding high income),2000,6.83011466821127
LAC,Latin America & Caribbean (excluding high income),2001,6.119229850114
LAC,Latin America & Caribbean (excluding high income),2002,5.5023241130699
LAC,Latin America & Caribbean (excluding high income),2003,5.75974076655675
LAC,Latin America & Caribbean (excluding high income),2004,7.28303340681478
LAC,Latin America & Caribbean (excluding high income),2005,5.94079763021928
LAC,Latin America & Caribbean (excluding high income),2006,6.77427411913297
LAC,Latin America & Caribbean (excluding high income),2007,6.43903808702757
LAC,Latin America & Caribbean (excluding high income),2008,8.7785527236756
LAC,Latin America & Caribbean (excluding high income),2009,3.64796491881232
LAC,Latin America & Caribbean (excluding high income),2010,5.44341331542486
LAC,Latin America & Caribbean (excluding high income),2011,5.95334315490372
LAC,Latin America & Caribbean (excluding high income),2012,4.54221493776905
LAC,Latin America & Caribbean (excluding high income),2013,3.35844634594847
LAC,Latin America & Caribbean (excluding high income),2014,2.85700648471038
LAC,Latin America & Caribbean (excluding high income),2015,3.22542892692515
LAC,Latin America & Caribbean (excluding high income),2016,3.67806814426042
LAC,Latin America & Caribbean (excluding high income),2017,3.67138451275035
LAC,Latin America & Caribbean (excluding high income),2018,2.27741531762133
LAC,Latin America & Caribbean (excluding high income),2019,3.32753294754764
LAC,Latin America & Caribbean (excluding high income),2020,2.87232203437225
LAC,Latin America & Caribbean (excluding high income),2021,4.60572808888793
LAC,Latin America & Caribbean (excluding high income),2022,7.25244797063618
LAC,Latin America & Caribbean (excluding high income),2023,5.41879124953701
LAO,Lao PDR,2000,24.7977766095657
LAO,Lao PDR,2001,8.86807380365211
LAO,Lao PDR,2002,6.31846474098954
LAO,Lao PDR,2003,13.450089840918
LAO,Lao PDR,2004,10.6904285437007
LAO,Lao PDR,2005,8.64032248095118
LAO,Lao PDR,2006,10.8051012263872
LAO,Lao PDR,2007,7.43828600469452
LAO,Lao PDR,2008,8.86345063797221
LAO,Lao PDR,2009,-2.93207353184403
LAO,Lao PDR,2010,9.19657111138675
LAO,Lao PDR,2011,10.4687175993928
LAO,Lao PDR,2012,7.52885930495688
LAO,Lao PDR,2013,6.47397208343337
LAO,Lao PDR,2014,5.72655918174564
LAO,Lao PDR,2015,2.34849600685918
LAO,Lao PDR,2016,3.02230644256338
LAO,Lao PDR,2017,1.85209676121123
LAO,Lao PDR,2018,1.91988919391754
LAO,Lao PDR,2019,1.19742392109292
LAO,Lao PDR,2020,5.03450412544517
LAO,Lao PDR,2021,3.71344836687553
LAO,Lao PDR,2022,15.7739459226011
LAO,Lao PDR,2023,24.4217202066692
LBN,Lebanon,2000,-2.08798314732812
LBN,Lebanon,2001,-1.52515154552069
LBN,Lebanon,2002,4.92118791987299
LBN,Lebanon,2003,1.58125248896708
LBN,Lebanon,2004,-1.2346616322255
LBN,Lebanon,2005,-1.06220705635945
LBN,Lebanon,2006,0.880737586375261
LBN,Lebanon,2007,3.13292372272159
LBN,Lebanon,2008,7.53328390625055
LBN,Lebanon,2009,10.2845410020847
LBN,Lebanon,2010,0.578606723263135
LBN,Lebanon,2011,2.96508062083976
LBN,Lebanon,2012,7.48605187549234
LBN,Lebanon,2013,2.57845109226618
LBN,Lebanon,2014,0.105278623259466
LBN,Lebanon,2015,3.33578444902192
LBN,Lebanon,2016,0.87129520217637
LBN,Lebanon,2017,2.7485363221939
LBN,Lebanon,2018,5.52248710107466
LBN,Lebanon,2019,4.09482315573024
LBN,Lebanon,2020,85.5420423400206
LBN,Lebanon,2021,150.000716803737
LBN,Lebanon,2022,112.149478998819
LBR,Liberia,2000,53.8122567933531
LBR,Liberia,2001,0.720025735561336
LBR,Liberia,2002,-1.39272821423994
LBR,Liberia,2003,15.5114915940543
LBR,Liberia,2004,16.8582781254993
LBR,Liberia,2005,0.490010500603105
LBR,Liberia,2006,9.13488162981633
LBR,Liberia,2007,12.0176471387966
LBR,Liberia,2008,17.3263455514491
LBR,Liberia,2009,-2.72284314110513
LBR,Liberia,2010,6.51200368905668
LBR,Liberia,2011,10.9234453589782
LBR,Liberia,2012,7.79715716365929
LBR,Liberia,2013,4.71530813283255
LBR,Liberia,2014,0.817921326764434
LBR,Liberia,2015,0.062713425558087
LBR,Liberia,2016,6.97295697153928
LBR,Liberia,2017,-2.61793415299387
LBR,Liberia,2018,-0.209872797387817
LBR,Liberia,2019,-0.560426634044902
LBR,Liberia,2020,-1.38060188980627
LBR,Liberia,2021,5.35427604467455
LBR,Liberia,2022,8.66620854081535
LBR,Liberia,2023,1.23085463416679
LBY,Libya,2000,13.3068623002662
LBY,Libya,2001,7.1848746565278
LBY,Libya,2002,27.247302775382
LBY,Libya,2003,14.3625652729747
LBY,Libya,2004,22.6053424951582
LBY,Libya,2005,28.5685039972063
LBY,Libya,2006,19.6795130437458
LBY,Libya,2007,2.43938616827511
LBY,Libya,2008,23.7093714962272
LBY,Libya,2009,-24.8472677473776
LBY,Libya,2010,19.278545342939
LBY,Libya,2011,24.3427533511905
LBY,Libya,2012,5.98193050372183
LBY,Libya,2013,0.0853923422682783
LBY,Libya,2014,-1.00660401665242
LBY,Libya,2015,-7.04070727195378
LBY,Libya,2016,4.69231431810404
LBY,Libya,2017,1.80666382178316
LBY,Libya,2018,3.59757389264269
LBY,Libya,2019,4.17567264236536
LBY,Libya,2020,-4.75412381683802
LBY,Libya,2021,90.405606412238
LBY,Libya,2022,42.6971019985904
LBY,Libya,2023,-5.34146995735976
LCA,St. Lucia,2000,1.11583405037081
LCA,St. Lucia,2001,-0.912140725343306
LCA,St. Lucia,2002,0.41171045540753
LCA,St. Lucia,2003,5.22451730389426
LCA,St. Lucia,2004,0.708134828409769
LCA,St. Lucia,2005,6.89693651611844
LCA,St. Lucia,2006,5.17561350784197
LCA,St. Lucia,2007,3.59090008384686
LCA,St. Lucia,2008,2.53277352430888
LCA,St. Lucia,2009,0.318436532246153
LCA,St. Lucia,2010,5.42281943230741
LCA,St. Lucia,2011,1.41240495830502
LCA,St. Lucia,2012,2.01336870760498
LCA,St. Lucia,2013,6.00571366566349
LCA,St. Lucia,2014,3.78013189217974
LCA,St. Lucia,2015,3.23704301796657
LCA,St. Lucia,2016,-0.0557002574800691
LCA,St. Lucia,2017,3.45699485015136
LCA,St. Lucia,2018,0.23165307635287
LCA,St. Lucia,2019,2.38707108730274
LCA,St. Lucia,2020,-5.4020373519996
LCA,St. Lucia,2021,11.593212114006
LCA,St. Lucia,2022,4.22003570092014
LCA,St. Lucia,2023,1.48963461512095
LCN,Latin America & Caribbean,2000,4.56004348689325
LCN,Latin America & Caribbean,2001,3.32342676371552
LCN,Latin America & Caribbean,2002,3.7182475900851
LCN,Latin America & Caribbean,2003,4.71856672944857
LCN,Latin America & Caribbean,2004,6.45198385160759
LCN,Latin America & Caribbean,2005,5.94079763021928
LCN,Latin America & Caribbean,2006,6.1071543478173
LCN,Latin America & Caribbean,2007,6.22608464333572
LCN,Latin America & Caribbean,2008,7.57692782562298
LCN,Latin America & Caribbean,2009,3.53797080152426
LCN,Latin America & Caribbean,2010,4.67604329499009
LCN,Latin America & Caribbean,2011,5.48770339491702
LCN,Latin America & Caribbean,2012,3.59822124441102
LCN,Latin America & Caribbean,2013,2.52167569370495
LCN,Latin America & Caribbean,2014,2.50461004026867
LCN,Latin America & Caribbean,2015,3.00430951684523
LCN,Latin America & Caribbean,2016,2.18440361611209
LCN,Latin America & Caribbean,2017,3.03291030935591
LCN,Latin America & Caribbean,2018,2.19247842793764
LCN,Latin America & Caribbean,2019,2.62590163550418
LCN,Latin America & Caribbean,2020,1.48172462037553
LCN,Latin America & Caribbean,2021,4.48797277024499
LCN,Latin America & Caribbean,2022,6.31527590909438
LCN,Latin America & Caribbean,2023,4.45991367594138
LDC,Least developed countries: UN classification,2000,6.35158672796916
LDC,Least developed countries: UN classification,2001,6.69630850135437
LDC,Least developed countries: UN classification,2002,5.2099466383829
LDC,Least developed countries: UN classification,2003,8.11271175819826
LDC,Least developed countries: UN classification,2004,7.19421020570365
LDC,Least developed countries: UN classification,2005,8.30079450738424
LDC,Least developed countries: UN classification,2006,7.27989528597466
LDC,Least developed countries: UN classification,2007,7.31798124511916
LDC,Least developed countries: UN classification,2008,9.18675905596604
LDC,Least developed countries: UN classification,2009,2.40550487042772
LDC,Least developed countries: UN classification,2010,6.3911950513067
LDC,Least developed countries: UN classification,2011,9.39165549203732
LDC,Least developed countries: UN classification,2012,5.82399948795916
LDC,Least developed countries: UN classification,2013,4.37807084310651
LDC,Least developed countries: UN classification,2014,3.43012694628284
LDC,Least developed countries: UN classification,2015,3.74723484932397
LDC,Least developed countries: UN classification,2016,3.84877323619499
LDC,Least developed countries: UN classification,2017,3.45044480320301
LDC,Least developed countries: UN classification,2018,4.39962186985303
LDC,Least developed countries: UN classification,2019,3.93362175985635
LDC,Least developed countries: UN classification,2020,3.87130647826277
LDC,Least developed countries: UN classification,2021,6.27372553968799
LDC,Least developed countries: UN classification,2022,7.42356642322508
LDC,Least developed countries: UN classification,2023,4.93690356074202
LIC,Low income,2000,9.8531369204179
LIC,Low income,2001,4.84544150767007
LIC,Low income,2002,3.44363247387027
LIC,Low income,2003,8.80333248847226
LIC,Low income,2004,10.7106399206208
LIC,Low income,2005,9.45315922975922
LIC,Low income,2006,7.33054791629083
LIC,Low income,2007,7.30472778918162
LIC,Low income,2008,9.18675905596604
LIC,Low income,2009,3.11722996127335
LIC,Low income,2010,5.64433086097335
LIC,Low income,2011,10.3861871358875
LIC,Low income,2012,5.82399948795916
LIC,Low income,2013,4.71530813283255
LIC,Low income,2014,1.79536377351708
LIC,Low income,2015,6.5037166915161
LIC,Low income,2016,4.34922894475879
LIC,Low income,2017,6.44370628779525
LIC,Low income,2018,4.44338527166425
LIC,Low income,2019,4.67764534705535
LIC,Low income,2020,3.90154957064527
LIC,Low income,2021,6.64074341609775
LIC,Low income,2022,9.15161419934587
LIC,Low income,2023,6.0692040169944
LIE,Liechtenstein,2000,1.55252192703072
LIE,Liechtenstein,2001,0.985855937188077
LIE,Liechtenstein,2002,0.650821388246285
LIE,Liechtenstein,2003,0.632556289875552
LIE,Liechtenstein,2004,0.810168671611081
LIE,Liechtenstein,2005,1.19056787026008
LIE,Liechtenstein,2006,1.31488166385525
LIE,Liechtenstein,2007,6.58173780950284
LIE,Liechtenstein,2008,-2.11669284164925
LIE,Liechtenstein,2009,-9.90066262743474
LKA,Sri Lanka,2000,7.27743020932476
LKA,Sri Lanka,2001,13.6648001624429
LKA,Sri Lanka,2002,8.11157025730627
LKA,Sri Lanka,2003,8.74866439756123
LKA,Sri Lanka,2004,8.80149246131563
LKA,Sri Lanka,2005,10.4187267516516
LKA,Sri Lanka,2006,11.2770294472601
LKA,Sri Lanka,2007,14.0284428247112
LKA,Sri Lanka,2008,16.3270160248281
LKA,Sri Lanka,2009,5.87988263586622
LKA,Sri Lanka,2010,26.9348761761573
LKA,Sri Lanka,2011,3.97992934293185
LKA,Sri Lanka,2012,10.4634471767858
LKA,Sri Lanka,2013,6.25288525916727
LKA,Sri Lanka,2014,1.92062881101653
LKA,Sri Lanka,2015,3.01438079835941
LKA,Sri Lanka,2016,5.44322171526078
LKA,Sri Lanka,2017,5.47284529470402
LKA,Sri Lanka,2018,4.29530620201848
LKA,Sri Lanka,2019,3.8705276117724
LKA,Sri Lanka,2020,3.1043067536519
LKA,Sri Lanka,2021,8.02109017405199
LKA,Sri Lanka,2022,47.4637415221157
LKA,Sri Lanka,2023,17.5191628455588
LMC,Lower middle income,2000,5.6879986769014
LMC,Lower middle income,2001,5.91970569622546
LMC,Lower middle income,2002,4.20087386528236
LMC,Lower middle income,2003,5.43520732201227
LMC,Lower middle income,2004,6.17137119283856
LMC,Lower middle income,2005,6.16605995706006
LMC,Lower middle income,2006,7.36000850480916
LMC,Lower middle income,2007,7.20722308299256
LMC,Lower middle income,2008,10.4033789256351
LMC,Lower middle income,2009,3.81940952287738
LMC,Lower middle income,2010,7.73563978208606
LMC,Lower middle income,2011,8.78337356520268
LMC,Lower middle income,2012,7.04625137507636
LMC,Lower middle income,2013,4.36412567990576
LMC,Lower middle income,2014,3.67222811544951
LMC,Lower middle income,2015,3.20977724189126
LMC,Lower middle income,2016,2.24475651909437
LMC,Lower middle income,2017,4.34963395991817
LMC,Lower middle income,2018,3.81658094506807
LMC,Lower middle income,2019,3.57545446932066
LMC,Lower middle income,2020,3.84106338588026
LMC,Lower middle income,2021,4.60572808888793
LMC,Lower middle income,2022,6.83105473248673
LMC,Lower middle income,2023,4.65972285962381
LMY,Low & middle income,2000,7.87758076554194
LMY,Low & middle income,2001,6.01279243381738
LMY,Low & middle income,2002,4.58213735216555
LMY,Low & middle income,2003,5.75974076655675
LMY,Low & middle income,2004,7.25134298416322
LMY,Low & middle income,2005,7.08541612916396
LMY,Low & middle income,2006,7.80012735973601
LMY,Low & middle income,2007,7.09973099343016
LMY,Low & middle income,2008,9.49838537981331
LMY,Low & middle income,2009,3.02304497058495
LMY,Low & middle income,2010,6.6288448617527
LMY,Low & middle income,2011,8.19079859862242
LMY,Low & middle income,2012,5.00323590794862
LMY,Low & middle income,2013,3.58690582613154
LMY,Low & middle income,2014,3.31556301878459
LMY,Low & middle income,2015,2.99333284892845
LMY,Low & middle income,2016,2.97683473353541
LMY,Low & middle income,2017,4.11814751425023
LMY,Low & middle income,2018,3.68365056557123
LMY,Low & middle income,2019,3.08494392719523
LMY,Low & middle income,2020,2.82883193883481
LMY,Low & middle income,2021,6.05975657609514
LMY,Low & middle income,2022,8.69703734830544
LMY,Low & middle income,2023,4.73199714247384
LSO,Lesotho,2000,6.30021825194582
LSO,Lesotho,2001,11.4730549205663
LSO,Lesotho,2002,14.2069324429006
LSO,Lesotho,2003,2.43881282672922
LSO,Lesotho,2004,9.60039256006742
LSO,Lesotho,2005,5.92284320097511
LSO,Lesotho,2006,9.31098848080705
LSO,Lesotho,2007,-6.68245430736991
LSO,Lesotho,2008,16.7198204134298
LSO,Lesotho,2009,2.34503086791631
LSO,Lesotho,2010,5.33711013720971
LSO,Lesotho,2011,9.42640700324388
LSO,Lesotho,2012,2.18204801752952
LSO,Lesotho,2013,10.2798956437383
LSO,Lesotho,2014,14.0351521545479
LSO,Lesotho,2015,10.2030391854904
LSO,Lesotho,2016,-0.292451232749613
LSO,Lesotho,2017,2.01891023820184
LSO,Lesotho,2018,11.7230687269439
LSO,Lesotho,2019,3.57545446932066
LSO,Lesotho,2020,6.54820559883913
LSO,Lesotho,2021,3.12378106466741
LSO,Lesotho,2022,5.53005469308407
LSO,Lesotho,2023,-0.368097835928623
LTE,Late-demographic dividend,2000,5.96172044816086
LTE,Late-demographic dividend,2001,4.15255823169378
LTE,Late-demographic dividend,2002,4.00335524246969
LTE,Late-demographic dividend,2003,5.21157630348554
LTE,Late-demographic dividend,2004,6.81034379963114
LTE,Late-demographic dividend,2005,6.77106124878316
LTE,Late-demographic dividend,2006,7.09433662444179
LTE,Late-demographic dividend,2007,6.88272507590736
LTE,Late-demographic dividend,2008,8.28694938032876
LTE,Late-demographic dividend,2009,1.76499206607248
LTE,Late-demographic dividend,2010,5.50170840316412
LTE,Late-demographic dividend,2011,4.58216960070549
LTE,Late-demographic dividend,2012,3.50869691063986
LTE,Late-demographic dividend,2013,2.07869893633868
LTE,Late-demographic dividend,2014,1.99922579072911
LTE,Late-demographic dividend,2015,2.08627086285129
LTE,Late-demographic dividend,2016,1.73889794711164
LTE,Late-demographic dividend,2017,3.56418968145086
LTE,Late-demographic dividend,2018,3.22610640466073
LTE,Late-demographic dividend,2019,2.42322694229267
LTE,Late-demographic dividend,2020,1.46747814810814
LTE,Late-demographic dividend,2021,5.61025509902417
LTE,Late-demographic dividend,2022,8.87368732523663
LTE,Late-demographic dividend,2023,5.69949212718926
LTU,Lithuania,2000,1.33167621912604
LTU,Lithuania,2001,-0.316236551517079
LTU,Lithuania,2002,0.315155103323477
LTU,Lithuania,2003,-0.812342276678237
LTU,Lithuania,2004,3.12114478204633
LTU,Lithuania,2005,6.37315253722043
LTU,Lithuania,2006,6.48506988948763
LTU,Lithuania,2007,8.91210452796503
LTU,Lithuania,2008,9.71608112190816
LTU,Lithuania,2009,-3.08953351557271
LTU,Lithuania,2010,2.12172204937997
LTU,Lithuania,2011,5.62227829514424
LTU,Lithuania,2012,2.50518117512286
LTU,Lithuania,2013,0.833826421712175
LTU,Lithuania,2014,0.609193063395622
LTU,Lithuania,2015,-0.00225486704538014
LTU,Lithuania,2016,0.987474343866324
LTU,Lithuania,2017,4.09579148864047
LTU,Lithuania,2018,3.5930097078956
LTU,Lithuania,2019,2.3758604116648
LTU,Lithuania,2020,2.03874603854945
LTU,Lithuania,2021,5.99976586948216
LTU,Lithuania,2022,16.0665436484411
LTU,Lithuania,2023,9.02175581692678
LUX,Luxembourg,2000,4.60847302260945
LUX,Luxembourg,2001,0.790074314583535
LUX,Luxembourg,2002,1.46441111905192
LUX,Luxembourg,2003,2.1859765845399
LUX,Luxembourg,2004,3.11732659571314
LUX,Luxembourg,2005,4.8173272087173
LUX,Luxembourg,2006,6.45467522017813
LUX,Luxembourg,2007,1.89248054012752
LUX,Luxembourg,2008,6.60996540521124
LUX,Luxembourg,2009,0.870687903518032
LUX,Luxembourg,2010,4.64841846238745
LUX,Luxembourg,2011,3.44946167967612
LUX,Luxembourg,2012,3.26597731840673
LUX,Luxembourg,2013,2.27602449452651
LUX,Luxembourg,2014,2.79670220085781
LUX,Luxembourg,2015,2.21918065733098
LUX,Luxembourg,2016,-1.1076169264046
LUX,Luxembourg,2017,2.14290399690169
LUX,Luxembourg,2018,2.11133910459871
LUX,Luxembourg,2019,0.900736076793322
LUX,Luxembourg,2020,4.3010148081047
LUX,Luxembourg,2021,4.64389231812459
LUX,Luxembourg,2022,5.68354663317177
LUX,Luxembourg,2023,3.43002456230172
LVA,Latvia,2000,3.77491290115435
LVA,Latvia,2001,2.62320135848017
LVA,Latvia,2002,3.25900288165981
LVA,Latvia,2003,3.64549482865991
LVA,Latvia,2004,6.92499299785744
LVA,Latvia,2005,10.445339749165
LVA,Latvia,2006,10.226384829924
LVA,Latvia,2007,19.55048559966
LVA,Latvia,2008,12.3743974846733
LVA,Latvia,2009,-5.7316246222066
LVA,Latvia,2010,-0.483860816729177
LVA,Latvia,2011,4.7081060032657
LVA,Latvia,2012,2.87856740673018
LVA,Latvia,2013,1.90052883350897
LVA,Latvia,2014,1.66994936442666
LVA,Latvia,2015,0.386889189160144
LVA,Latvia,2016,0.607930746358676
LVA,Latvia,2017,2.7092393048564
LVA,Latvia,2018,3.74028070418355
LVA,Latvia,2019,4.31637930930459
LVA,Latvia,2020,2.39332868457409
LVA,Latvia,2021,3.29767842276085
LVA,Latvia,2022,9.83594135273617
LVA,Latvia,2023,6.4069165256975
MAC,"Macao SAR, China",2000,-1.74553981476264
MAC,"Macao SAR, China",2001,-1.4794711288782
MAC,"Macao SAR, China",2002,-1.33710684864512
MAC,"Macao SAR, China",2003,0.0502595004943771
MAC,"Macao SAR, China",2004,1.93393682908227
MAC,"Macao SAR, China",2005,5.56788512526749
MAC,"Macao SAR, China",2006,7.74441590826855
MAC,"Macao SAR, China",2007,8.76239078773118
MAC,"Macao SAR, China",2008,10.072808806366
MAC,"Macao SAR, China",2009,0.922510712536578
MAC,"Macao SAR, China",2010,4.7905562312904
MAC,"Macao SAR, China",2011,7.49060388153396
MAC,"Macao SAR, China",2012,6.92096918438956
MAC,"Macao SAR, China",2013,7.73261911978639
MAC,"Macao SAR, China",2014,8.73070232803828
MAC,"Macao SAR, China",2015,4.51399333539446
MAC,"Macao SAR, China",2016,0.86178191435755
MAC,"Macao SAR, China",2017,2.14882373928637
MAC,"Macao SAR, China",2018,3.54276529954534
MAC,"Macao SAR, China",2019,2.40354630876251
MAC,"Macao SAR, China",2020,-0.257671744441836
MAC,"Macao SAR, China",2021,-0.878982907915272
MAC,"Macao SAR, China",2022,1.16083024773521
MAC,"Macao SAR, China",2023,4.63616686120965
MAR,Morocco,2000,-1.76759868448363
MAR,Morocco,2001,0.614522911755344
MAR,Morocco,2002,0.959559339434833
MAR,Morocco,2003,0.860408255313928
MAR,Morocco,2004,0.913545179131802
MAR,Morocco,2005,0.886221376375332
MAR,Morocco,2006,1.44536678457565
MAR,Morocco,2007,3.17154412342092
MAR,Morocco,2008,4.8303863930626
MAR,Morocco,2009,-0.452558780552764
MAR,Morocco,2010,0.647501047462967
MAR,Morocco,2011,-0.598844907171141
MAR,Morocco,2012,0.533172461926384
MAR,Morocco,2013,1.26026248256035
MAR,Morocco,2014,0.215437762428678
MAR,Morocco,2015,3.17293530967125
MAR,Morocco,2016,0.969883868049919
MAR,Morocco,2017,-0.0608910142931904
MAR,Morocco,2018,0.939181637531973
MAR,Morocco,2019,0.816805456485284
MAR,Morocco,2020,0.142417962079094
MAR,Morocco,2021,2.41520355664963
MAR,Morocco,2022,2.66186120617975
MAR,Morocco,2023,6.36094888191869
MCO,Monaco,2000,1.39857560337128
MCO,Monaco,2001,1.64884532198116
MCO,Monaco,2002,2.37922080722839
MCO,Monaco,2003,1.8812838497411
MCO,Monaco,2004,-0.241252074216831
MCO,Monaco,2005,2.03440159856663
MCO,Monaco,2006,2.14692627628688
MCO,Monaco,2007,2.55669727394962
MCO,Monaco,2008,2.3632481088528
MCO,Monaco,2009,0.118994429817221
MCO,Monaco,2010,1.06946196046083
MCO,Monaco,2011,0.948018995559892
MCO,Monaco,2012,1.16156649694202
MCO,Monaco,2013,0.778354745078474
MCO,Monaco,2014,0.58684116777053
MCO,Monaco,2015,1.13341345923507
MCO,Monaco,2016,0.516331732930951
MCO,Monaco,2017,0.587452398663714
MCO,Monaco,2018,1.1147767446366
MCO,Monaco,2019,1.20921163106718
MCO,Monaco,2020,2.97930407095748
MCO,Monaco,2021,1.22173013647281
MCO,Monaco,2022,3.22095286767355
MCO,Monaco,2023,5.30290144286643
MDA,Moldova,2000,27.328751985976
MDA,Moldova,2001,12.0892509733681
MDA,Moldova,2002,9.82740206371066
MDA,Moldova,2003,14.8659724616995
MDA,Moldova,2004,7.9870868570528
MDA,Moldova,2005,9.34414407593009
MDA,Moldova,2006,13.4181412403617
MDA,Moldova,2007,15.9087149618352
MDA,Moldova,2008,9.2442488257698
MDA,Moldova,2009,2.16939170451238
MDA,Moldova,2010,33.3049320977984
MDA,Moldova,2011,8.19079859862242
MDA,Moldova,2012,7.42422201997522
MDA,Moldova,2013,3.92385122182326
MDA,Moldova,2014,5.14320721702923
MDA,Moldova,2015,11.5743149591168
MDA,Moldova,2016,3.5508738308871
MDA,Moldova,2017,6.25246649143298
MDA,Moldova,2018,3.21103213223728
MDA,Moldova,2019,5.35171200346649
MDA,Moldova,2020,5.57500940096507
MDA,Moldova,2021,6.38172855134019
MDA,Moldova,2022,19.2532036308322
MDA,Moldova,2023,8.70839048786753
MDG,Madagascar,2000,11.5703529669413
MDG,Madagascar,2001,7.9169448389373
MDG,Madagascar,2002,16.498525534897
MDG,Madagascar,2003,-1.70400479873007
MDG,Madagascar,2004,13.9558018033899
MDG,Madagascar,2005,18.3638246481935
MDG,Madagascar,2006,10.7656371604386
MDG,Madagascar,2007,10.287966315995
MDG,Madagascar,2008,7.48630027641002
MDG,Madagascar,2009,6.929159085308
MDG,Madagascar,2010,10.2185410293303
MDG,Madagascar,2011,10.3861871358875
MDG,Madagascar,2012,5.46617486333369
MDG,Madagascar,2013,5.4523024549118
MDG,Madagascar,2014,6.7317708095171
MDG,Madagascar,2015,6.5037166915161
MDG,Madagascar,2016,8.96008072992041
MDG,Madagascar,2017,4.96153975601543
MDG,Madagascar,2018,8.29799331094843
MDG,Madagascar,2019,6.52209064077279
MDG,Madagascar,2020,4.31114513583488
MDG,Madagascar,2021,6.64074341609775
MDG,Madagascar,2022,6.93296643519818
MDG,Madagascar,2023,8.69367544716614
MDV,Maldives,2000,2.03241260876266
MDV,Maldives,2001,50.8928274402156
MDV,Maldives,2002,0.497535125844891
MDV,Maldives,2003,3.11136682753414
MDV,Maldives,2004,10.1959604079309
MDV,Maldives,2005,6.81473142832525
MDV,Maldives,2006,9.54231878924602
MDV,Maldives,2007,10.7250137594501
MDV,Maldives,2008,11.5651624727837
MDV,Maldives,2009,12.41242379451
MDV,Maldives,2010,3.29537815566177
MDV,Maldives,2011,12.628798047821
MDV,Maldives,2012,6.9372127595247
MDV,Maldives,2013,6.74659962921251
MDV,Maldives,2014,4.18319658900101
MDV,Maldives,2015,7.32344910852898
MDV,Maldives,2016,0.218876276141572
MDV,Maldives,2017,2.14358292337704
MDV,Maldives,2018,3.28221513262272
MDV,Maldives,2019,-1.30973757371325
MDV,Maldives,2020,-3.36532461650745
MDV,Maldives,2021,2.82866184194621
MDV,Maldives,2022,3.41292623420735
MDV,Maldives,2023,1.88425407158763
MEA,Middle East & North Africa,2000,11.6843301569808
MEA,Middle East & North Africa,2001,1.2679032785466
MEA,Middle East & North Africa,2002,3.548888898987
MEA,Middle East & North Africa,2003,4.78193195205354
MEA,Middle East & North Africa,2004,10.6799608126398
MEA,Middle East & North Africa,2005,13.0482805836339
MEA,Middle East & North Africa,2006,9.87297893528463
MEA,Middle East & North Africa,2007,7.57105088120657
MEA,Middle East & North Africa,2008,17.3556030903553
MEA,Middle East & North Africa,2009,-5.07698560760964
MEA,Middle East & North Africa,2010,11.5551506397598
MEA,Middle East & North Africa,2011,12.4150978636564
MEA,Middle East & North Africa,2012,4.67076794931934
MEA,Middle East & North Africa,2013,1.48207388002049
MEA,Middle East & North Africa,2014,1.26230441351029
MEA,Middle East & North Africa,2015,0.197001678736839
MEA,Middle East & North Africa,2016,0.85668822422295
MEA,Middle East & North Africa,2017,4.93800729466362
MEA,Middle East & North Africa,2018,7.92466367014788
MEA,Middle East & North Africa,2019,0.882992828066392
MEA,Middle East & North Africa,2020,0.142417962079094
MEA,Middle East & North Africa,2021,13.3007001530628
MEA,Middle East & North Africa,2022,16.9897185502658
MEA,Middle East & North Africa,2023,-0.0234347412947429
MEX,Mexico,2000,10.6979645310047
MEX,Mexico,2001,6.47300917877192
MEX,Mexico,2002,5.5023241130699
MEX,Mexico,2003,4.27966722239654
MEX,Mexico,2004,8.11744317174407
MEX,Mexico,2005,5.88498274459207
MEX,Mexico,2006,6.1071543478173
MEX,Mexico,2007,6.12779215497929
MEX,Mexico,2008,6.31038161981667
MEX,Mexico,2009,5.24348244015189
MEX,Mexico,2010,4.37296440049234
MEX,Mexico,2011,5.66963367375268
MEX,Mexico,2012,4.54221493776905
MEX,Mexico,2013,1.70388278647849
MEX,Mexico,2014,4.36836891312464
MEX,Mexico,2015,3.22542892692515
MEX,Mexico,2016,6.07758782303863
MEX,Mexico,2017,6.56759492961866
MEX,Mexico,2018,5.20449997011548
MEX,Mexico,2019,4.31901022867262
MEX,Mexico,2020,4.61979011759097
MEX,Mexico,2021,4.48797277024499
MEX,Mexico,2022,6.49719200406193
MEX,Mexico,2023,4.45991367594138
MHL,Marshall Islands,2000,-1.1157329105915
MHL,Marshall Islands,2001,-0.318215883012556
MHL,Marshall Islands,2002,4.02302594572905
MHL,Marshall Islands,2003,0.94633865335561
MHL,Marshall Islands,2004,1.76653410329699
MHL,Marshall Islands,2005,2.01041949385355
MHL,Marshall Islands,2006,3.58585344330177
MHL,Marshall Islands,2007,1.35910967827411
MHL,Marshall Islands,2008,5.38222215908284
MHL,Marshall Islands,2009,-0.508802549399022
MHL,Marshall Islands,2010,0.955505038419616
MHL,Marshall Islands,2011,7.49236624469398
MHL,Marshall Islands,2012,6.2465252080586
MHL,Marshall Islands,2013,-0.630564720016054
MHL,Marshall Islands,2014,1.05832196696491
MHL,Marshall Islands,2015,-3.06451612903226
MHL,Marshall Islands,2016,7.16941051513543
MHL,Marshall Islands,2017,2.25841782928005
MHL,Marshall Islands,2018,-2.40704270817953
MHL,Marshall Islands,2019,-4.15426936619718
MHL,Marshall Islands,2020,6.78233643895216
MHL,Marshall Islands,2021,5.77905201152358
MHL,Marshall Islands,2022,-1.01768275096303
MHL,Marshall Islands,2023,6.51974948608529
MIC,Middle income,2000,7.20776279717097
MIC,Middle income,2001,6.04073883566554
MIC,Middle income,2002,4.69892816201967
MIC,Middle income,2003,5.53933744651502
MIC,Middle income,2004,7.0727591038912
MIC,Middle income,2005,6.55682311577613
MIC,Middle income,2006,8.34372112602952
MIC,Middle income,2007,7.09551578753664
MIC,Middle income,2008,9.50278364771555
MIC,Middle income,2009,2.88065176850439
MIC,Middle income,2010,6.98730386353127
MIC,Middle income,2011,7.64978574066839
MIC,Middle income,2012,4.79192284465955
MIC,Middle income,2013,3.46665575478661
MIC,Middle income,2014,3.33175691706154
MIC,Middle income,2015,2.86366512298943
MIC,Middle income,2016,2.64424525750435
MIC,Middle income,2017,4.02974599325579
MIC,Middle income,2018,3.59757389264269
MIC,Middle income,2019,3.06187945458328
MIC,Middle income,2020,2.6493593974983
MIC,Middle income,2021,6.00397322136207
MIC,Middle income,2022,8.26227281475744
MIC,Middle income,2023,4.62773991030575
MKD,North Macedonia,2000,8.17838315960276
MKD,North Macedonia,2001,4.71896097213485
MKD,North Macedonia,2002,0.943966842274364
MKD,North Macedonia,2003,1.65164896737944
MKD,North Macedonia,2004,-0.16604205392737
MKD,North Macedonia,2005,4.89589936820212
MKD,North Macedonia,2006,3.25262417820976
MKD,North Macedonia,2007,4.59255256903033
MKD,North Macedonia,2008,5.49119403600274
MKD,North Macedonia,2009,0.295077614209276
MKD,North Macedonia,2010,2.04128302301487
MKD,North Macedonia,2011,3.72217234010574
MKD,North Macedonia,2012,1.00299826672435
MKD,North Macedonia,2013,4.48329315377931
MKD,North Macedonia,2014,1.44696785759902
MKD,North Macedonia,2015,2.00342084578241
MKD,North Macedonia,2016,3.46525285653088
MKD,North Macedonia,2017,2.80702703539038
MKD,North Macedonia,2018,3.92615528936682
MKD,North Macedonia,2019,0.86816868476069
MKD,North Macedonia,2020,1.37428071825137
MKD,North Macedonia,2021,4.28552531461972
MKD,North Macedonia,2022,8.87368732523663
MKD,North Macedonia,2023,7.76646685488322
MLI,Mali,2000,-0.619727920385017
MLI,Mali,2001,4.67836208273651
MLI,Mali,2002,3.51288172290896
MLI,Mali,2003,-7.59428426979656
MLI,Mali,2004,3.59862414352318
MLI,Mali,2005,7.50171013084201
MLI,Mali,2006,4.64687336088652
MLI,Mali,2007,4.55504607669634
MLI,Mali,2008,7.27636764178463
MLI,Mali,2009,4.6359321620512
MLI,Mali,2010,4.36499973505229
MLI,Mali,2011,12.1828901287918
MLI,Mali,2012,4.60540762762535
MLI,Mali,2013,0.652631802447871
MLI,Mali,2014,1.26864344003421
MLI,Mali,2015,2.88350937506129
MLI,Mali,2016,1.35112231370481
MLI,Mali,2017,1.93427321118722
MLI,Mali,2018,1.4579639111606
MLI,Mali,2019,1.93054206895806
MLI,Mali,2020,0.532340181509667
MLI,Mali,2021,3.3589739985495
MLI,Mali,2022,5.72783445978014
MLI,Mali,2023,2.22593321089587
MLT,Malta,2000,-9.89868939114623
MLT,Malta,2001,4.37035851531975
MLT,Malta,2002,2.63275750659184
MLT,Malta,2003,2.03509003917979
MLT,Malta,2004,2.51336426541555
MLT,Malta,2005,1.9645666978254
MLT,Malta,2006,2.27230830505974
MLT,Malta,2007,2.24029422451576
MLT,Malta,2008,3.37328382552511
MLT,Malta,2009,2.24642456274884
MLT,Malta,2010,2.76562816918006
MLT,Malta,2011,1.48287290300655
MLT,Malta,2012,2.1597395797348
MLT,Malta,2013,2.2557454257814
MLT,Malta,2014,2.27101339334533
MLT,Malta,2015,4.20024274625111
MLT,Malta,2016,2.12564827894555
MLT,Malta,2017,2.13502600271886
MLT,Malta,2018,1.79841678185963
MLT,Malta,2019,2.50640359192941
MLT,Malta,2020,1.83795253840574
MLT,Malta,2021,2.42641153412831
MLT,Malta,2022,5.06118591578404
MLT,Malta,2023,5.30471876620035
MMR,Myanmar,2000,2.46177398804086
MMR,Myanmar,2001,24.8444647782488
MMR,Myanmar,2002,41.5089280021532
MMR,Myanmar,2003,20.4965394080297
MMR,Myanmar,2004,3.60112807911594
MMR,Myanmar,2005,19.1635299038814
MMR,Myanmar,2006,21.3004988066612
MMR,Myanmar,2007,23.6439081182201
MMR,Myanmar,2008,13.6186579473021
MMR,Myanmar,2009,4.87859924627352
MMR,Myanmar,2010,7.04321189366061
MMR,Myanmar,2011,10.2545766682247
MMR,Myanmar,2012,3.13009695263828
MMR,Myanmar,2013,4.37807084310651
MMR,Myanmar,2014,3.91022519270633
MMR,Myanmar,2015,4.13669673908328
MMR,Myanmar,2016,3.61567809536274
MMR,Myanmar,2017,5.8734089465466
MMR,Myanmar,2018,5.34109463991011
MMR,Myanmar,2019,5.42293300468495
MMR,Myanmar,2020,5.34411000806585
MMR,Myanmar,2021,19.5172093720929
MMR,Myanmar,2022,6.1637164891327
MMR,Myanmar,2023,10.7876664462616
MNA,Middle East & North Africa (excluding high income),2000,10.0712966059497
MNA,Middle East & North Africa (excluding high income),2001,2.54669480487287
MNA,Middle East & North Africa (excluding high income),2002,2.7251909500635
MNA,Middle East & North Africa (excluding high income),2003,4.73112493676878
MNA,Middle East & North Africa (excluding high income),2004,10.8864375146475
MNA,Middle East & North Africa (excluding high income),2005,9.08158923849454
MNA,Middle East & North Africa (excluding high income),2006,9.87297893528463
MNA,Middle East & North Africa (excluding high income),2007,6.07221708040713
MNA,Middle East & North Africa (excluding high income),2008,16.479240691772
MNA,Middle East & North Africa (excluding high income),2009,0.700087342965986
MNA,Middle East & North Africa (excluding high income),2010,11.6515904388743
MNA,Middle East & North Africa (excluding high income),2011,11.6185270831589
MNA,Middle East & North Africa (excluding high income),2012,5.93754471311738
MNA,Middle East & North Africa (excluding high income),2013,5.11932081382749
MNA,Middle East & North Africa (excluding high income),2014,3.44532356315609
MNA,Middle East & North Africa (excluding high income),2015,2.16975211695323
MNA,Middle East & North Africa (excluding high income),2016,1.27802248372888
MNA,Middle East & North Africa (excluding high income),2017,4.71388569389377
MNA,Middle East & North Africa (excluding high income),2018,6.16467836481588
MNA,Middle East & North Africa (excluding high income),2019,4.09482315573024
MNA,Middle East & North Africa (excluding high income),2020,2.22090183339058
MNA,Middle East & North Africa (excluding high income),2021,15.9325995891296
MNA,Middle East & North Africa (excluding high income),2022,22.9512626061838
MNA,Middle East & North Africa (excluding high income),2023,3.1774451904169
MNE,Montenegro,2000,32.8964982204042
MNE,Montenegro,2001,20.2047517131957
MNE,Montenegro,2002,3.07515583540305
MNE,Montenegro,2003,8.32077420436579
MNE,Montenegro,2004,5.8857266503671
MNE,Montenegro,2005,4.33458318340642
MNE,Montenegro,2006,10.1069605308365
MNE,Montenegro,2007,16.0415368886677
MNE,Montenegro,2008,7.62912580438491
MNE,Montenegro,2009,2.40791238505463
MNE,Montenegro,2010,1.60420269843273
MNE,Montenegro,2011,1.20270354887286
MNE,Montenegro,2012,0.177016999632059
MNE,Montenegro,2013,2.0669709044933
MNE,Montenegro,2014,1.03622831974151
MNE,Montenegro,2015,2.21957293262733
MNE,Montenegro,2016,5.10106883707128
MNE,Montenegro,2017,3.82497232809919
MNE,Montenegro,2018,3.22610640466073
MNE,Montenegro,2019,2.02214868727721
MNE,Montenegro,2020,-0.175605916816622
MNE,Montenegro,2021,4.72624261012977
MNE,Montenegro,2022,12.3553221508805
MNE,Montenegro,2023,10.5429703323513
MNG,Mongolia,2000,11.999691388142
MNG,Mongolia,2001,10.448544658193
MNG,Mongolia,2002,6.3696873506597
MNG,Mongolia,2003,10.2365745343768
MNG,Mongolia,2004,16.6914730128959
MNG,Mongolia,2005,20.0984387764955
MNG,Mongolia,2006,21.9867715680913
MNG,Mongolia,2007,11.6285676515166
MNG,Mongolia,2008,21.4487537609982
MNG,Mongolia,2009,1.82670368400657
MNG,Mongolia,2010,39.1781879703741
MNG,Mongolia,2011,15.1192654880847
MNG,Mongolia,2012,12.7843788573595
MNG,Mongolia,2013,2.90784833783545
MNG,Mongolia,2014,7.44883659506563
MNG,Mongolia,2015,0.609769217723354
MNG,Mongolia,2016,2.99312676057677
MNG,Mongolia,2017,10.8004464117482
MNG,Mongolia,2018,7.96061586470999
MNG,Mongolia,2019,9.97221325666415
MNG,Mongolia,2020,3.70672176955705
MNG,Mongolia,2021,14.4200654807454
MNG,Mongolia,2022,17.7147124177501
MNG,Mongolia,2023,21.7690280161027
MNP,Northern Mariana Islands,2003,-3.83468427579683
MNP,Northern Mariana Islands,2004,0.760795209559006
MNP,Northern Mariana Islands,2005,0.445425816925777
MNP,Northern Mariana Islands,2006,0.192919415645605
MNP,Northern Mariana Islands,2007,1.53403805496828
MNP,Northern Mariana Islands,2008,12.5675790206172
MNP,Northern Mariana Islands,2009,2.71484406675209
MNP,Northern Mariana Islands,2010,-0.880503144654085
MNP,Northern Mariana Islands,2011,-1.48648648648648
MNP,Northern Mariana Islands,2012,1.50891632373114
MNP,Northern Mariana Islands,2013,0.783289817232372
MNP,Northern Mariana Islands,2014,3.450335683769
MNP,Northern Mariana Islands,2015,5.79545454545456
MNP,Northern Mariana Islands,2016,4.60693153000844
MNP,Northern Mariana Islands,2017,2.97029702970298
MNP,Northern Mariana Islands,2018,3.59586881110062
MNP,Northern Mariana Islands,2019,2.33769881156505
MNP,Northern Mariana Islands,2020,3.54088108157822
MNP,Northern Mariana Islands,2021,0.545723837893178
MNP,Northern Mariana Islands,2022,2.80318995750133
MOZ,Mozambique,2000,11.6155528700327
MOZ,Mozambique,2001,14.7820710914586
MOZ,Mozambique,2002,9.83187743515255
MOZ,Mozambique,2003,3.640147317501
MOZ,Mozambique,2004,5.79426460544603
MOZ,Mozambique,2005,7.33104798268296
MOZ,Mozambique,2006,7.46134453965777
MOZ,Mozambique,2007,7.43627840440044
MOZ,Mozambique,2008,5.15280407509312
MOZ,Mozambique,2009,1.47137323196516
MOZ,Mozambique,2010,7.64522798725267
MOZ,Mozambique,2011,2.34836229044998
MOZ,Mozambique,2012,3.17523457430677
MOZ,Mozambique,2013,2.60123626905104
MOZ,Mozambique,2014,1.0858708962558
MOZ,Mozambique,2015,7.05995033545015
MOZ,Mozambique,2016,12.1608912915425
MOZ,Mozambique,2017,7.97801240165271
MOZ,Mozambique,2018,3.7951186149991
MOZ,Mozambique,2019,4.67764534705535
MOZ,Mozambique,2020,3.17166106815796
MOZ,Mozambique,2021,4.5505652081862
MOZ,Mozambique,2022,9.15161419934587
MOZ,Mozambique,2023,5.30134150828523
MRT,Mauritania,2000,6.35158672796916
MRT,Mauritania,2001,5.82661895863355
MRT,Mauritania,2002,6.71479106629494
MRT,Mauritania,2003,4.48547959411047
MRT,Mauritania,2004,10.9375405233887
MRT,Mauritania,2005,14.5852590982142
MRT,Mauritania,2006,14.0910629218236
MRT,Mauritania,2007,8.8955856603022
MRT,Mauritania,2008,10.7163171449168
MRT,Mauritania,2009,-0.358928203898799
MRT,Mauritania,2010,22.3431687773344
MRT,Mauritania,2011,17.5477655809925
MRT,Mauritania,2012,0.455837161396261
MRT,Mauritania,2013,4.48796826973528
MRT,Mauritania,2014,-11.8763231173524
MRT,Mauritania,2015,-4.79390858192335
MRT,Mauritania,2016,11.2101297440599
MRT,Mauritania,2017,1.58393834945385
MRT,Mauritania,2018,4.55445732510799
MRT,Mauritania,2019,5.32804482625433
MRT,Mauritania,2020,6.4408732898183
MRT,Mauritania,2021,7.46487321650835
MRT,Mauritania,2022,-0.61236174643426
MRT,Mauritania,2023,3.37147741701096
MUS,Mauritius,2000,3.4099293453387
MUS,Mauritius,2001,6.23201251547312
MUS,Mauritius,2002,6.21928418894298
MUS,Mauritius,2003,5.62319259054456
MUS,Mauritius,2004,6.84544976034816
MUS,Mauritius,2005,3.94809969963141
MUS,Mauritius,2006,9.5678840106437
MUS,Mauritius,2007,8.30831527928659
MUS,Mauritius,2008,5.68669282209342
MUS,Mauritius,2009,-0.65420084184035
MUS,Mauritius,2010,1.12641892024499
MUS,Mauritius,2011,3.1614637980008
MUS,Mauritius,2012,2.46552355243207
MUS,Mauritius,2013,4.13433189504995
MUS,Mauritius,2014,2.16830404926014
MUS,Mauritius,2015,1.39953074265865
MUS,Mauritius,2016,2.38463204087334
MUS,Mauritius,2017,1.63650567594517
MUS,Mauritius,2018,1.67538916911592
MUS,Mauritius,2019,-0.46584287384826
MUS,Mauritius,2020,2.57304044505899
MUS,Mauritius,2021,3.15720035090573
MUS,Mauritius,2022,9.56592044781137
MUS,Mauritius,2023,8.507830178109
MWI,Malawi,2000,30.5339536772051
MWI,Malawi,2001,25.6224699733491
MWI,Malawi,2002,112.693649104072
MWI,Malawi,2003,10.3460966723309
MWI,Malawi,2004,14.8466261152179
MWI,Malawi,2005,10.7412368152624
MWI,Malawi,2006,19.9672595450599
MWI,Malawi,2007,4.09972486772637
MWI,Malawi,2008,11.9646675270329
MWI,Malawi,2009,7.89982295078846
MWI,Malawi,2010,12.1272220613228
MWI,Malawi,2011,13.9902377428521
MWI,Malawi,2012,17.639764474193
MWI,Malawi,2013,27.0462909961503
MWI,Malawi,2014,20.9692813073299
MWI,Malawi,2015,19.8146692597742
MWI,Malawi,2016,20.2926829287348
MWI,Malawi,2017,10.5769245154404
MWI,Malawi,2018,6.15234698561271
MWI,Malawi,2019,7.72855642393151
MWI,Malawi,2020,6.21829711958308
MWI,Malawi,2021,8.15296842929594
MWI,Malawi,2022,17.1668303930955
MWI,Malawi,2023,22.8067220172078
MYS,Malaysia,2000,8.85521685144839
MYS,Malaysia,2001,-1.58187391181744
MYS,Malaysia,2002,3.12888319863409
MYS,Malaysia,2003,3.29893287687825
MYS,Malaysia,2004,6.00928261482106
MYS,Malaysia,2005,8.8625864706771
MYS,Malaysia,2006,3.98093167351242
MYS,Malaysia,2007,4.88132335727943
MYS,Malaysia,2008,10.3889003992836
MYS,Malaysia,2009,-5.99220155562196
MYS,Malaysia,2010,7.26684593389439
MYS,Malaysia,2011,5.41240809007968
MYS,Malaysia,2012,0.999932303470885
MYS,Malaysia,2013,0.17447448132144
MYS,Malaysia,2014,2.46746678366378
MYS,Malaysia,2015,1.21805573355338
MYS,Malaysia,2016,1.65825996642414
MYS,Malaysia,2017,3.77896094306453
MYS,Malaysia,2018,0.624674674586643
MYS,Malaysia,2019,0.0718269093121364
MYS,Malaysia,2020,-0.818007729183023
MYS,Malaysia,2021,5.67593848764116
MYS,Malaysia,2022,6.40348511820096
MYS,Malaysia,2023,-1.87225562537837
NAC,North America,2000,2.26519517669861
NAC,North America,2001,1.5736767667921
NAC,North America,2002,1.55399465961345
NAC,North America,2003,2.82473952065922
NAC,North America,2004,3.26087389828982
NAC,North America,2005,3.13545455674655
NAC,North America,2006,3.08383673352866
NAC,North America,2007,3.30054564423155
NAC,North America,2008,3.99631645542576
NAC,North America,2009,0.61678071512577
NAC,North America,2010,2.23622200255707
NAC,North America,2011,2.06310947543149
NAC,North America,2012,1.8621649281277
NAC,North America,2013,1.70188036067233
NAC,North America,2014,1.94119897748668
NAC,North America,2015,0.928042794757729
NAC,North America,2016,0.950322479212474
NAC,North America,2017,1.79080328489228
NAC,North America,2018,1.6511181981862
NAC,North America,2019,1.65046566913496
NAC,North America,2020,1.07081026807496
NAC,North America,2021,4.56598550261971
NAC,North America,2022,7.12948085421044
NAC,North America,2023,3.59839135378053
NAM,Namibia,2000,11.2811266523565
NAM,Namibia,2001,11.2037643562035
NAM,Namibia,2002,10.0036016879863
NAM,Namibia,2003,1.27110787199547
NAM,Namibia,2004,2.04025280317994
NAM,Namibia,2005,5.59808158452238
NAM,Namibia,2006,9.40658581294605
NAM,Namibia,2007,9.28643429422758
NAM,Namibia,2008,10.961412407556
NAM,Namibia,2009,6.9454042890454
NAM,Namibia,2010,3.72589849891101
NAM,Namibia,2011,3.81487636243496
NAM,Namibia,2012,11.2603084734349
NAM,Namibia,2013,4.03979089350075
NAM,Namibia,2014,8.23489179866652
NAM,Namibia,2015,3.86457435077661
NAM,Namibia,2016,7.96867201225912
NAM,Namibia,2017,9.91903698902131
NAM,Namibia,2018,4.42848894081101
NAM,Namibia,2019,0.926315844160413
NAM,Namibia,2020,4.63153061468802
NAM,Namibia,2021,1.5343303300027
NAM,Namibia,2022,6.44785295155228
NAM,Namibia,2023,6.41362439275798
NCL,New Caledonia,2000,5.96172044816086
NCL,New Caledonia,2018,-0.77442780779991
NCL,New Caledonia,2019,2.43407708116916
NCL,New Caledonia,2020,0.430124980373847
NCL,New Caledonia,2021,4.82764312949604
NCL,New Caledonia,2022,3.84571494150525
NER,Niger,2000,3.17839370074471
NER,Niger,2001,5.01252093260362
NER,Niger,2002,2.57230192526417
NER,Niger,2003,-0.188481380924046
NER,Niger,2004,0.386942028282064
NER,Niger,2005,8.58488444144687
NER,Niger,2006,1.49619758117663
NER,Niger,2007,7.03666107458216
NER,Niger,2008,10.1291157206231
NER,Niger,2009,4.19005999795191
NER,Niger,2010,3.47504301438173
NER,Niger,2011,3.97160518256159
NER,Niger,2012,5.30833937178907
NER,Niger,2013,-0.369174082139452
NER,Niger,2014,-0.40567684540504
NER,Niger,2015,2.249426436212
NER,Niger,2016,1.79272146557585
NER,Niger,2017,0.368276728970102
NER,Niger,2018,2.40368624331715
NER,Niger,2019,-0.0243827627404585
NER,Niger,2020,1.16297974177712
NER,Niger,2021,3.11864597184903
NER,Niger,2022,4.01899997944746
NER,Niger,2023,3.38791792310056
NGA,Nigeria,2000,22.6737374008784
NGA,Nigeria,2001,10.0764772448642
NGA,Nigeria,2002,21.1090500029288
NGA,Nigeria,2003,9.80432377665896
NGA,Nigeria,2004,22.3683414748423
NGA,Nigeria,2005,19.8584947707524
NGA,Nigeria,2006,23.8643811265432
NGA,Nigeria,2007,7.09973099343016
NGA,Nigeria,2008,7.9213872023645
NGA,Nigeria,2009,0.686098874594009
NGA,Nigeria,2010,16.342766325307
NGA,Nigeria,2011,9.77845809675884
NGA,Nigeria,2012,9.94763670635021
NGA,Nigeria,2013,4.96474571561274
NGA,Nigeria,2014,4.66262291733076
NGA,Nigeria,2015,2.86366512298943
NGA,Nigeria,2016,9.54367006412473
NGA,Nigeria,2017,11.1189180817699
NGA,Nigeria,2018,10.2284850865888
NGA,Nigeria,2019,10.384779195217
NGA,Nigeria,2020,7.84914204720589
NGA,Nigeria,2021,10.1310336867347
NGA,Nigeria,2022,11.3113349413983
NGA,Nigeria,2023,12.6218692275514
NIC,Nicaragua,2000,8.56622835977541
NIC,Nicaragua,2001,7.24150933984416
NIC,Nicaragua,2002,3.2483787442209
NIC,Nicaragua,2003,5.33107719750952
NIC,Nicaragua,2004,9.05090240497574
NIC,Nicaragua,2005,9.8670941490748
NIC,Nicaragua,2006,7.86791204769719
NIC,Nicaragua,2007,9.67486185633058
NIC,Nicaragua,2008,16.1992534629853
NIC,Nicaragua,2009,6.03484299071889
NIC,Nicaragua,2010,6.13837855596503
NIC,Nicaragua,2011,10.2142805344967
NIC,Nicaragua,2012,6.24324468031767
NIC,Nicaragua,2013,4.35018051670501
NIC,Nicaragua,2014,8.39196021308561
NIC,Nicaragua,2015,7.58928670486381
NIC,Nicaragua,2016,4.59008266954466
NIC,Nicaragua,2017,4.12270412733761
NIC,Nicaragua,2018,2.65847892308047
NIC,Nicaragua,2019,5.3954978400473
NIC,Nicaragua,2020,5.39260941499944
NIC,Nicaragua,2021,3.54283387393042
NIC,Nicaragua,2022,8.77765225788374
NIC,Nicaragua,2023,10.6686540407565
NLD,Netherlands,2000,3.27013375083118
NLD,Netherlands,2001,4.37499191435413
NLD,Netherlands,2002,3.87769335501125
NLD,Netherlands,2003,2.28608674769211
NLD,Netherlands,2004,1.19744967134802
NLD,Netherlands,2005,1.97959024518013
NLD,Netherlands,2006,2.57662102738342
NLD,Netherlands,2007,2.0494274704842
NLD,Netherlands,2008,2.41226622140465
NLD,Netherlands,2009,0.437660479367196
NLD,Netherlands,2010,0.710272896566892
NLD,Netherlands,2011,0.242655794971853
NLD,Netherlands,2012,1.32912975468633
NLD,Netherlands,2013,1.1449273315191
NLD,Netherlands,2014,0.344077998493205
NLD,Netherlands,2015,0.888432968331628
NLD,Netherlands,2016,0.565543724908352
NLD,Netherlands,2017,1.4393271596339
NLD,Netherlands,2018,2.53340287057884
NLD,Netherlands,2019,3.02788368438249
NLD,Netherlands,2020,2.3557302816255
NLD,Netherlands,2021,2.74734323804928
NLD,Netherlands,2022,6.15557492580412
NLD,Netherlands,2023,7.343742684744
NOR,Norway,2000,15.3333099619942
NOR,Norway,2001,1.71264025643715
NOR,Norway,2002,-1.52020671606276
NOR,Norway,2003,2.86082328613723
NOR,Norway,2004,5.85020582146653
NOR,Norway,2005,8.76300414146252
NOR,Norway,2006,8.73218824235802
NOR,Norway,2007,3.07766200410229
NOR,Norway,2008,10.5663830343854
NOR,Norway,2009,-5.11594400838129
NOR,Norway,2010,5.95536133797087
NOR,Norway,2011,6.67279000191441
NOR,Norway,2012,3.35308930089886
NOR,Norway,2013,2.5532389173337
NOR,Norway,2014,0.258332848947191
NOR,Norway,2015,-2.80446812171388
NOR,Norway,2016,-1.59809716352439
NOR,Norway,2017,4.08094934122931
NOR,Norway,2018,6.74295724699287
NOR,Norway,2019,-0.548467415755809
NOR,Norway,2020,-2.51726059053333
NOR,Norway,2021,20.2134754838135
NOR,Norway,2022,28.1618243830717
NOR,Norway,2023,-10.6191584030873
NPL,Nepal,2000,4.47243371871953
NPL,Nepal,2001,11.0171482958921
NPL,Nepal,2002,3.93485789816799
NPL,Nepal,2003,3.07030496732148
NPL,Nepal,2004,4.16642715074835
NPL,Nepal,2005,6.11939040793636
NPL,Nepal,2006,7.36003927902544
NPL,Nepal,2007,7.60328894061151
NPL,Nepal,2008,5.61985452382142
NPL,Nepal,2009,15.9083302102455
NPL,Nepal,2010,15.1469324490072
NPL,Nepal,2011,26.3973066649675
NPL,Nepal,2012,7.7411500296797
NPL,Nepal,2013,7.08265099891379
NPL,Nepal,2014,8.03536619587905
NPL,Nepal,2015,4.40904543328786
NPL,Nepal,2016,7.15033478751282
NPL,Nepal,2017,8.26141254915089
NPL,Nepal,2018,4.3558584680418
NPL,Nepal,2019,4.69115593292496
NPL,Nepal,2020,3.21740233241114
NPL,Nepal,2021,6.76271216331268
NPL,Nepal,2022,8.24119195323605
NPL,Nepal,2023,5.41614518486134
NRU,Nauru,2000,5.56672031858585
NRU,Nauru,2001,5.38909552012883
NRU,Nauru,2002,5.88506050010447
NRU,Nauru,2003,5.61347164645613
NRU,Nauru,2004,5.6294038488258
NRU,Nauru,2005,-6.64472720910587
NRU,Nauru,2006,-9.99620112441151
NRU,Nauru,2007,-4.4409615202524
NRU,Nauru,2008,20.3077706451703
NRU,Nauru,2009,51.4150179185101
NRU,Nauru,2010,-9.85579007730527
NRU,Nauru,2011,7.45389470490414
NRU,Nauru,2012,17.5446496245365
NRU,Nauru,2013,-9.19198932147347
NRU,Nauru,2014,0.427698869811181
NRU,Nauru,2015,-8.18935000109762
NRU,Nauru,2016,26.2510936824673
NRU,Nauru,2017,14.9235600448444
NRU,Nauru,2018,18.4724386773845
NRU,Nauru,2019,-4.72850619813472
NRU,Nauru,2020,4.33105392665381
NRU,Nauru,2021,18.0815764631453
NRU,Nauru,2022,-10.8014231608239
NRU,Nauru,2023,5.37381833304376
NZL,New Zealand,2000,2.88433930020895
NZL,New Zealand,2001,3.860915720368
NZL,New Zealand,2002,0.2980563329034
NZL,New Zealand,2003,2.06841724107821
NZL,New Zealand,2004,2.75872189971244
NZL,New Zealand,2005,2.00026845094881
NZL,New Zealand,2006,2.70983434239326
NZL,New Zealand,2007,5.31623899608735
NZL,New Zealand,2008,2.73752516653451
NZL,New Zealand,2009,2.64088765137211
NZL,New Zealand,2010,3.15959278016349
NZL,New Zealand,2011,2.46773450113406
NZL,New Zealand,2012,-0.189641681425684
NZL,New Zealand,2013,4.1610248197395
NZL,New Zealand,2014,0.481109438978876
NZL,New Zealand,2015,1.44403850036466
NZL,New Zealand,2016,2.41043257431994
NZL,New Zealand,2017,3.61693254394582
NZL,New Zealand,2018,1.7531271050093
NZL,New Zealand,2019,3.08556630950096
NZL,New Zealand,2020,1.95515165378657
NZL,New Zealand,2021,4.57816245517681
NZL,New Zealand,2022,5.58708755877011
NZL,New Zealand,2023,4.75854916721366
OED,OECD members,2000,3.14175617571788
OED,OECD members,2001,3.38765923259835
OED,OECD members,2002,2.89700538920623
OED,OECD members,2003,2.6239339665235
OED,OECD members,2004,3.04306867265635
OED,OECD members,2005,2.77225765626199
OED,OECD members,2006,2.84398835121183
OED,OECD members,2007,3.0220037134952
OED,OECD members,2008,3.19958985453628
OED,OECD members,2009,1.77388034990435
OED,OECD members,2010,1.21932092930813
OED,OECD members,2011,1.99591508916262
OED,OECD members,2012,1.83393192513095
OED,OECD members,2013,1.70288157357541
OED,OECD members,2014,1.36214927755531
OED,OECD members,2015,1.31357279885778
OED,OECD members,2016,0.968898411539399
OED,OECD members,2017,1.7805030671733
OED,OECD members,2018,1.8948309379242
OED,OECD members,2019,2.23576980098328
OED,OECD members,2020,1.83958203863173
OED,OECD members,2021,2.76592557001649
OED,OECD members,2022,6.50717150976458
OED,OECD members,2023,6.00873959915159
OMN,Oman,2000,17.5450242892462
OMN,Oman,2001,-4.64092904518107
OMN,Oman,2002,4.69302270866596
OMN,Oman,2003,9.63837179762082
OMN,Oman,2004,12.496505503059
OMN,Oman,2005,21.7335605056957
OMN,Oman,2006,14.5637976064378
OMN,Oman,2007,8.05872640599689
OMN,Oman,2008,32.649751638965
OMN,Oman,2009,-25.042152466224
OMN,Oman,2010,14.3749912143336
OMN,Oman,2011,15.884491777402
OMN,Oman,2012,3.60643426874947
OMN,Oman,2013,-2.22041185302194
OMN,Oman,2014,1.75729954907395
OMN,Oman,2015,-19.1464725188166
OMN,Oman,2016,-9.13627527605452
OMN,Oman,2017,7.29794329780007
OMN,Oman,2018,11.7322946084517
OMN,Oman,2019,-2.66623355343535
OMN,Oman,2020,-10.7835605977296
OMN,Oman,2021,12.1410502759484
OMN,Oman,2022,16.9897185502658
OMN,Oman,2023,-4.05592540343423
OSS,Other small states,2000,2.99889591177187
OSS,Other small states,2001,6.23201251547312
OSS,Other small states,2002,3.61316135426739
OSS,Other small states,2003,5.38769793007168
OSS,Other small states,2004,4.34588162820633
OSS,Other small states,2005,3.94809969963141
OSS,Other small states,2006,6.57512374147177
OSS,Other small states,2007,8.30831527928659
OSS,Other small states,2008,7.25676387978855
OSS,Other small states,2009,1.95455824513613
OSS,Other small states,2010,2.76562816918006
OSS,Other small states,2011,3.1614637980008
OSS,Other small states,2012,3.44088030034162
OSS,Other small states,2013,2.2557454257814
OSS,Other small states,2014,1.71530423138522
OSS,Other small states,2015,1.71375418988004
OSS,Other small states,2016,1.69745580060584
OSS,Other small states,2017,2.13930446304795
OSS,Other small states,2018,2.34795412661009
OSS,Other small states,2019,1.6861197656476
OSS,Other small states,2020,0.711504736106924
OSS,Other small states,2021,3.10055552394109
OSS,Other small states,2022,7.26892420151597
OSS,Other small states,2023,3.82970232014782
PAK,Pakistan,2000,68.0104449967103
PAK,Pakistan,2001,6.01279243381738
PAK,Pakistan,2002,3.92137857065688
PAK,Pakistan,2003,3.55265807996106
PAK,Pakistan,2004,7.25134298416322
PAK,Pakistan,2005,5.55608176808067
PAK,Pakistan,2006,5.99763817670407
PAK,Pakistan,2007,10.3313245916728
PAK,Pakistan,2008,10.9204672720775
PAK,Pakistan,2009,12.3746262931271
PAK,Pakistan,2010,10.5886442624245
PAK,Pakistan,2011,16.4109562675144
PAK,Pakistan,2012,9.91831543776397
PAK,Pakistan,2013,7.38310696738498
PAK,Pakistan,2014,7.20976543926079
PAK,Pakistan,2015,4.44198033438504
PAK,Pakistan,2016,0.922163326262009
PAK,Pakistan,2017,4.02974599325579
PAK,Pakistan,2018,3.84178663274797
PAK,Pakistan,2019,9.03633484170507
PAK,Pakistan,2020,9.9444982105729
PAK,Pakistan,2021,10.2673420806694
PAK,Pakistan,2022,13.9370112392938
PAK,Pakistan,2023,25.9997683355601
PAN,Panama,2000,-1.5225069769965
PAN,Panama,2001,1.42993519284018
PAN,Panama,2002,1.91506960942129
PAN,Panama,2003,1.11618169270888
PAN,Panama,2004,2.61338497264867
PAN,Panama,2005,1.67574346218669
PAN,Panama,2006,2.17470348387079
PAN,Panama,2007,2.85775121870825
PAN,Panama,2008,7.47647273606333
PAN,Panama,2009,6.3334085999842
PAN,Panama,2010,2.55070367962715
PAN,Panama,2011,5.48770339491702
PAN,Panama,2012,6.31829463661421
PAN,Panama,2013,6.15793630878711
PAN,Panama,2014,4.69411939871949
PAN,Panama,2015,3.01478936555419
PAN,Panama,2016,2.47501533207914
PAN,Panama,2017,1.7946937582834
PAN,Panama,2018,0.700536904723975
PAN,Panama,2019,0.538350741190015
PAN,Panama,2020,-0.494685753745316
PAN,Panama,2021,1.41511725950885
PAN,Panama,2022,2.17180785976841
PAN,Panama,2023,1.70673831397947
PER,Peru,2000,3.5247200388048
PER,Peru,2001,0.455248302902049
PER,Peru,2002,0.109017023785512
PER,Peru,2003,1.80372466534129
PER,Peru,2004,6.27903857710506
PER,Peru,2005,3.50372240049859
PER,Peru,2006,7.65624807889682
PER,Peru,2007,1.49067595453904
PER,Peru,2008,1.10327629202855
PER,Peru,2009,2.06369833440615
PER,Peru,2010,5.71072859407522
PER,Peru,2011,6.7457871247569
PER,Peru,2012,1.20258494022738
PER,Peru,2013,1.05723435149577
PER,Peru,2014,2.43244108501779
PER,Peru,2015,2.69052090074331
PER,Peru,2016,3.08088269037734
PER,Peru,2017,3.61565826105974
PER,Peru,2018,2.27741531762133
PER,Peru,2019,1.87221626775495
PER,Peru,2020,3.71917119669504
PER,Peru,2021,10.0831018285055
PER,Peru,2022,4.76646193670118
PER,Peru,2023,6.56634363134418
PHL,Philippines,2000,5.81693355937276
PHL,Philippines,2001,5.61886226576264
PHL,Philippines,2002,4.23109181372058
PHL,Philippines,2003,3.19213132949372
PHL,Philippines,2004,5.89075853406953
PHL,Philippines,2005,5.91089344785409
PHL,Philippines,2006,5.11158666295037
PHL,Philippines,2007,3.16428975494875
PHL,Philippines,2008,7.17921618315836
PHL,Philippines,2009,2.73825856642382
PHL,Philippines,2010,4.37088435978275
PHL,Philippines,2011,3.91880578110506
PHL,Philippines,2012,1.99417610100127
PHL,Philippines,2013,2.06106335042293
PHL,Philippines,2014,3.05305530800513
PHL,Philippines,2015,-0.719682789326697
PHL,Philippines,2016,1.2803117382459
PHL,Philippines,2017,2.32025994680146
PHL,Philippines,2018,3.74065383086987
PHL,Philippines,2019,0.697076301045342
PHL,Philippines,2020,1.6504901854719
PHL,Philippines,2021,2.2824784602486
PHL,Philippines,2022,5.48864820202009
PHL,Philippines,2023,4.59648506190769
PLW,Palau,2000,6.46791743257593
PLW,Palau,2001,0.123871349178643
PLW,Palau,2002,-2.85840878834502
PLW,Palau,2003,-1.81829238634811
PLW,Palau,2004,3.57521516031211
PLW,Palau,2005,11.0280736019423
PLW,Palau,2006,1.50287468168901
PLW,Palau,2007,1.9417434622127
PLW,Palau,2008,5.95222491574863
PLW,Palau,2009,1.84210839347756
PLW,Palau,2010,-0.0645398446834378
PLW,Palau,2011,0.540086169407502
PLW,Palau,2012,7.14900851582783
PLW,Palau,2013,7.71202544661706
PLW,Palau,2014,2.99107712093694
PLW,Palau,2015,5.97861846793357
PLW,Palau,2016,7.46603050286012
PLW,Palau,2017,-1.03886801058309
PLW,Palau,2018,0.920598423666746
PLW,Palau,2019,-2.48399540230776
PLW,Palau,2020,-2.27744753063782
PLW,Palau,2021,5.59286809408013
PLW,Palau,2022,9.86330040028969
PLW,Palau,2023,8.24167046557693
PNG,Papua New Guinea,2000,13.1024180405978
PNG,Papua New Guinea,2001,6.91391400596221
PNG,Papua New Guinea,2002,12.2904314793296
PNG,Papua New Guinea,2003,5.53933744651502
PNG,Papua New Guinea,2004,-1.99237190163089
PNG,Papua New Guinea,2005,12.1823792582037
PNG,Papua New Guinea,2006,60.5142859522286
PNG,Papua New Guinea,2007,2.79525188570074
PNG,Papua New Guinea,2008,11.6654413222722
PNG,Papua New Guinea,2009,-4.87930996849984
PNG,Papua New Guinea,2010,9.9171611234198
PNG,Papua New Guinea,2011,8.83316822422471
PNG,Papua New Guinea,2012,-0.574719487183756
PNG,Papua New Guinea,2013,3.58693538896726
PNG,Papua New Guinea,2014,5.43739265412782
PNG,Papua New Guinea,2015,-1.23111841681596
PNG,Papua New Guinea,2016,2.51784593601241
PNG,Papua New Guinea,2017,7.69953503846061
PNG,Papua New Guinea,2018,9.79760566069545
PNG,Papua New Guinea,2019,1.06226146394965
PNG,Papua New Guinea,2020,1.63449664597253
PNG,Papua New Guinea,2021,11.595270333527
PNG,Papua New Guinea,2022,15.0288207468673
PNG,Papua New Guinea,2023,-3.62211156973066
POL,Poland,2000,6.05771219530757
POL,Poland,2001,3.20159779959089
POL,Poland,2002,1.81506961191238
POL,Poland,2003,0.774657560908707
POL,Poland,2004,4.9331164049614
POL,Poland,2005,2.62309460808356
POL,Poland,2006,1.75153451356896
POL,Poland,2007,3.79514149842248
POL,Poland,2008,3.93429626496579
POL,Poland,2009,3.88764838548563
POL,Poland,2010,1.57921733174169
POL,Poland,2011,3.06571454649757
POL,Poland,2012,2.18343357394524
POL,Poland,2013,0.270975789944856
POL,Poland,2014,0.482272387523025
POL,Poland,2015,1.32071091723995
POL,Poland,2016,0.0828624483893066
POL,Poland,2017,1.77020284945432
POL,Poland,2018,1.22699825174134
POL,Poland,2019,3.02644690867653
POL,Poland,2020,4.23859434856777
POL,Poland,2021,5.34023602800748
POL,Poland,2022,10.689577427514
POL,Poland,2023,9.54718862520608
PRE,Pre-demographic dividend,2000,8.5066010783456
PRE,Pre-demographic dividend,2001,5.41956994561858
PRE,Pre-demographic dividend,2002,4.37639663450484
PRE,Pre-demographic dividend,2003,6.23839330826079
PRE,Pre-demographic dividend,2004,10.3358985016276
PRE,Pre-demographic dividend,2005,8.10428690011478
PRE,Pre-demographic dividend,2006,7.33054791629083
PRE,Pre-demographic dividend,2007,6.88838910319755
PRE,Pre-demographic dividend,2008,9.11699967289589
PRE,Pre-demographic dividend,2009,1.86213189302369
PRE,Pre-demographic dividend,2010,6.51200368905668
PRE,Pre-demographic dividend,2011,10.0650129672316
PRE,Pre-demographic dividend,2012,5.82399948795916
PRE,Pre-demographic dividend,2013,3.05345916925037
PRE,Pre-demographic dividend,2014,1.26864344003421
PRE,Pre-demographic dividend,2015,2.86366512298943
PRE,Pre-demographic dividend,2016,2.98011408445534
PRE,Pre-demographic dividend,2017,4.64905081962502
PRE,Pre-demographic dividend,2018,4.21502841459056
PRE,Pre-demographic dividend,2019,3.00001181631713
PRE,Pre-demographic dividend,2020,2.72148444149991
PRE,Pre-demographic dividend,2021,6.64074341609775
PRE,Pre-demographic dividend,2022,7.91416641125198
PRE,Pre-demographic dividend,2023,3.92197888518862
PRI,Puerto Rico,2000,3.29507190726073
PRI,Puerto Rico,2001,5.50491102448856
PRI,Puerto Rico,2002,2.54977824252131
PRI,Puerto Rico,2003,4.41747288386816
PRI,Puerto Rico,2004,-1.29217804980364
PRI,Puerto Rico,2005,6.5901225334009
PRI,Puerto Rico,2006,5.49286384229941
PRI,Puerto Rico,2007,3.78248397653111
PRI,Puerto Rico,2008,6.56185783978739
PRI,Puerto Rico,2009,4.98255558535305
PRI,Puerto Rico,2010,2.49409859130991
PRI,Puerto Rico,2011,2.36982634915921
PRI,Puerto Rico,2012,1.17922814906284
PRI,Puerto Rico,2013,1.18201519575018
PRI,Puerto Rico,2014,1.20055485938157
PRI,Puerto Rico,2015,1.97754447018805
PRI,Puerto Rico,2016,2.22158248433406
PRI,Puerto Rico,2017,2.09140216242223
PRI,Puerto Rico,2018,2.04611568543814
PRI,Puerto Rico,2019,2.41285225696176
PRI,Puerto Rico,2020,2.38228345642378
PRI,Puerto Rico,2021,2.79963990475235
PRI,Puerto Rico,2022,3.03307902175796
PRI,Puerto Rico,2023,3.23545943820875
PRT,Portugal,2000,3.42026922478691
PRT,Portugal,2001,3.71598296328852
PRT,Portugal,2002,4.18978080337165
PRT,Portugal,2003,3.42715361859851
PRT,Portugal,2004,2.3996146882501
PRT,Portugal,2005,3.33290369749524
PRT,Portugal,2006,3.18454219038284
PRT,Portugal,2007,2.9663454228881
PRT,Portugal,2008,1.73772506153611
PRT,Portugal,2009,1.09813450978061
PRT,Portugal,2010,0.782135870239699
PRT,Portugal,2011,-0.260435343228338
PRT,Portugal,2012,-0.376402236465708
PRT,Portugal,2013,2.27438689186236
PRT,Portugal,2014,0.724456717260622
PRT,Portugal,2015,1.96244673853694
PRT,Portugal,2016,1.85408723431426
PRT,Portugal,2017,1.53220021015437
PRT,Portugal,2018,1.8523724616237
PRT,Portugal,2019,1.83436786237921
PRT,Portugal,2020,2.10314342298463
PRT,Portugal,2021,2.01977632737365
PRT,Portugal,2022,5.32749894377305
PRT,Portugal,2023,6.90236590321598
PRY,Paraguay,2000,14.6645054427207
PRY,Paraguay,2001,13.9356046926921
PRY,Paraguay,2002,17.949384209928
PRY,Paraguay,2003,15.144324650951
PRY,Paraguay,2004,11.8350052238006
PRY,Paraguay,2005,12.9528241180261
PRY,Paraguay,2006,8.8558326538908
PRY,Paraguay,2007,12.6355056430918
PRY,Paraguay,2008,12.2247550551932
PRY,Paraguay,2009,3.64796491881232
PRY,Paraguay,2010,4.65570138250342
PRY,Paraguay,2011,5.09571053875749
PRY,Paraguay,2012,4.79827587865157
PRY,Paraguay,2013,4.33767609515789
PRY,Paraguay,2014,2.85700648471038
PRY,Paraguay,2015,1.60388801037963
PRY,Paraguay,2016,4.13475444403026
PRY,Paraguay,2017,2.15920929174615
PRY,Paraguay,2018,1.96024819846549
PRY,Paraguay,2019,3.06187945458328
PRY,Paraguay,2020,2.20392146778615
PRY,Paraguay,2021,8.44812602664209
PRY,Paraguay,2022,8.05446050272607
PRY,Paraguay,2023,2.06875531020788
PSE,West Bank and Gaza,2000,10.4416072420693
PSE,West Bank and Gaza,2001,2.34518915603925
PSE,West Bank and Gaza,2002,1.48692291117247
PSE,West Bank and Gaza,2003,-2.12542725606015
PSE,West Bank and Gaza,2004,-4.85459644251063
PSE,West Bank and Gaza,2005,0.0562197269976821
PSE,West Bank and Gaza,2006,5.39312306887525
PSE,West Bank and Gaza,2007,4.77023412941875
PSE,West Bank and Gaza,2008,17.0083554064538
PSE,West Bank and Gaza,2009,1.85273346648474
PSE,West Bank and Gaza,2010,13.1963162481764
PSE,West Bank and Gaza,2011,5.41982473738784
PSE,West Bank and Gaza,2012,2.86773402643237
PSE,West Bank and Gaza,2013,5.7383714378646
PSE,West Bank and Gaza,2014,3.67222811544951
PSE,West Bank and Gaza,2015,-3.70701301671946
PSE,West Bank and Gaza,2016,1.27802248372888
PSE,West Bank and Gaza,2017,3.22541499220273
PSE,West Bank and Gaza,2018,-0.301992725159963
PSE,West Bank and Gaza,2019,3.84946930147241
PSE,West Bank and Gaza,2020,2.22090183339058
PSE,West Bank and Gaza,2021,8.95397174062261
PSE,West Bank and Gaza,2022,1.68265652739991
PSE,West Bank and Gaza,2023,-3.90362226607192
PSS,Pacific island small states,2000,2.17897058141293
PSS,Pacific island small states,2001,3.36684864796393
PSS,Pacific island small states,2002,3.42591432642898
PSS,Pacific island small states,2003,3.08626672696697
PSS,Pacific island small states,2004,3.57521516031211
PSS,Pacific island small states,2005,3.99513339074883
PSS,Pacific island small states,2006,3.74675881881485
PSS,Pacific island small states,2007,3.17445993547543
PSS,Pacific island small states,2008,5.95222491574863
PSS,Pacific island small states,2009,1.9984618347907
PSS,Pacific island small states,2010,1.47170880333948
PSS,Pacific island small states,2011,1.99862599481449
PSS,Pacific island small states,2012,4.28459194493769
PSS,Pacific island small states,2013,2.34629009874605
PSS,Pacific island small states,2014,2.99107712093694
PSS,Pacific island small states,2015,3.35777295956466
PSS,Pacific island small states,2016,2.6333258273187
PSS,Pacific island small states,2017,2.5766856785921
PSS,Pacific island small states,2018,3.86213659037344
PSS,Pacific island small states,2019,1.24130303241819
PSS,Pacific island small states,2020,1.22360923994052
PSS,Pacific island small states,2021,2.47456266775067
PSS,Pacific island small states,2022,2.44798502613514
PSS,Pacific island small states,2023,6.1442403402407
PST,Post-demographic dividend,2000,1.88703376708934
PST,Post-demographic dividend,2001,2.55355795739837
PST,Post-demographic dividend,2002,2.09166459175931
PST,Post-demographic dividend,2003,2.051753640129
PST,Post-demographic dividend,2004,2.65942403251839
PST,Post-demographic dividend,2005,2.57949933435206
PST,Post-demographic dividend,2006,2.64322768488834
PST,Post-demographic dividend,2007,3.21898156759048
PST,Post-demographic dividend,2008,3.19958985453628
PST,Post-demographic dividend,2009,1.42510896534982
PST,Post-demographic dividend,2010,1.19148458387534
PST,Post-demographic dividend,2011,1.87432911686035
PST,Post-demographic dividend,2012,1.42176623933694
PST,Post-demographic dividend,2013,1.34203875221706
PST,Post-demographic dividend,2014,1.32984270637617
PST,Post-demographic dividend,2015,1.40488460475715
PST,Post-demographic dividend,2016,0.968898411539399
PST,Post-demographic dividend,2017,1.91914020037598
PST,Post-demographic dividend,2018,1.95385298260793
PST,Post-demographic dividend,2019,2.00217897831395
PST,Post-demographic dividend,2020,1.7743544290572
PST,Post-demographic dividend,2021,2.7551375897485
PST,Post-demographic dividend,2022,6.32569953527321
PST,Post-demographic dividend,2023,5.81875394007432
PYF,French Polynesia,2000,2.85720915835998
PYF,French Polynesia,2001,2.72943890799586
PYF,French Polynesia,2002,4.21491436348742
PYF,French Polynesia,2003,1.71726805884683
PYF,French Polynesia,2004,1.69146020964075
PYF,French Polynesia,2005,2.20077195397286
PYF,French Polynesia,2006,1.18694415765546
PYF,French Polynesia,2007,1.62404031539968
PYF,French Polynesia,2008,0.279672532219806
PYF,French Polynesia,2009,1.586850062683
PYF,French Polynesia,2010,-0.287103184096253
PYF,French Polynesia,2011,0.0398540381661689
PYF,French Polynesia,2012,0.346766937067926
PYF,French Polynesia,2013,2.09042696818406
PYF,French Polynesia,2014,1.36123772707739
PYF,French Polynesia,2015,1.9600633571178
PYF,French Polynesia,2016,1.06284877515266
PYF,French Polynesia,2017,-0.379454943329449
PYF,French Polynesia,2018,-1.20319688581242
PYF,French Polynesia,2019,0.822431269471167
PYF,French Polynesia,2020,1.65824532511503
PYF,French Polynesia,2021,0.198829632204649
PYF,French Polynesia,2022,1.79361104875255
QAT,Qatar,2000,32.654614947218
QAT,Qatar,2001,-4.95194097117833
QAT,Qatar,2002,3.00900517451197
QAT,Qatar,2003,17.1764677384087
QAT,Qatar,2004,13.1067848451559
QAT,Qatar,2005,30.5426998130357
QAT,Qatar,2006,8.3616135354893
QAT,Qatar,2007,10.9698605953142
QAT,Qatar,2008,22.8995646881724
QAT,Qatar,2009,-24.2181008766069
QAT,Qatar,2010,6.9793298939115
QAT,Qatar,2011,18.2701713424367
QAT,Qatar,2012,6.32996223555197
QAT,Qatar,2013,0.767488571935985
QAT,Qatar,2014,-1.4827510630932
QAT,Qatar,2015,-25.1298074959928
QAT,Qatar,2016,-8.97669905751843
QAT,Qatar,2017,7.78756965604812
QAT,Qatar,2018,12.4144035260003
QAT,Qatar,2019,-4.45591421178636
QAT,Qatar,2020,-15.100420309421
QAT,Qatar,2021,22.4660221244491
QAT,Qatar,2022,25.8769173658359
QAT,Qatar,2023,-10.6934814488438
ROU,Romania,2000,43.1808548123815
ROU,Romania,2001,37.9562521393343
ROU,Romania,2002,22.7142690496692
ROU,Romania,2003,23.1532554708977
ROU,Romania,2004,15.4565958769332
ROU,Romania,2005,12.0069901176313
ROU,Romania,2006,10.6065793571017
ROU,Romania,2007,15.8162274724437
ROU,Romania,2008,16.014892178546
ROU,Romania,2009,4.0915777131025
ROU,Romania,2010,5.93211185989944
ROU,Romania,2011,3.98254945792303
ROU,Romania,2012,3.81023942192328
ROU,Romania,2013,1.39458661535372
ROU,Romania,2014,1.71417093292732
ROU,Romania,2015,3.26453494332559
ROU,Romania,2016,2.61991857394388
ROU,Romania,2017,4.65130664700149
ROU,Romania,2018,6.18674870152643
ROU,Romania,2019,6.94651343516345
ROU,Romania,2020,4.11051645013276
ROU,Romania,2021,5.61025509902417
ROU,Romania,2022,12.0919624576312
ROU,Romania,2023,12.7699377919606
RUS,Russian Federation,2000,37.6979282123097
RUS,Russian Federation,2001,16.4796193570037
RUS,Russian Federation,2002,15.6619063054593
RUS,Russian Federation,2003,13.6571368113275
RUS,Russian Federation,2004,20.2551495775111
RUS,Russian Federation,2005,19.279432134411
RUS,Russian Federation,2006,15.1204066316764
RUS,Russian Federation,2007,13.8412392398238
RUS,Russian Federation,2008,18.0135183350842
RUS,Russian Federation,2009,1.97061260305912
RUS,Russian Federation,2010,14.1911095688207
RUS,Russian Federation,2011,24.4600860621898
RUS,Russian Federation,2012,8.90786842087834
RUS,Russian Federation,2013,5.32013887237915
RUS,Russian Federation,2014,7.49007111696609
RUS,Russian Federation,2015,7.24973590678889
RUS,Russian Federation,2016,2.84422269802643
RUS,Russian Federation,2017,5.34981508767618
RUS,Russian Federation,2018,9.99797671148308
RUS,Russian Federation,2019,3.26313281881684
RUS,Russian Federation,2020,0.898246027195242
RUS,Russian Federation,2021,19.4115890615904
RUS,Russian Federation,2022,16.7152740606271
RUS,Russian Federation,2023,7.07360156603734
RWA,Rwanda,2000,3.27539722143884
RWA,Rwanda,2001,-0.39258927986296
RWA,Rwanda,2002,-5.22720896305826
RWA,Rwanda,2003,20.3613027187849
RWA,Rwanda,2004,11.0949086013764
RWA,Rwanda,2005,9.03080654832287
RWA,Rwanda,2006,2.46160327416591
RWA,Rwanda,2007,12.936041097788
RWA,Rwanda,2008,14.4540325669763
RWA,Rwanda,2009,7.14765692022587
RWA,Rwanda,2010,3.18717431895028
RWA,Rwanda,2011,7.19147737875907
RWA,Rwanda,2012,4.7228346580055
RWA,Rwanda,2013,2.68970175896683
RWA,Rwanda,2014,4.73237348815783
RWA,Rwanda,2015,0.485928791648902
RWA,Rwanda,2016,5.03012214050614
RWA,Rwanda,2017,8.16262594714252
RWA,Rwanda,2018,-0.603329019206939
RWA,Rwanda,2019,2.47117029507604
RWA,Rwanda,2020,6.71183680148918
RWA,Rwanda,2021,2.85751132750647
RWA,Rwanda,2022,15.9144975139225
RWA,Rwanda,2023,10.1301242308679
SAS,South Asia,2000,4.47243371871953
SAS,South Asia,2001,5.6750614869624
SAS,South Asia,2002,3.92811823441244
SAS,South Asia,2003,3.74605216066744
SAS,South Asia,2004,6.48837810604775
SAS,South Asia,2005,6.29929640524648
SAS,South Asia,2006,7.27989528597466
SAS,South Asia,2007,8.96730676614216
SAS,South Asia,2008,8.52746786015736
SAS,South Asia,2009,6.90236005828176
SAS,South Asia,2010,9.42649662574266
SAS,South Asia,2011,10.7545019906415
SAS,South Asia,2012,8.04948057708798
SAS,South Asia,2013,6.49974244418989
SAS,South Asia,2014,4.92599255707002
SAS,South Asia,2015,3.80941133758956
SAS,South Asia,2016,3.64344397472554
SAS,South Asia,2017,4.18968997658698
SAS,South Asia,2018,3.8630134523573
SAS,South Asia,2019,3.76433258169706
SAS,South Asia,2020,4.32796065240716
SAS,South Asia,2021,7.19536277510807
SAS,South Asia,2022,7.49435251822787
SAS,South Asia,2023,4.89510360030242
SAU,Saudi Arabia,2000,11.9091245199722
SAU,Saudi Arabia,2001,-3.17107568405154
SAU,Saudi Arabia,2002,3.683428242343
SAU,Saudi Arabia,2003,4.64321371035759
SAU,Saudi Arabia,2004,10.3688370027684
SAU,Saudi Arabia,2005,19.7288473218081
SAU,Saudi Arabia,2006,11.00529949314
SAU,Saudi Arabia,2007,8.04658597487651
SAU,Saudi Arabia,2008,17.7028507742568
SAU,Saudi Arabia,2009,-16.5588459310441
SAU,Saudi Arabia,2010,17.1912927985998
SAU,Saudi Arabia,2011,15.412103777545
SAU,Saudi Arabia,2012,4.01223554962029
SAU,Saudi Arabia,2013,-0.892597886207128
SAU,Saudi Arabia,2014,-2.04340434872742
SAU,Saudi Arabia,2015,-16.4369469112862
SAU,Saudi Arabia,2016,-2.36045062575421
SAU,Saudi Arabia,2017,6.38731634132101
SAU,Saudi Arabia,2018,14.7336140424025
SAU,Saudi Arabia,2019,-2.02274033833496
SAU,Saudi Arabia,2020,-9.18456817699072
SAU,Saudi Arabia,2021,13.3007001530628
SAU,Saudi Arabia,2022,17.9839455619021
SAU,Saudi Arabia,2023,-2.96488667496891
SDN,Sudan,2000,9.8531369204179
SDN,Sudan,2001,21.1339910457107
SDN,Sudan,2002,10.8012352318635
SDN,Sudan,2003,9.79992410396942
SDN,Sudan,2004,17.2739979186081
SDN,Sudan,2005,18.054402868472
SDN,Sudan,2006,7.65225430526529
SDN,Sudan,2007,15.3066214793858
SDN,Sudan,2008,8.89101661311409
SDN,Sudan,2009,1.86213189302369
SDN,Sudan,2010,22.6694192116219
SDN,Sudan,2011,26.3283499650477
SDN,Sudan,2012,30.1285931395558
SDN,Sudan,2013,36.4286291176933
SDN,Sudan,2014,34.0669855189111
SDN,Sudan,2015,14.0225574392301
SDN,Sudan,2016,20.6855877306245
SDN,Sudan,2017,34.6223707315316
SDN,Sudan,2018,55.9753254437569
SDN,Sudan,2019,51.9788933465452
SDN,Sudan,2020,115.65291501439
SDN,Sudan,2021,235.515443582343
SDN,Sudan,2022,116.874075405794
SDN,Sudan,2023,213.72584787991
SEN,Senegal,2000,1.3086598487922
SEN,Senegal,2001,6.99493519580557
SEN,Senegal,2002,1.90464530864327
SEN,Senegal,2003,-0.922879933708558
SEN,Senegal,2004,-0.134935110953364
SEN,Senegal,2005,4.72087875420317
SEN,Senegal,2006,2.88549200196928
SEN,Senegal,2007,6.58871245134355
SEN,Senegal,2008,8.21654273074127
SEN,Senegal,2009,-1.68903868254876
SEN,Senegal,2010,1.60441579019933
SEN,Senegal,2011,3.85747038355476
SEN,Senegal,2012,3.27411157616761
SEN,Senegal,2013,1.18613046995503
SEN,Senegal,2014,-1.51585973451603
SEN,Senegal,2015,1.06978461964601
SEN,Senegal,2016,0.955649520089025
SEN,Senegal,2017,0.598916826886537
SEN,Senegal,2018,-0.839644464738328
SEN,Senegal,2019,2.08580185181253
SEN,Senegal,2020,1.60273383045899
SEN,Senegal,2021,1.44730627584974
SEN,Senegal,2022,8.72786615579552
SEN,Senegal,2023,3.85182919223391
SGP,Singapore,2000,3.86347751783269
SGP,Singapore,2001,-1.81443173071348
SGP,Singapore,2002,-0.896915632384648
SGP,Singapore,2003,-1.79904886938878
SGP,Singapore,2004,3.95952821977868
SGP,Singapore,2005,1.9005186505386
SGP,Singapore,2006,1.8441830136442
SGP,Singapore,2007,5.91682447669695
SGP,Singapore,2008,-1.38155543169427
SGP,Singapore,2009,2.95392464373782
SGP,Singapore,2010,1.10780871344616
SGP,Singapore,2011,1.17079820355097
SGP,Singapore,2012,0.495345771200874
SGP,Singapore,2013,-0.431059391871671
SGP,Singapore,2014,-0.267270041634802
SGP,Singapore,2015,3.07195500966418
SGP,Singapore,2016,0.489627028998726
SGP,Singapore,2017,2.89404191400374
SGP,Singapore,2018,3.60410043476227
SGP,Singapore,2019,-0.20441464095768
SGP,Singapore,2020,-2.43859056928547
SGP,Singapore,2021,10.2637667092318
SGP,Singapore,2022,13.4781380113655
SGP,Singapore,2023,-3.06902994364776
SLB,Solomon Islands,2000,5.55906379443005
SLB,Solomon Islands,2001,9.90700224559815
SLB,Solomon Islands,2002,11.2791035553013
SLB,Solomon Islands,2003,25.8870813257842
SLB,Solomon Islands,2004,3.76283717550221
SLB,Solomon Islands,2005,10.6993061146418
SLB,Solomon Islands,2006,8.34372112602952
SLB,Solomon Islands,2007,9.29434531558914
SLB,Solomon Islands,2008,6.42916214677736
SLB,Solomon Islands,2009,4.87312691925838
SLB,Solomon Islands,2010,1.74527790331425
SLB,Solomon Islands,2011,4.47682788873855
SLB,Solomon Islands,2012,4.65219263177319
SLB,Solomon Islands,2013,2.3522743375372
SLB,Solomon Islands,2014,3.67027557918389
SLB,Solomon Islands,2015,3.35777295956466
SLB,Solomon Islands,2016,0.344942428061586
SLB,Solomon Islands,2017,2.5766856785921
SLB,Solomon Islands,2018,7.85787438297851
SLB,Solomon Islands,2019,1.24130303241819
SLB,Solomon Islands,2020,-1.32591732051718
SLB,Solomon Islands,2021,-5.504745457506
SLB,Solomon Islands,2022,2.01661207154767
SLB,Solomon Islands,2023,3.88899446253055
SLE,Sierra Leone,2000,3.28114136455662
SLE,Sierra Leone,2001,168.053006806488
SLE,Sierra Leone,2002,-3.93416601033874
SLE,Sierra Leone,2003,13.197685378053
SLE,Sierra Leone,2004,12.8264540838063
SLE,Sierra Leone,2005,16.6157668889868
SLE,Sierra Leone,2006,12.492989875478
SLE,Sierra Leone,2007,6.60201885994177
SLE,Sierra Leone,2008,9.21371767444133
SLE,Sierra Leone,2009,8.54806994820652
SLE,Sierra Leone,2010,17.4339240319793
SLE,Sierra Leone,2011,17.295115798704
SLE,Sierra Leone,2012,12.0412148525003
SLE,Sierra Leone,2013,6.95914982637184
SLE,Sierra Leone,2014,1.79536377351708
SLE,Sierra Leone,2015,19.6403377509812
SLE,Sierra Leone,2016,5.85170885537505
SLE,Sierra Leone,2017,8.95600063695517
SLE,Sierra Leone,2018,14.0105639405151
SLE,Sierra Leone,2019,9.91558334836972
SLE,Sierra Leone,2020,13.2769444949676
SLE,Sierra Leone,2021,7.43295884720851
SLE,Sierra Leone,2022,26.9524276570781
SLE,Sierra Leone,2023,29.2160488413443
SLV,El Salvador,2000,3.27263167049688
SLV,El Salvador,2001,3.31363165513974
SLV,El Salvador,2002,1.51063301186223
SLV,El Salvador,2003,2.96567141336874
SLV,El Salvador,2004,2.71767338213316
SLV,El Salvador,2005,4.29476326031077
SLV,El Salvador,2006,4.33269226745863
SLV,El Salvador,2007,4.39535754973457
SLV,El Salvador,2008,3.50229909686419
SLV,El Salvador,2009,-0.0338953396293391
SLV,El Salvador,2010,2.59792051504036
SLV,El Salvador,2011,5.95334315490372
SLV,El Salvador,2012,2.475549962784
SLV,El Salvador,2013,0.631311695261005
SLV,El Salvador,2014,0.993230854860357
SLV,El Salvador,2015,1.307617777231
SLV,El Salvador,2016,0.657746207396585
SLV,El Salvador,2017,0.986566456267596
SLV,El Salvador,2018,1.71626308707515
SLV,El Salvador,2019,0.848014701105342
SLV,El Salvador,2020,0.653512318599752
SLV,El Salvador,2021,4.14207468599355
SLV,El Salvador,2022,7.143242839221
SLV,El Salvador,2023,2.7288450232809
SMR,San Marino,2000,2.56773358739586
SMR,San Marino,2001,2.70347841383587
SMR,San Marino,2002,2.38676892433671
SMR,San Marino,2003,2.45182791541232
SMR,San Marino,2004,2.01088269657863
SMR,San Marino,2005,1.6678752719362
SMR,San Marino,2006,2.01207243460763
SMR,San Marino,2007,-1.9723865877712
SMR,San Marino,2008,2.83196979232221
SMR,San Marino,2009,0.999377268139739
SMR,San Marino,2010,1.43035574550051
SMR,San Marino,2011,0.152699197986834
SMR,San Marino,2012,3.12004460358166
SMR,San Marino,2013,2.00061717503941
SMR,San Marino,2014,0.388644528758022
SMR,San Marino,2015,-0.742700250740796
SMR,San Marino,2016,1.31670533871484
SMR,San Marino,2017,1.74335584048488
SMR,San Marino,2018,2.06429610242003
SMR,San Marino,2019,0.914100160109228
SMR,San Marino,2020,0.344576815256147
SMR,San Marino,2021,1.84143317836185
SMR,San Marino,2022,2.7646735234789
SOM,Somalia,2000,14.6097983167277
SOM,Somalia,2001,8.24338668888598
SOM,Somalia,2002,7.72046671062576
SOM,Somalia,2003,6.27947337751162
SOM,Somalia,2004,6.79561761190055
SOM,Somalia,2005,16.0638020616769
SOM,Somalia,2006,-6.86776599891034
SOM,Somalia,2007,3.51717021973346
SOM,Somalia,2008,2.05988988555681
SOM,Somalia,2009,2.37613172422517
SOM,Somalia,2010,-15.3469023050206
SOM,Somalia,2011,-2.88779805597117
SOM,Somalia,2012,5.77054398305643
SOM,Somalia,2013,-10.4668138347536
SOM,Somalia,2014,8.92321069866951
SOM,Somalia,2015,6.94895320598204
SOM,Somalia,2016,4.08186837702725
SOM,Somalia,2017,0.597727181659508
SOM,Somalia,2018,4.97532968432834
SOM,Somalia,2019,11.8594164700306
SOM,Somalia,2020,5.36583593677899
SOM,Somalia,2021,7.3886001174333
SOM,Somalia,2022,7.91416641125198
SOM,Somalia,2023,4.5724656131988
SRB,Serbia,2000,79.2183508682465
SRB,Serbia,2001,84.1527429423523
SRB,Serbia,2002,19.1017136778035
SRB,Serbia,2003,12.5286894504112
SRB,Serbia,2004,8.12865616706782
SRB,Serbia,2005,13.8856609004848
SRB,Serbia,2006,13.839225499575
SRB,Serbia,2007,8.8316860769138
SRB,Serbia,2008,9.49838537981331
SRB,Serbia,2009,8.4369259125118
SRB,Serbia,2010,4.95030895713286
SRB,Serbia,2011,11.0023151879629
SRB,Serbia,2012,6.04404445896019
SRB,Serbia,2013,7.8010852139731
SRB,Serbia,2014,2.90940668005459
SRB,Serbia,2015,2.16912087992016
SRB,Serbia,2016,1.54382768559221
SRB,Serbia,2017,2.99735460836095
SRB,Serbia,2018,1.99999940277962
SRB,Serbia,2019,2.34783114136296
SRB,Serbia,2020,2.6493593974983
SRB,Serbia,2021,5.68404945078089
SRB,Serbia,2022,10.5159219499465
SRB,Serbia,2023,13.8402321392915
SSA,Sub-Saharan Africa (excluding high income),2000,8.84439624700958
SSA,Sub-Saharan Africa (excluding high income),2001,6.55399065644978
SSA,Sub-Saharan Africa (excluding high income),2002,3.86243458570234
SSA,Sub-Saharan Africa (excluding high income),2003,5.81434413395987
SSA,Sub-Saharan Africa (excluding high income),2004,7.68840142534579
SSA,Sub-Saharan Africa (excluding high income),2005,7.56269974481235
SSA,Sub-Saharan Africa (excluding high income),2006,7.55679942246153
SSA,Sub-Saharan Africa (excluding high income),2007,6.88838910319755
SSA,Sub-Saharan Africa (excluding high income),2008,9.75092298812891
SSA,Sub-Saharan Africa (excluding high income),2009,3.11722996127335
SSA,Sub-Saharan Africa (excluding high income),2010,5.64433086097335
SSA,Sub-Saharan Africa (excluding high income),2011,9.39165549203732
SSA,Sub-Saharan Africa (excluding high income),2012,5.46617486333369
SSA,Sub-Saharan Africa (excluding high income),2013,3.58690582613154
SSA,Sub-Saharan Africa (excluding high income),2014,2.6158977058997
SSA,Sub-Saharan Africa (excluding high income),2015,2.9722848994975
SSA,Sub-Saharan Africa (excluding high income),2016,4.78100029080551
SSA,Sub-Saharan Africa (excluding high income),2017,4.96153975601543
SSA,Sub-Saharan Africa (excluding high income),2018,4.21502841459056
SSA,Sub-Saharan Africa (excluding high income),2019,2.85603411987745
SSA,Sub-Saharan Africa (excluding high income),2020,4.24998016732003
SSA,Sub-Saharan Africa (excluding high income),2021,5.90670766327823
SSA,Sub-Saharan Africa (excluding high income),2022,8.66620854081535
SSA,Sub-Saharan Africa (excluding high income),2023,4.80427142532388
SSD,South Sudan,2009,-11.8293295391053
SSD,South Sudan,2010,12.9264024311492
SSD,South Sudan,2011,38.8333429721931
SSD,South Sudan,2012,46.5069047554802
SSD,South Sudan,2013,36.5121584994857
SSD,South Sudan,2014,-26.7002845822567
SSD,South Sudan,2015,17.6893321393151
SSF,Sub-Saharan Africa,2000,8.5066010783456
SSF,Sub-Saharan Africa,2001,6.23201251547312
SSF,Sub-Saharan Africa,2002,3.61316135426739
SSF,Sub-Saharan Africa,2003,5.94683478932345
SSF,Sub-Saharan Africa,2004,7.7652785346058
SSF,Sub-Saharan Africa,2005,7.50171013084201
SSF,Sub-Saharan Africa,2006,7.46134453965777
SSF,Sub-Saharan Africa,2007,7.03666107458216
SSF,Sub-Saharan Africa,2008,10.1291157206231
SSF,Sub-Saharan Africa,2009,3.36037257272762
SSF,Sub-Saharan Africa,2010,5.64097124955398
SSF,Sub-Saharan Africa,2011,9.19547306727744
SSF,Sub-Saharan Africa,2012,5.61835942319506
SSF,Sub-Saharan Africa,2013,3.81334835981615
SSF,Sub-Saharan Africa,2014,3.08839123897887
SSF,Sub-Saharan Africa,2015,2.92789713727939
SSF,Sub-Saharan Africa,2016,4.56511461778215
SSF,Sub-Saharan Africa,2017,4.80529528782022
SSF,Sub-Saharan Africa,2018,4.1041617498425
SSF,Sub-Saharan Africa,2019,2.70224724381033
SSF,Sub-Saharan Africa,2020,4.28056265157745
SSF,Sub-Saharan Africa,2021,5.63049185397639
SSF,Sub-Saharan Africa,2022,8.29018747603367
SSF,Sub-Saharan Africa,2023,4.73199714247384
SST,Small states,2000,2.56773358739586
SST,Small states,2001,3.66029355253119
SST,Small states,2002,3.2664474825379
SST,Small states,2003,3.88938600534479
SST,Small states,2004,3.76283717550221
SST,Small states,2005,3.99513339074883
SST,Small states,2006,4.09637073569277
SST,Small states,2007,4.69688854570667
SST,Small states,2008,5.68669282209342
SST,Small states,2009,1.76512587619911
SST,Small states,2010,1.81654195519067
SST,Small states,2011,2.7869098819283
SST,Small states,2012,3.44088030034162
SST,Small states,2013,2.24218127684152
SST,Small states,2014,1.32705754283985
SST,Small states,2015,2.77328121859048
SST,Small states,2016,1.90545540481198
SST,Small states,2017,2.2149806797436
SST,Small states,2018,1.94998202111621
SST,Small states,2019,1.78508543297745
SST,Small states,2020,0.402303195023002
SST,Small states,2021,2.92731350035407
SST,Small states,2022,5.71661624053541
SST,Small states,2023,4.3740620157435
STP,Sao Tome and Principe,2000,9.97601520165648
STP,Sao Tome and Principe,2001,7.18447295504446
STP,Sao Tome and Principe,2002,11.5148122597808
STP,Sao Tome and Principe,2003,13.8397977822705
STP,Sao Tome and Principe,2004,14.8393417321248
STP,Sao Tome and Principe,2005,19.0925741408707
STP,Sao Tome and Principe,2006,13.3249989171462
STP,Sao Tome and Principe,2007,9.60258189970895
STP,Sao Tome and Principe,2008,28.8282864494996
STP,Sao Tome and Principe,2009,13.9533488007692
STP,Sao Tome and Principe,2010,6.96532412446513
STP,Sao Tome and Principe,2011,11.6807042204602
STP,Sao Tome and Principe,2012,6.46776354057626
STP,Sao Tome and Principe,2013,7.20255760722401
STP,Sao Tome and Principe,2014,4.62269799152351
STP,Sao Tome and Principe,2015,4.50369709639151
STP,Sao Tome and Principe,2016,7.05347169543845
STP,Sao Tome and Principe,2017,4.08077375939095
STP,Sao Tome and Principe,2018,8.91966149527528
STP,Sao Tome and Principe,2019,11.2643680903642
STP,Sao Tome and Principe,2020,9.26827734771341
STP,Sao Tome and Principe,2021,5.16433588592962
STP,Sao Tome and Principe,2022,15.7806509935932
STP,Sao Tome and Principe,2023,21.6884761062027
SUR,Suriname,2000,60.7428213798917
SUR,Suriname,2001,39.530228233387
SUR,Suriname,2002,37.4532823192579
SUR,Suriname,2003,21.3179782161229
SUR,Suriname,2004,12.8379278475888
SUR,Suriname,2005,15.5398119400855
SUR,Suriname,2006,39.0361246319048
SUR,Suriname,2007,6.4252012519074
SUR,Suriname,2008,15.5211432201182
SUR,Suriname,2009,6.48362424782576
SUR,Suriname,2010,7.19655419062693
SUR,Suriname,2011,13.8444468459506
SUR,Suriname,2012,10.7352006048331
SUR,Suriname,2013,0.383766168173977
SUR,Suriname,2014,1.58368715816022
SUR,Suriname,2015,4.85459060945995
SUR,Suriname,2016,24.0693638258796
SUR,Suriname,2017,28.1451055406702
SUR,Suriname,2018,5.66059377089626
SUR,Suriname,2019,5.17890859157816
SUR,Suriname,2020,45.2177563492464
SUR,Suriname,2021,62.0745334560841
SUR,Suriname,2022,49.4232837396802
SUR,Suriname,2023,32.2686064902092
SVK,Slovak Republic,2000,9.68117960433668
SVK,Slovak Republic,2001,5.37523124435772
SVK,Slovak Republic,2002,4.04623615991737
SVK,Slovak Republic,2003,5.44607996105175
SVK,Slovak Republic,2004,5.90529817118028
SVK,Slovak Republic,2005,2.64656711097582
SVK,Slovak Republic,2006,2.8955395734697
SVK,Slovak Republic,2007,1.17772604127171
SVK,Slovak Republic,2008,2.98536275879336
SVK,Slovak Republic,2009,-1.12257190426035
SVK,Slovak Republic,2010,0.470528037018013
SVK,Slovak Republic,2011,1.61977068406445
SVK,Slovak Republic,2012,1.33888228226206
SVK,Slovak Republic,2013,0.534061780956677
SVK,Slovak Republic,2014,-0.132601652541283
SVK,Slovak Republic,2015,-0.185693219770044
SVK,Slovak Republic,2016,-0.390909938960164
SVK,Slovak Republic,2017,1.18187358611384
SVK,Slovak Republic,2018,2.10864784120307
SVK,Slovak Republic,2019,2.40120775491499
SVK,Slovak Republic,2020,2.40777968361606
SVK,Slovak Republic,2021,2.24393114860719
SVK,Slovak Republic,2022,7.48894730705902
SVK,Slovak Republic,2023,10.1364912548588
SVN,Slovenia,2000,5.53606478204385
SVN,Slovenia,2001,8.70000614877415
SVN,Slovenia,2002,7.61980985590355
SVN,Slovenia,2003,5.66345782357303
SVN,Slovenia,2004,3.35817484405874
SVN,Slovenia,2005,1.50299789756312
SVN,Slovenia,2006,2.22359964757672
SVN,Slovenia,2007,4.20025128686945
SVN,Slovenia,2008,4.50501550359247
SVN,Slovenia,2009,2.73284071725568
SVN,Slovenia,2010,-0.491469663518984
SVN,Slovenia,2011,1.36451861108193
SVN,Slovenia,2012,0.626619401658687
SVN,Slovenia,2013,1.1327980246691
SVN,Slovenia,2014,0.631553050140269
SVN,Slovenia,2015,0.867195845770979
SVN,Slovenia,2016,0.885483330309867
SVN,Slovenia,2017,1.28762872790161
SVN,Slovenia,2018,2.1809554232366
SVN,Slovenia,2019,2.33858818675805
SVN,Slovenia,2020,1.18953023258868
SVN,Slovenia,2021,2.68996436135656
SVN,Slovenia,2022,6.51715101546723
SVN,Slovenia,2023,10.0501057520513
SWE,Sweden,2000,1.57193733934425
SWE,Sweden,2001,2.58976943892402
SWE,Sweden,2002,1.62347188399643
SWE,Sweden,2003,1.8478562751048
SWE,Sweden,2004,0.41463529336707
SWE,Sweden,2005,0.764452784934761
SWE,Sweden,2006,1.74607307016446
SWE,Sweden,2007,2.92412818796939
SWE,Sweden,2008,3.36159327618984
SWE,Sweden,2009,2.35890020403473
SWE,Sweden,2010,1.03025947287551
SWE,Sweden,2011,1.11730008631683
SWE,Sweden,2012,0.949517917737836
SWE,Sweden,2013,1.01164751434032
SWE,Sweden,2014,1.83270691050184
SWE,Sweden,2015,2.25343232544076
SWE,Sweden,2016,1.65202001199931
SWE,Sweden,2017,2.22655133855243
SWE,Sweden,2018,2.61612019490897
SWE,Sweden,2019,2.42065007708676
SWE,Sweden,2020,1.79366288715698
SWE,Sweden,2021,2.7406333444759
SWE,Sweden,2022,5.78193714856063
SWE,Sweden,2023,6.14906969650426
SWZ,Eswatini,2000,25.342941717642
SWZ,Eswatini,2001,8.94261935672024
SWZ,Eswatini,2002,8.91492825674993
SWZ,Eswatini,2003,6.00549567737518
SWZ,Eswatini,2004,3.87128784547623
SWZ,Eswatini,2005,6.55682311577613
SWZ,Eswatini,2006,4.04116194744795
SWZ,Eswatini,2007,5.01429789090137
SWZ,Eswatini,2008,10.4255760885952
SWZ,Eswatini,2009,9.76992430013273
SWZ,Eswatini,2010,3.19717545893681
SWZ,Eswatini,2011,5.34094513529033
SWZ,Eswatini,2012,8.74837350194572
SWZ,Eswatini,2013,2.38017574836624
SWZ,Eswatini,2014,6.31006367634119
SWZ,Eswatini,2015,5.72703207972572
SWZ,Eswatini,2016,6.51814335933494
SWZ,Eswatini,2017,5.89607425928853
SWZ,Eswatini,2018,3.50177180405096
SWZ,Eswatini,2019,2.54846036774322
SWZ,Eswatini,2020,4.86403113991642
SWZ,Eswatini,2021,0.167992453327443
SWZ,Eswatini,2022,9.76589853061334
SWZ,Eswatini,2023,1.62022800466512
SXM,Sint Maarten (Dutch part),2010,1.12875903023384
SXM,Sint Maarten (Dutch part),2011,0.295015877945247
SXM,Sint Maarten (Dutch part),2012,3.87309650875972
SXM,Sint Maarten (Dutch part),2013,2.41867590016453
SXM,Sint Maarten (Dutch part),2014,31.0605071174675
SXM,Sint Maarten (Dutch part),2015,4.00778518211102
SXM,Sint Maarten (Dutch part),2016,-0.320844612000187
SXM,Sint Maarten (Dutch part),2017,2.55581757014862
SXM,Sint Maarten (Dutch part),2018,-0.096963578940688
SXM,Sint Maarten (Dutch part),2019,0.759240923003787
SXM,Sint Maarten (Dutch part),2020,1.31368166079125
SXM,Sint Maarten (Dutch part),2021,4.64369866790126
SXM,Sint Maarten (Dutch part),2022,3.46083611779808
SXM,Sint Maarten (Dutch part),2023,2.02312138728323
SYC,Seychelles,2000,1.25194515123741
SYC,Seychelles,2001,6.15676158548635
SYC,Seychelles,2002,3.61316135426739
SYC,Seychelles,2003,5.94683478932345
SYC,Seychelles,2004,24.674119952404
SYC,Seychelles,2005,0.45864511054863
SYC,Seychelles,2006,1.44234444771681
SYC,Seychelles,2007,11.0793956861201
SYC,Seychelles,2008,31.9263160249952
SYC,Seychelles,2009,28.1819635812916
SYC,Seychelles,2010,-2.11971044632016
SYC,Seychelles,2011,1.06438138123271
SYC,Seychelles,2012,10.4372838765698
SYC,Seychelles,2013,5.64023151837689
SYC,Seychelles,2014,6.43587163230623
SYC,Seychelles,2015,-1.00318641871358
SYC,Seychelles,2016,-2.29456846888873
SYC,Seychelles,2017,2.33249048759716
SYC,Seychelles,2018,3.44738196587787
SYC,Seychelles,2019,0.126950238609624
SYC,Seychelles,2020,5.23042858538314
SYC,Seychelles,2021,2.75005993802337
SYC,Seychelles,2022,1.52239094163566
SYC,Seychelles,2023,-0.932509493159856
SYR,Syrian Arab Republic,2000,9.70098596983003
SYR,Syrian Arab Republic,2001,6.55411843600844
SYR,Syrian Arab Republic,2002,0.394124325358419
SYR,Syrian Arab Republic,2003,-1.43064021841795
SYR,Syrian Arab Republic,2004,10.3263712398652
SYR,Syrian Arab Republic,2005,11.9504489708053
SYR,Syrian Arab Republic,2006,9.09650632380644
SYR,Syrian Arab Republic,2007,10.7690643740435
SYR,Syrian Arab Republic,2008,15.9501259770903
SYR,Syrian Arab Republic,2009,-2.78022303939403
SYR,Syrian Arab Republic,2010,6.8992650940543
SYR,Syrian Arab Republic,2011,11.5740778155847
SYR,Syrian Arab Republic,2012,26.2462552485551
SYR,Syrian Arab Republic,2013,31.7701939095293
SYR,Syrian Arab Republic,2014,37.0945840345087
SYR,Syrian Arab Republic,2015,38.2145477487644
SYR,Syrian Arab Republic,2016,36.8710415587113
SYR,Syrian Arab Republic,2017,37.2209382232321
SYR,Syrian Arab Republic,2018,13.1879402830296
SYR,Syrian Arab Republic,2019,19.8313540100224
SYR,Syrian Arab Republic,2020,61.5864142890263
SYR,Syrian Arab Republic,2021,118.274086326127
SYR,Syrian Arab Republic,2022,112.14365352308
TCA,Turks and Caicos Islands,2012,0.756185324269183
TCA,Turks and Caicos Islands,2013,2.62467548724537
TCA,Turks and Caicos Islands,2014,2.57677899551956
TCA,Turks and Caicos Islands,2015,0.623168365108711
TCA,Turks and Caicos Islands,2016,2.18440361611209
TCA,Turks and Caicos Islands,2017,2.21538461538462
TCA,Turks and Caicos Islands,2018,3.87215550797131
TCA,Turks and Caicos Islands,2019,-0.959943373384348
TCA,Turks and Caicos Islands,2020,-10.1302434239062
TCA,Turks and Caicos Islands,2021,23.8242458240874
TCA,Turks and Caicos Islands,2022,10.6403018542625
TCA,Turks and Caicos Islands,2023,12.7470391990364
TCD,Chad,2000,5.2898048599024
TCD,Chad,2001,13.797652751767
TCD,Chad,2002,1.90781944012426
TCD,Chad,2003,0.0790046920912317
TCD,Chad,2004,9.73425647986646
TCD,Chad,2005,28.1119336760507
TCD,Chad,2006,9.98442792041423
TCD,Chad,2007,3.30193426256776
TCD,Chad,2008,8.64881979028074
TCD,Chad,2009,-9.55875447756326
TCD,Chad,2010,6.3911950513067
TCD,Chad,2011,8.58039895814788
TCD,Chad,2012,1.09724571223187
TCD,Chad,2013,-4.14136740417744
TCD,Chad,2014,0.645785332472741
TCD,Chad,2015,-8.48001725832678
TCD,Chad,2016,-1.40083927949904
TCD,Chad,2017,0.0282519135155042
TCD,Chad,2018,5.01465777807508
TCD,Chad,2019,2.85603411987745
TCD,Chad,2020,-5.45489640763718
TCD,Chad,2021,7.16657628897821
TCD,Chad,2022,15.145121891457
TCD,Chad,2023,-0.936604165489314
TEA,East Asia & Pacific (IDA & IBRD countries),2000,2.99889591177187
TEA,East Asia & Pacific (IDA & IBRD countries),2001,4.02071928409904
TEA,East Asia & Pacific (IDA & IBRD countries),2002,4.23109181372058
TEA,East Asia & Pacific (IDA & IBRD countries),2003,5.48742913790147
TEA,East Asia & Pacific (IDA & IBRD countries),2004,5.000584125964
TEA,East Asia & Pacific (IDA & IBRD countries),2005,6.64518598144788
TEA,East Asia & Pacific (IDA & IBRD countries),2006,5.11158666295037
TEA,East Asia & Pacific (IDA & IBRD countries),2007,5.7769601471735
TEA,East Asia & Pacific (IDA & IBRD countries),2008,7.79534603698191
TEA,East Asia & Pacific (IDA & IBRD countries),2009,1.82670368400657
TEA,East Asia & Pacific (IDA & IBRD countries),2010,4.37088435978275
TEA,East Asia & Pacific (IDA & IBRD countries),2011,5.41240809007968
TEA,East Asia & Pacific (IDA & IBRD countries),2012,3.75387875323653
TEA,East Asia & Pacific (IDA & IBRD countries),2013,2.8690452471251
TEA,East Asia & Pacific (IDA & IBRD countries),2014,3.05305530800513
TEA,East Asia & Pacific (IDA & IBRD countries),2015,2.53089897431484
TEA,East Asia & Pacific (IDA & IBRD countries),2016,2.43892408688207
TEA,East Asia & Pacific (IDA & IBRD countries),2017,2.97917098640468
TEA,East Asia & Pacific (IDA & IBRD countries),2018,3.74065383086987
TEA,East Asia & Pacific (IDA & IBRD countries),2019,1.28670040766232
TEA,East Asia & Pacific (IDA & IBRD countries),2020,1.22360923994052
TEA,East Asia & Pacific (IDA & IBRD countries),2021,4.55232657897571
TEA,East Asia & Pacific (IDA & IBRD countries),2022,5.63837728809762
TEA,East Asia & Pacific (IDA & IBRD countries),2023,4.09957635834306
TEC,Europe & Central Asia (IDA & IBRD countries),2000,25.3131431205105
TEC,Europe & Central Asia (IDA & IBRD countries),2001,10.1786742562821
TEC,Europe & Central Asia (IDA & IBRD countries),2002,5.52848268747924
TEC,Europe & Central Asia (IDA & IBRD countries),2003,8.2425569788367
TEC,Europe & Central Asia (IDA & IBRD countries),2004,8.28117532269766
TEC,Europe & Central Asia (IDA & IBRD countries),2005,7.53186262009364
TEC,Europe & Central Asia (IDA & IBRD countries),2006,10.3567699439691
TEC,Europe & Central Asia (IDA & IBRD countries),2007,11.9620669564471
TEC,Europe & Central Asia (IDA & IBRD countries),2008,10.8192404902347
TEC,Europe & Central Asia (IDA & IBRD countries),2009,3.88764838548563
TEC,Europe & Central Asia (IDA & IBRD countries),2010,7.00928360259741
TEC,Europe & Central Asia (IDA & IBRD countries),2011,8.20084709330651
TEC,Europe & Central Asia (IDA & IBRD countries),2012,4.78556981066754
TEC,Europe & Central Asia (IDA & IBRD countries),2013,3.17518813604272
TEC,Europe & Central Asia (IDA & IBRD countries),2014,2.30918242990974
TEC,Europe & Central Asia (IDA & IBRD countries),2015,2.21957293262733
TEC,Europe & Central Asia (IDA & IBRD countries),2016,2.84422269802643
TEC,Europe & Central Asia (IDA & IBRD countries),2017,4.81312131224342
TEC,Europe & Central Asia (IDA & IBRD countries),2018,3.44744511589256
TEC,Europe & Central Asia (IDA & IBRD countries),2019,3.65868395013121
TEC,Europe & Central Asia (IDA & IBRD countries),2020,2.6493593974983
TEC,Europe & Central Asia (IDA & IBRD countries),2021,6.90051365787157
TEC,Europe & Central Asia (IDA & IBRD countries),2022,12.0919624576312
TEC,Europe & Central Asia (IDA & IBRD countries),2023,7.98419924336682
TGO,Togo,2000,10.0494567461461
TGO,Togo,2001,1.63405347420718
TGO,Togo,2002,5.02785556565668
TGO,Togo,2003,-2.89310698803745
TGO,Togo,2004,-1.90788897317589
TGO,Togo,2005,5.87615776622891
TGO,Togo,2006,-0.508763232978126
TGO,Togo,2007,4.96379216848348
TGO,Togo,2008,9.07419890830103
TGO,Togo,2009,3.11722996127335
TGO,Togo,2010,-0.0933359947250096
TGO,Togo,2011,2.81959506363634
TGO,Togo,2012,1.75039252974665
TGO,Togo,2013,1.68327590063203
TGO,Togo,2014,0.479875773843148
TGO,Togo,2015,2.20271127261411
TGO,Togo,2016,1.45776475423236
TGO,Togo,2017,-0.88495153357762
TGO,Togo,2018,0.454262222511389
TGO,Togo,2019,0.01194354395939
TGO,Togo,2020,1.93311361980237
TGO,Togo,2021,2.46636746396649
TGO,Togo,2022,4.15581315078867
TGO,Togo,2023,2.59456529883668
THA,Thailand,2000,1.33104995932025
THA,Thailand,2001,1.91753224493053
THA,Thailand,2002,1.69045805604154
THA,Thailand,2003,2.1495490160917
THA,Thailand,2004,3.56925942602997
THA,Thailand,2005,5.09155618304895
THA,Thailand,2006,5.1042132730291
THA,Thailand,2007,2.47333774189036
THA,Thailand,2008,5.13378035159961
THA,Thailand,2009,0.194772130958171
THA,Thailand,2010,4.08098922673743
THA,Thailand,2011,3.7430981204437
THA,Thailand,2012,1.90914444199674
THA,Thailand,2013,1.77874589235417
THA,Thailand,2014,1.44146536528029
THA,Thailand,2015,0.722113573412514
THA,Thailand,2016,2.63616761998928
THA,Thailand,2017,1.8999449899777
THA,Thailand,2018,1.42858616420727
THA,Thailand,2019,1.01442340642497
THA,Thailand,2020,-1.29877505741581
THA,Thailand,2021,1.77107226345396
THA,Thailand,2022,4.76699578735654
THA,Thailand,2023,1.22023811822058
TJK,Tajikistan,2000,22.631873605948
TJK,Tajikistan,2001,30.947706315931
TJK,Tajikistan,2002,18.8197026147069
TJK,Tajikistan,2003,27.0864689117309
TJK,Tajikistan,2004,17.4315785210811
TJK,Tajikistan,2005,9.51432466210065
TJK,Tajikistan,2006,21.0624388683286
TJK,Tajikistan,2007,27.2380030941036
TJK,Tajikistan,2008,28.1634875601911
TJK,Tajikistan,2009,12.1262014941935
TJK,Tajikistan,2010,12.4616677349709
TJK,Tajikistan,2011,13.3243555693147
TJK,Tajikistan,2012,11.8685155888293
TJK,Tajikistan,2013,3.63300945054496
TJK,Tajikistan,2014,4.76666135833671
TJK,Tajikistan,2015,6.86625094979701
TJK,Tajikistan,2016,0.541389756844993
TJK,Tajikistan,2017,9.80546714084267
TJK,Tajikistan,2018,2.49222755648458
TJK,Tajikistan,2019,3.65868395013121
TJK,Tajikistan,2020,1.65596010469615
TJK,Tajikistan,2021,10.0445095549154
TJK,Tajikistan,2022,8.26227281475744
TJK,Tajikistan,2023,2.18821998125314
TKM,Turkmenistan,2000,23.4645481936837
TKM,Turkmenistan,2001,32.3148627412749
TKM,Turkmenistan,2002,25.1531001485651
TKM,Turkmenistan,2003,27.1543298649025
TKM,Turkmenistan,2004,18.3477638214348
TKM,Turkmenistan,2005,7.02679084259007
TKM,Turkmenistan,2006,12.249959293056
TKM,Turkmenistan,2007,9.26934465401983
TKM,Turkmenistan,2008,59.7403855468372
TKM,Turkmenistan,2009,9.76101613509299
TKM,Turkmenistan,2010,2.30608815331743
TKM,Turkmenistan,2011,12.8574543671204
TKM,Turkmenistan,2012,8.27008408241873
TKM,Turkmenistan,2013,1.15244583252145
TKM,Turkmenistan,2014,0.669180966750076
TKM,Turkmenistan,2015,-5.15329778752206
TKM,Turkmenistan,2016,-4.86560287903114
TKM,Turkmenistan,2017,-1.54244268478659
TKM,Turkmenistan,2018,1.21087594013873
TKM,Turkmenistan,2019,4.38275226849976
TKM,Turkmenistan,2020,-4.34974180757671
TKM,Turkmenistan,2021,2.77178000998204
TKM,Turkmenistan,2022,11.0418828298503
TKM,Turkmenistan,2023,-3.2837127112537
TLA,Latin America & the Caribbean (IDA & IBRD countries),2000,5.60606514085735
TLA,Latin America & the Caribbean (IDA & IBRD countries),2001,4.27714698160932
TLA,Latin America & the Caribbean (IDA & IBRD countries),2002,3.47602085514819
TLA,Latin America & the Caribbean (IDA & IBRD countries),2003,5.33107719750952
TLA,Latin America & the Caribbean (IDA & IBRD countries),2004,7.02476170687822
TLA,Latin America & the Caribbean (IDA & IBRD countries),2005,6.66772455718578
TLA,Latin America & the Caribbean (IDA & IBRD countries),2006,6.77427411913297
TLA,Latin America & the Caribbean (IDA & IBRD countries),2007,6.62550716828601
TLA,Latin America & the Caribbean (IDA & IBRD countries),2008,8.7785527236756
TLA,Latin America & the Caribbean (IDA & IBRD countries),2009,3.60017527305328
TLA,Latin America & the Caribbean (IDA & IBRD countries),2010,5.58059737402084
TLA,Latin America & the Caribbean (IDA & IBRD countries),2011,5.79618847204975
TLA,Latin America & the Caribbean (IDA & IBRD countries),2012,4.54221493776905
TLA,Latin America & the Caribbean (IDA & IBRD countries),2013,2.92309825170382
TLA,Latin America & the Caribbean (IDA & IBRD countries),2014,2.43244108501779
TLA,Latin America & the Caribbean (IDA & IBRD countries),2015,2.89623994561317
TLA,Latin America & the Caribbean (IDA & IBRD countries),2016,2.67571827706805
TLA,Latin America & the Caribbean (IDA & IBRD countries),2017,3.64352138690504
TLA,Latin America & the Caribbean (IDA & IBRD countries),2018,2.23494687277949
TLA,Latin America & the Caribbean (IDA & IBRD countries),2019,2.76448783843382
TLA,Latin America & the Caribbean (IDA & IBRD countries),2020,1.84282304408084
TLA,Latin America & the Caribbean (IDA & IBRD countries),2021,4.75974433357869
TLA,Latin America & the Caribbean (IDA & IBRD countries),2022,6.82104951744238
TLA,Latin America & the Caribbean (IDA & IBRD countries),2023,4.5594542173226
TLS,Timor-Leste,2000,2.99889591177187
TLS,Timor-Leste,2001,11.8340283174281
TLS,Timor-Leste,2002,5.39203771110913
TLS,Timor-Leste,2003,6.80044175915803
TLS,Timor-Leste,2004,-10.4851308048803
TLS,Timor-Leste,2005,1.83747719818945
TLS,Timor-Leste,2006,2.38059845195224
TLS,Timor-Leste,2007,8.47751518449822
TLS,Timor-Leste,2008,7.25676387978855
TLS,Timor-Leste,2009,1.76512587619911
TLS,Timor-Leste,2010,10.9637989502854
TLS,Timor-Leste,2011,11.5656732746114
TLS,Timor-Leste,2012,6.1604670783707
TLS,Timor-Leste,2013,16.6427681770437
TLS,Timor-Leste,2014,-0.72805110472585
TLS,Timor-Leste,2015,7.20272656720353
TLS,Timor-Leste,2016,0.141367073258863
TLS,Timor-Leste,2017,-0.212799455428609
TLS,Timor-Leste,2018,-1.36269499343967
TLS,Timor-Leste,2019,5.16428345869988
TLS,Timor-Leste,2020,-19.2266531049002
TLS,Timor-Leste,2021,59.0838497110713
TLS,Timor-Leste,2022,11.4585263071185
TLS,Timor-Leste,2023,-20.8334380271277
TMN,Middle East & North Africa (IDA & IBRD countries),2000,9.70098596983003
TMN,Middle East & North Africa (IDA & IBRD countries),2001,2.74820045370649
TMN,Middle East & North Africa (IDA & IBRD countries),2002,3.16557906750616
TMN,Middle East & North Africa (IDA & IBRD countries),2003,6.77749360613839
TMN,Middle East & North Africa (IDA & IBRD countries),2004,11.4465037894298
TMN,Middle East & North Africa (IDA & IBRD countries),2005,11.9504489708053
TMN,Middle East & North Africa (IDA & IBRD countries),2006,10.6494515467628
TMN,Middle East & North Africa (IDA & IBRD countries),2007,7.09551578753664
TMN,Middle East & North Africa (IDA & IBRD countries),2008,15.9501259770903
TMN,Middle East & North Africa (IDA & IBRD countries),2009,-0.452558780552764
TMN,Middle East & North Africa (IDA & IBRD countries),2010,10.1068646295721
TMN,Middle East & North Africa (IDA & IBRD countries),2011,11.6629763507332
TMN,Middle East & North Africa (IDA & IBRD countries),2012,5.98193050372183
TMN,Middle East & North Africa (IDA & IBRD countries),2013,4.50027018979038
TMN,Middle East & North Africa (IDA & IBRD countries),2014,2.44784411201879
TMN,Middle East & North Africa (IDA & IBRD countries),2015,2.67134371331224
TMN,Middle East & North Africa (IDA & IBRD countries),2016,1.1659452549003
TMN,Middle East & North Africa (IDA & IBRD countries),2017,4.8259464942787
TMN,Middle East & North Africa (IDA & IBRD countries),2018,7.04467101748188
TMN,Middle East & North Africa (IDA & IBRD countries),2019,4.1352478990478
TMN,Middle East & North Africa (IDA & IBRD countries),2020,3.97737193212916
TMN,Middle East & North Africa (IDA & IBRD countries),2021,24.9972714331264
TMN,Middle East & North Africa (IDA & IBRD countries),2022,24.9725481827151
TMN,Middle East & North Africa (IDA & IBRD countries),2023,4.56452579428684
TON,Tonga,2000,2.63973272434666
TON,Tonga,2001,4.02071928409904
TON,Tonga,2002,7.61930034121107
TON,Tonga,2003,11.3997048992014
TON,Tonga,2004,8.40895777293549
TON,Tonga,2005,8.25224653875016
TON,Tonga,2006,18.2436676645624
TON,Tonga,2007,4.4067477359236
TON,Tonga,2008,4.43244325889145
TON,Tonga,2009,4.90887981438752
TON,Tonga,2010,7.72157994907818
TON,Tonga,2011,0.475221374667939
TON,Tonga,2012,4.28459194493769
TON,Tonga,2013,-2.29125163479002
TON,Tonga,2014,0.0415389306808009
TON,Tonga,2015,5.20195788917211
TON,Tonga,2016,2.97355538261547
TON,Tonga,2017,5.57528645959195
TON,Tonga,2018,4.93734088158944
TON,Tonga,2019,4.72800475373694
TON,Tonga,2020,0.43844596361491
TON,Tonga,2021,2.47456266775067
TON,Tonga,2022,2.07802980858338
TSA,South Asia (IDA & IBRD),2000,4.47243371871953
TSA,South Asia (IDA & IBRD),2001,5.6750614869624
TSA,South Asia (IDA & IBRD),2002,3.92811823441244
TSA,South Asia (IDA & IBRD),2003,3.74605216066744
TSA,South Asia (IDA & IBRD),2004,6.48837810604775
TSA,South Asia (IDA & IBRD),2005,6.29929640524648
TSA,South Asia (IDA & IBRD),2006,7.27989528597466
TSA,South Asia (IDA & IBRD),2007,8.96730676614216
TSA,South Asia (IDA & IBRD),2008,8.52746786015736
TSA,South Asia (IDA & IBRD),2009,6.90236005828176
TSA,South Asia (IDA & IBRD),2010,9.42649662574266
TSA,South Asia (IDA & IBRD),2011,10.7545019906415
TSA,South Asia (IDA & IBRD),2012,8.04948057708798
TSA,South Asia (IDA & IBRD),2013,6.49974244418989
TSA,South Asia (IDA & IBRD),2014,4.92599255707002
TSA,South Asia (IDA & IBRD),2015,3.80941133758956
TSA,South Asia (IDA & IBRD),2016,3.64344397472554
TSA,South Asia (IDA & IBRD),2017,4.18968997658698
TSA,South Asia (IDA & IBRD),2018,3.8630134523573
TSA,South Asia (IDA & IBRD),2019,3.76433258169706
TSA,South Asia (IDA & IBRD),2020,4.32796065240716
TSA,South Asia (IDA & IBRD),2021,7.19536277510807
TSA,South Asia (IDA & IBRD),2022,7.49435251822787
TSA,South Asia (IDA & IBRD),2023,4.89510360030242
TSS,Sub-Saharan Africa (IDA & IBRD countries),2000,8.5066010783456
TSS,Sub-Saharan Africa (IDA & IBRD countries),2001,6.23201251547312
TSS,Sub-Saharan Africa (IDA & IBRD countries),2002,3.61316135426739
TSS,Sub-Saharan Africa (IDA & IBRD countries),2003,5.94683478932345
TSS,Sub-Saharan Africa (IDA & IBRD countries),2004,7.7652785346058
TSS,Sub-Saharan Africa (IDA & IBRD countries),2005,7.50171013084201
TSS,Sub-Saharan Africa (IDA & IBRD countries),2006,7.46134453965777
TSS,Sub-Saharan Africa (IDA & IBRD countries),2007,7.03666107458216
TSS,Sub-Saharan Africa (IDA & IBRD countries),2008,10.1291157206231
TSS,Sub-Saharan Africa (IDA & IBRD countries),2009,3.36037257272762
TSS,Sub-Saharan Africa (IDA & IBRD countries),2010,5.64097124955398
TSS,Sub-Saharan Africa (IDA & IBRD countries),2011,9.19547306727744
TSS,Sub-Saharan Africa (IDA & IBRD countries),2012,5.61835942319506
TSS,Sub-Saharan Africa (IDA & IBRD countries),2013,3.81334835981615
TSS,Sub-Saharan Africa (IDA & IBRD countries),2014,3.08839123897887
TSS,Sub-Saharan Africa (IDA & IBRD countries),2015,2.92789713727939
TSS,Sub-Saharan Africa (IDA & IBRD countries),2016,4.56511461778215
TSS,Sub-Saharan Africa (IDA & IBRD countries),2017,4.80529528782022
TSS,Sub-Saharan Africa (IDA & IBRD countries),2018,4.1041617498425
TSS,Sub-Saharan Africa (IDA & IBRD countries),2019,2.70224724381033
TSS,Sub-Saharan Africa (IDA & IBRD countries),2020,4.28056265157745
TSS,Sub-Saharan Africa (IDA & IBRD countries),2021,5.63049185397639
TSS,Sub-Saharan Africa (IDA & IBRD countries),2022,8.29018747603367
TSS,Sub-Saharan Africa (IDA & IBRD countries),2023,4.73199714247384
TTO,Trinidad and Tobago,2000,12.0431530642792
TTO,Trinidad and Tobago,2001,2.79394763478622
TTO,Trinidad and Tobago,2002,-5.19253491668657
TTO,Trinidad and Tobago,2003,10.4785614283141
TTO,Trinidad and Tobago,2004,8.88422470453017
TTO,Trinidad and Tobago,2005,13.3214257161692
TTO,Trinidad and Tobago,2006,1.72921265884327
TTO,Trinidad and Tobago,2007,12.7518502876051
TTO,Trinidad and Tobago,2008,23.792521003189
TTO,Trinidad and Tobago,2009,-27.6317920499278
TTO,Trinidad and Tobago,2010,12.7333361257462
TTO,Trinidad and Tobago,2011,15.7297032514581
TTO,Trinidad and Tobago,2012,0.344697728081428
TTO,Trinidad and Tobago,2013,1.65391111573305
TTO,Trinidad and Tobago,2014,-0.916060796862865
TTO,Trinidad and Tobago,2015,-8.73361424910222
TTO,Trinidad and Tobago,2016,-0.741516049133921
TTO,Trinidad and Tobago,2017,8.21366055257951
TTO,Trinidad and Tobago,2018,2.68705726829177
TTO,Trinidad and Tobago,2019,-3.81228212859769
TTO,Trinidad and Tobago,2020,-3.79188317365001
TTO,Trinidad and Tobago,2021,19.0933595979048
TTO,Trinidad and Tobago,2022,20.8145233815985
TTO,Trinidad and Tobago,2023,-10.183883266448
TUN,Tunisia,2000,3.28357941152886
TUN,Tunisia,2001,3.91357764557321
TUN,Tunisia,2002,2.28480283262084
TUN,Tunisia,2003,2.68475626739917
TUN,Tunisia,2004,3.35160946012441
TUN,Tunisia,2005,4.17583607671025
TUN,Tunisia,2006,3.83382638659022
TUN,Tunisia,2007,2.12647656280636
TUN,Tunisia,2008,6.34032425229705
TUN,Tunisia,2009,3.02304497058495
TUN,Tunisia,2010,9.46502454900151
TUN,Tunisia,2011,4.57111406039029
TUN,Tunisia,2012,4.66181078103054
TUN,Tunisia,2013,4.50027018979038
TUN,Tunisia,2014,4.66466047449812
TUN,Tunisia,2015,4.2138400764201
TUN,Tunisia,2016,4.93496360110481
TUN,Tunisia,2017,4.71388569389377
TUN,Tunisia,2018,7.92466367014788
TUN,Tunisia,2019,7.13521222424285
TUN,Tunisia,2020,6.80569317573834
TUN,Tunisia,2021,4.51678033390613
TUN,Tunisia,2022,3.05495595357709
TUN,Tunisia,2023,8.88763642233521
TUR,Turkiye,2000,49.3607762430324
TUR,Turkiye,2001,52.9797606802043
TUR,Turkiye,2002,37.5748208317121
TUR,Turkiye,2003,23.2892809893822
TUR,Turkiye,2004,12.427511075424
TUR,Turkiye,2005,7.08541612916396
TUR,Turkiye,2006,9.37620636352707
TUR,Turkiye,2007,6.1997582025374
TUR,Turkiye,2008,12.046153593928
TUR,Turkiye,2009,5.44644910319889
TUR,Turkiye,2010,7.00928360259741
TUR,Turkiye,2011,8.20084709330651
TUR,Turkiye,2012,7.42267328660553
TUR,Turkiye,2013,6.2801096970818
TUR,Turkiye,2014,7.38951863770303
TUR,Turkiye,2015,7.84491693010263
TUR,Turkiye,2016,8.13047807814451
TUR,Turkiye,2017,10.9824216683285
TUR,Turkiye,2018,16.5122765099312
TUR,Turkiye,2019,13.8677568970462
TUR,Turkiye,2020,14.7893415893496
TUR,Turkiye,2021,28.9730004765532
TUR,Turkiye,2022,96.0361986700836
TUR,Turkiye,2023,68.233934158098
TUV,Tuvalu,2000,14.4533616980466
TUV,Tuvalu,2001,3.84615384615385
TUV,Tuvalu,2002,4.83091787439614
TUV,Tuvalu,2003,1.17302052785921
TUV,Tuvalu,2004,5.73643410852713
TUV,Tuvalu,2005,1.49488591660112
TUV,Tuvalu,2006,4.12698412698414
TUV,Tuvalu,2007,-0.833333333333329
TUV,Tuvalu,2008,4.77941176470587
TUV,Tuvalu,2009,1.05263157894737
TUV,Tuvalu,2010,-0.568181818181813
TUV,Tuvalu,2011,1.64133738601822
TUV,Tuvalu,2012,2.17391304347827
TUV,Tuvalu,2013,0.877192982456165
TUV,Tuvalu,2014,7.5
TUV,Tuvalu,2015,3.20315928038613
TUV,Tuvalu,2016,8.16326530612245
TUV,Tuvalu,2017,2.96996222836934
TUV,Tuvalu,2018,7.29559359114998
TUV,Tuvalu,2019,6.43874385090449
TUV,Tuvalu,2020,0.890825244312992
TUV,Tuvalu,2021,4.68476572711678
TUV,Tuvalu,2022,5.54755647980927
TUV,Tuvalu,2023,6.0040987048763
TZA,Tanzania,2000,8.20110424713742
TZA,Tanzania,2001,4.81596921527445
TZA,Tanzania,2002,7.2330306793359
TZA,Tanzania,2003,8.41868264342142
TZA,Tanzania,2004,6.88562313045458
TZA,Tanzania,2005,6.42620252324851
TZA,Tanzania,2006,5.51009528749724
TZA,Tanzania,2007,9.09938952758738
TZA,Tanzania,2008,16.3807546294266
TZA,Tanzania,2009,9.04166245405979
TZA,Tanzania,2010,9.42871625296149
TZA,Tanzania,2011,12.1984228784034
TZA,Tanzania,2012,10.4838939974038
TZA,Tanzania,2013,9.66618357795825
TZA,Tanzania,2014,6.05084588935551
TZA,Tanzania,2015,7.59136402332241
TZA,Tanzania,2016,7.47203366759727
TZA,Tanzania,2017,2.63812393333545
TZA,Tanzania,2018,3.04136223867999
TZA,Tanzania,2019,2.2804089300173
TZA,Tanzania,2020,6.42301399038681
TZA,Tanzania,2021,2.67430327389397
TZA,Tanzania,2022,2.76261483337198
TZA,Tanzania,2023,2.74821189393757
UGA,Uganda,2000,11.1173058824862
UGA,Uganda,2001,4.53447581165479
UGA,Uganda,2002,-3.1695563374238
UGA,Uganda,2003,7.8067408729751
UGA,Uganda,2004,15.5875499834451
UGA,Uganda,2005,-1.74118529180637
UGA,Uganda,2006,2.40562021541911
UGA,Uganda,2007,7.32124731768336
UGA,Uganda,2008,6.36427654779246
UGA,Uganda,2009,85.3532752350575
UGA,Uganda,2010,5.63761163813462
UGA,Uganda,2011,9.39165549203732
UGA,Uganda,2012,3.83745560625658
UGA,Uganda,2013,3.58690582613154
UGA,Uganda,2014,5.10630732385718
UGA,Uganda,2015,5.18785986456285
UGA,Uganda,2016,4.78100029080551
UGA,Uganda,2017,4.64905081962502
UGA,Uganda,2018,4.44338527166425
UGA,Uganda,2019,3.00001181631713
UGA,Uganda,2020,2.72148444149991
UGA,Uganda,2021,2.54511929619305
UGA,Uganda,2022,4.92228673099149
UGA,Uganda,2023,6.74801516641013
UKR,Ukraine,2000,27.5014120289019
UKR,Ukraine,2001,10.200915874305
UKR,Ukraine,2002,5.25374127819229
UKR,Ukraine,2003,8.16433975330762
UKR,Ukraine,2004,15.3107362837374
UKR,Ukraine,2005,24.0960586139239
UKR,Ukraine,2006,14.85249547084
UKR,Ukraine,2007,22.8423440433556
UKR,Ukraine,2008,29.0201144092657
UKR,Ukraine,2009,12.6299289738027
UKR,Ukraine,2010,13.6732282073329
UKR,Ukraine,2011,14.1819086626365
UKR,Ukraine,2012,7.98256111045039
UKR,Ukraine,2013,4.30879343709354
UKR,Ukraine,2014,15.9017375254406
UKR,Ukraine,2015,38.8816797571771
UKR,Ukraine,2016,17.097134924235
UKR,Ukraine,2017,22.0983174978017
UKR,Ukraine,2018,15.3985303493458
UKR,Ukraine,2019,8.24622626771318
UKR,Ukraine,2020,10.2949601365333
UKR,Ukraine,2021,24.8047567705188
UKR,Ukraine,2022,34.9152851391436
UKR,Ukraine,2023,18.4804556382296
UMC,Upper middle income,2000,9.38971354763002
UMC,Upper middle income,2001,6.119229850114
UMC,Upper middle income,2002,5.5023241130699
UMC,Upper middle income,2003,5.62319259054456
UMC,Upper middle income,2004,7.7652785346058
UMC,Upper middle income,2005,7.02679084259007
UMC,Upper middle income,2006,8.84819293265961
UMC,Upper middle income,2007,7.06342171694234
UMC,Upper middle income,2008,9.4074918223814
UMC,Upper middle income,2009,2.2886520447835
UMC,Upper middle income,2010,6.26041691056771
UMC,Upper middle income,2011,6.86607781635307
UMC,Upper middle income,2012,4.10537097679503
UMC,Upper middle income,2013,2.7873578090036
UMC,Upper middle income,2014,2.44995393434078
UMC,Upper middle income,2015,2.225597196259
UMC,Upper middle income,2016,2.84037333962361
UMC,Upper middle income,2017,3.72517272790744
UMC,Upper middle income,2018,3.38351570970698
UMC,Upper middle income,2019,2.42928788594818
UMC,Upper middle income,2020,1.37769394521326
UMC,Upper middle income,2021,6.46020956710567
UMC,Upper middle income,2022,9.56630364653237
UMC,Upper middle income,2023,4.56377769107739
URY,Uruguay,2000,3.53930849282203
URY,Uruguay,2001,4.82661833265487
URY,Uruguay,2002,12.6162766389703
URY,Uruguay,2003,16.5416351537692
URY,Uruguay,2004,10.1050559964877
URY,Uruguay,2005,0.677868373740196
URY,Uruguay,2006,7.41439912975062
URY,Uruguay,2007,10.3149681755111
URY,Uruguay,2008,8.90238857828685
URY,Uruguay,2009,8.6170745452345
URY,Uruguay,2010,5.74685698442181
URY,Uruguay,2011,9.87542024568336
URY,Uruguay,2012,9.41291247372213
URY,Uruguay,2013,8.99924666884517
URY,Uruguay,2014,10.2206566034525
URY,Uruguay,2015,9.85542032172539
URY,Uruguay,2016,8.16545835238871
URY,Uruguay,2017,5.68017140929055
URY,Uruguay,2018,7.52556005706775
URY,Uruguay,2019,8.25633406013463
URY,Uruguay,2020,10.9766432085298
URY,Uruguay,2021,11.1806219609622
URY,Uruguay,2022,4.24465355140362
URY,Uruguay,2023,3.4309701895517
USA,United States,2000,2.26519517669861
USA,United States,2001,2.25168991597403
USA,United States,2002,1.55399465961345
USA,United States,2003,1.9743147047601
USA,United States,2004,2.68908760322005
USA,United States,2005,3.13545455674655
USA,United States,2006,3.08383673352866
USA,United States,2007,2.70925848658695
USA,United States,2008,1.92670969899538
USA,United States,2009,0.61678071512577
USA,United States,2010,1.21528668186946
USA,United States,2011,2.06310947543149
USA,United States,2012,1.8621649281277
USA,United States,2013,1.70188036067233
USA,United States,2014,1.74161805258845
USA,United States,2015,0.928042794757729
USA,United States,2016,0.950322479212474
USA,United States,2017,1.79080328489228
USA,United States,2018,2.29089027694276
USA,United States,2019,1.65046566913496
USA,United States,2020,1.32883273821459
USA,United States,2021,4.56598550261971
USA,United States,2022,7.12948085421044
USA,United States,2023,3.59839135378053
UZB,Uzbekistan,2000,47.2926152132159
UZB,Uzbekistan,2001,45.2394762791821
UZB,Uzbekistan,2002,45.4831275096349
UZB,Uzbekistan,2003,26.7651832011081
UZB,Uzbekistan,2004,15.918274272174
UZB,Uzbekistan,2005,21.4308665644835
UZB,Uzbekistan,2006,23.4658082867024
UZB,Uzbekistan,2007,21.8970999284027
UZB,Uzbekistan,2008,26.791584982816
UZB,Uzbekistan,2009,17.2615651342413
UZB,Uzbekistan,2010,48.5816899500968
UZB,Uzbekistan,2011,21.6265099361492
UZB,Uzbekistan,2012,15.3987947017455
UZB,Uzbekistan,2013,11.9878914787951
UZB,Uzbekistan,2014,14.024917632322
UZB,Uzbekistan,2015,10.5006995149485
UZB,Uzbekistan,2016,8.93036849322681
UZB,Uzbekistan,2017,33.6793703839334
UZB,Uzbekistan,2018,25.8811586348502
UZB,Uzbekistan,2019,17.5760106233835
UZB,Uzbekistan,2020,10.6103382243685
UZB,Uzbekistan,2021,13.6929732776911
UZB,Uzbekistan,2022,14.4626563512753
UZB,Uzbekistan,2023,12.6585380276262
VCT,St. Vincent and the Grenadines,2000,7.76171479001309
VCT,St. Vincent and the Grenadines,2001,6.119229850114
VCT,St. Vincent and the Grenadines,2002,0.206885090368885
VCT,St. Vincent and the Grenadines,2003,-2.17349074233006
VCT,St. Vincent and the Grenadines,2004,3.74722621391517
VCT,St. Vincent and the Grenadines,2005,2.90358439275809
VCT,St. Vincent and the Grenadines,2006,3.7022730777342
VCT,St. Vincent and the Grenadines,2007,7.32641206478715
VCT,St. Vincent and the Grenadines,2008,2.25812236304104
VCT,St. Vincent and the Grenadines,2009,-1.14390723784288
VCT,St. Vincent and the Grenadines,2010,5.58059737402084
VCT,St. Vincent and the Grenadines,2011,-0.318904485659587
VCT,St. Vincent and the Grenadines,2012,1.09274185566588
VCT,St. Vincent and the Grenadines,2013,2.24218127684152
VCT,St. Vincent and the Grenadines,2014,-0.444631190605605
VCT,St. Vincent and the Grenadines,2015,-0.73197382986011
VCT,St. Vincent and the Grenadines,2016,-0.593519522361845
VCT,St. Vincent and the Grenadines,2017,2.17154353020716
VCT,St. Vincent and the Grenadines,2018,1.54854733183845
VCT,St. Vincent and the Grenadines,2019,2.31247061564642
VCT,St. Vincent and the Grenadines,2020,-0.866950860241658
VCT,St. Vincent and the Grenadines,2021,-0.392447955296817
VCT,St. Vincent and the Grenadines,2022,3.40404091410261
VCT,St. Vincent and the Grenadines,2023,4.03314414454677
VEN,"Venezuela, RB",2000,29.4528251104893
VEN,"Venezuela, RB",2001,7.99690405620458
VEN,"Venezuela, RB",2002,33.0228760786371
VEN,"Venezuela, RB",2003,34.9337557387369
VEN,"Venezuela, RB",2004,33.9537243385346
VEN,"Venezuela, RB",2005,29.6040593512976
VEN,"Venezuela, RB",2006,17.9043155490636
VEN,"Venezuela, RB",2007,15.4484777579669
VEN,"Venezuela, RB",2008,30.1324528534352
VEN,"Venezuela, RB",2009,7.83166636002666
VEN,"Venezuela, RB",2010,45.9432686985893
VEN,"Venezuela, RB",2011,28.1491909528854
VEN,"Venezuela, RB",2012,14.0594300642861
VEN,"Venezuela, RB",2013,35.5026746348335
VEN,"Venezuela, RB",2014,40.4404901065548
VIR,Virgin Islands (U.S.),2003,5.96846393096911
VIR,Virgin Islands (U.S.),2004,6.77327476185474
VIR,Virgin Islands (U.S.),2005,12.6907616563095
VIR,Virgin Islands (U.S.),2006,-2.16445000873266
VIR,Virgin Islands (U.S.),2007,2.57652689535308
VIR,Virgin Islands (U.S.),2008,-12.3556809610952
VIR,Virgin Islands (U.S.),2009,5.97567704391486
VIR,Virgin Islands (U.S.),2010,2.31766890279064
VIR,Virgin Islands (U.S.),2011,6.3929376734505
VIR,Virgin Islands (U.S.),2012,13.6632725550557
VIR,Virgin Islands (U.S.),2013,-2.45302713987473
VIR,Virgin Islands (U.S.),2014,-2.90516617398133
VIR,Virgin Islands (U.S.),2015,3.18757755421872
VIR,Virgin Islands (U.S.),2016,2.05180352239177
VIR,Virgin Islands (U.S.),2017,0.634642014315531
VIR,Virgin Islands (U.S.),2018,1.4937415019437
VIR,Virgin Islands (U.S.),2019,2.07837613911349
VIR,Virgin Islands (U.S.),2020,4.305187418871
VIR,Virgin Islands (U.S.),2021,2.80323919722554
VIR,Virgin Islands (U.S.),2022,5.03826726070469
VNM,Viet Nam,2000,3.40882766527606
VNM,Viet Nam,2001,2.62226478436138
VNM,Viet Nam,2002,4.69892816201967
VNM,Viet Nam,2003,7.10960246291481
VNM,Viet Nam,2004,8.43331213209085
VNM,Viet Nam,2005,18.8105195707697
VNM,Viet Nam,2006,8.56894797603766
VNM,Viet Nam,2007,9.63022561216118
VNM,Viet Nam,2008,22.6733161746106
VNM,Viet Nam,2009,6.21562315120568
VNM,Viet Nam,2010,42.3032672488557
VNM,Viet Nam,2011,21.4136792818177
VNM,Viet Nam,2012,9.07766069025038
VNM,Viet Nam,2013,4.03852363752276
VNM,Viet Nam,2014,3.69813796808818
VNM,Viet Nam,2015,-1.71651170749655
VNM,Viet Nam,2016,1.81953592779914
VNM,Viet Nam,2017,4.36292014766431
VNM,Viet Nam,2018,3.62664730027259
VNM,Viet Nam,2019,2.42322694229267
VNM,Viet Nam,2020,1.46747814810814
VNM,Viet Nam,2021,2.88076792900642
VNM,Viet Nam,2022,4.05124231712631
VNM,Viet Nam,2023,1.90623130183931
VUT,Vanuatu,2000,2.17897058141293
VUT,Vanuatu,2001,3.62490552941837
VUT,Vanuatu,2002,2.87442123407229
VUT,Vanuatu,2003,0.798742786184519
VUT,Vanuatu,2004,2.11687819436077
VUT,Vanuatu,2005,0.41954189687101
VUT,Vanuatu,2006,3.8727171595439
VUT,Vanuatu,2007,5.7769601471735
VUT,Vanuatu,2008,7.16457057488044
VUT,Vanuatu,2009,2.55471431211556
VUT,Vanuatu,2010,1.47170880333948
VUT,Vanuatu,2011,2.7869098819283
VUT,Vanuatu,2012,-0.464035692443744
VUT,Vanuatu,2013,3.00718624960781
VUT,Vanuatu,2014,1.3918106721694
VUT,Vanuatu,2015,5.86381979755184
VUT,Vanuatu,2016,1.57698407705098
VUT,Vanuatu,2017,5.36408692920448
VUT,Vanuatu,2018,3.20664527462094
VUT,Vanuatu,2019,3.27936283046665
VUT,Vanuatu,2020,2.78534184329737
VUT,Vanuatu,2021,0.699715546543558
VUT,Vanuatu,2022,11.2255171861908
VUT,Vanuatu,2023,11.3100213269124
WLD,World,2000,4.93680801156091
WLD,World,2001,3.94179410350442
WLD,World,2002,3.55421325456054
WLD,World,2003,3.97456242996095
WLD,World,2004,5.6294038488258
WLD,World,2005,5.78125184255489
WLD,World,2006,5.80766087330477
WLD,World,2007,5.84689231193522
WLD,World,2008,7.85564891122797
WLD,World,2009,2.16939170451238
WLD,World,2010,4.37192438013754
WLD,World,2011,5.45376406615243
WLD,World,2012,3.60643426874947
WLD,World,2013,2.2557454257814
WLD,World,2014,1.9309138942516
WLD,World,2015,2.29263492397251
WLD,World,2016,1.85408723431426
WLD,World,2017,2.97029702970298
WLD,World,2018,2.80249234629785
WLD,World,2019,2.39413942110887
WLD,World,2020,1.85459318425899
WLD,World,2021,4.6247133783946
WLD,World,2022,7.18712218501408
WLD,World,2023,4.75854916721366
WSM,Samoa,2000,2.07489862101478
WSM,Samoa,2001,3.36684864796393
WSM,Samoa,2002,1.48135158713414
WSM,Samoa,2003,2.54749820051703
WSM,Samoa,2004,7.0727591038912
WSM,Samoa,2005,3.99513339074883
WSM,Samoa,2006,5.27411064845734
WSM,Samoa,2007,7.48868949405777
WSM,Samoa,2008,9.11982488742804
WSM,Samoa,2009,1.67772403527178
WSM,Samoa,2010,-5.14594346625773
WSM,Samoa,2011,-0.909859896408477
WSM,Samoa,2012,4.02647526320095
WSM,Samoa,2013,2.34629009874605
WSM,Samoa,2014,0.853113222017427
WSM,Samoa,2015,3.96466639608224
WSM,Samoa,2016,2.24475651909437
WSM,Samoa,2017,0.304905422515247
WSM,Samoa,2018,1.09758340635358
WSM,Samoa,2019,1.49948619479095
WSM,Samoa,2020,1.22360923994052
WSM,Samoa,2021,-0.401252917375643
WSM,Samoa,2022,5.63837728809762
WSM,Samoa,2023,8.71088435704601
XKX,Kosovo,2009,-2.83312999171889
XKX,Kosovo,2010,6.39240138953099
XKX,Kosovo,2011,6.30376606515529
XKX,Kosovo,2012,3.52540286006931
XKX,Kosovo,2013,0.353127123761723
XKX,Kosovo,2014,1.60143890288818
XKX,Kosovo,2015,0.607840658633862
XKX,Kosovo,2016,0.779254169265613
XKX,Kosovo,2017,0.440019143256507
XKX,Kosovo,2018,1.49891925129965
XKX,Kosovo,2019,0.962960139069509
XKX,Kosovo,2020,1.38110717217515
XKX,Kosovo,2021,6.11553993082821
XKX,Kosovo,2022,7.1987107549258
XKX,Kosovo,2023,4.56377769107739
YEM,"Yemen, Rep.",2000,23.3460519238341
YEM,"Yemen, Rep.",2001,2.74820045370649
YEM,"Yemen, Rep.",2002,8.71188048361509
YEM,"Yemen, Rep.",2003,10.8923428389302
YEM,"Yemen, Rep.",2004,14.1133199884498
YEM,"Yemen, Rep.",2005,18.5333535518157
YEM,"Yemen, Rep.",2006,13.588647275421
YEM,"Yemen, Rep.",2007,10.8882824348502
YEM,"Yemen, Rep.",2008,20.377746235765
YEM,"Yemen, Rep.",2009,-8.70527002029664
YEM,"Yemen, Rep.",2010,23.6162920182449
YEM,"Yemen, Rep.",2011,18.1136666696716
YEM,"Yemen, Rep.",2012,5.89315892251292
YEM,"Yemen, Rep.",2013,9.20895704915077
YEM,"Yemen, Rep.",2014,7.16332422002795
YEM,"Yemen, Rep.",2015,46.4762512255778
YEM,"Yemen, Rep.",2016,0.134410844260984
YEM,"Yemen, Rep.",2017,18.5535661652076
YEM,"Yemen, Rep.",2018,14.8536647661831
ZAF,South Africa,2000,9.18219141567356
ZAF,South Africa,2001,7.80047496305909
ZAF,South Africa,2002,12.537957905723
ZAF,South Africa,2003,6.39576358713289
ZAF,South Africa,2004,6.042171590455
ZAF,South Africa,2005,5.59700978064043
ZAF,South Africa,2006,6.06463701450308
ZAF,South Africa,2007,8.24576476611674
ZAF,South Africa,2008,7.85033172851331
ZAF,South Africa,2009,8.6630418315964
ZAF,South Africa,2010,6.12843243160444
ZAF,South Africa,2011,5.53905643151262
ZAF,South Africa,2012,4.68520638813985
ZAF,South Africa,2013,5.84411140067347
ZAF,South Africa,2014,5.36654618468381
ZAF,South Africa,2015,5.54552812339873
ZAF,South Africa,2016,6.9521719608848
ZAF,South Africa,2017,5.47332197481477
ZAF,South Africa,2018,3.99329508509443
ZAF,South Africa,2019,4.61352469052481
ZAF,South Africa,2020,5.3913943350576
ZAF,South Africa,2021,6.53869058287115
ZAF,South Africa,2022,4.99247138395964
ZAF,South Africa,2023,4.80427142532388
ZMB,Zambia,2000,32.6138705117288
ZMB,Zambia,2001,25.3312584622414
ZMB,Zambia,2002,19.390923266941
ZMB,Zambia,2003,17.6077236839923
ZMB,Zambia,2004,19.7168232055938
ZMB,Zambia,2005,16.6501990728872
ZMB,Zambia,2006,14.5422526759543
ZMB,Zambia,2007,12.9702107335817
ZMB,Zambia,2008,10.6402448170694
ZMB,Zambia,2009,5.55968566025587
ZMB,Zambia,2010,13.9509131934519
ZMB,Zambia,2011,11.1074132686175
ZMB,Zambia,2012,6.99222724900214
ZMB,Zambia,2013,9.73089122030567
ZMB,Zambia,2014,5.44052458126617
ZMB,Zambia,2015,6.65929211357343
ZMB,Zambia,2016,13.5761011694227
ZMB,Zambia,2017,10.0728370854916
ZMB,Zambia,2018,7.41157094843257
ZMB,Zambia,2019,7.63347048076743
ZMB,Zambia,2020,13.9138706178858
ZMB,Zambia,2021,25.1427776148297
ZMB,Zambia,2022,6.14031838965083
ZMB,Zambia,2023,7.09462960303757
ZWE,Zimbabwe,2000,0.627900021035586
ZWE,Zimbabwe,2001,-0.130890211660429
ZWE,Zimbabwe,2002,2.71295029474732
ZWE,Zimbabwe,2003,8.80127560706312
ZWE,Zimbabwe,2004,7.61152431608578
ZWE,Zimbabwe,2005,5.13660110663395
ZWE,Zimbabwe,2006,-2.0176787072881
ZWE,Zimbabwe,2007,0.894886823303793
ZWE,Zimbabwe,2008,1.34922252949015
ZWE,Zimbabwe,2009,95.4086596679546
ZWE,Zimbabwe,2010,2.57553601961588
ZWE,Zimbabwe,2011,2.17176103182936
ZWE,Zimbabwe,2012,4.85594551850788
ZWE,Zimbabwe,2013,8.09114024983452
ZWE,Zimbabwe,2014,0.624974485152464
ZWE,Zimbabwe,2015,0.367419652771034
ZWE,Zimbabwe,2016,2.01409473434026
ZWE,Zimbabwe,2017,199.324940858088
ZWE,Zimbabwe,2018,3.55429024176341
ZWE,Zimbabwe,2019,225.394648207397
ZWE,Zimbabwe,2020,604.945864228018
ZWE,Zimbabwe,2021,113.294980646573
ZWE,Zimbabwe,2022,266.987151680516
ZWE,Zimbabwe,2023,921.535651645931
